ISO-10303-21;
HEADER;
FILE_DESCRIPTION (( 'STEP AP214' ),
    '1' );
FILE_NAME ('Case.STEP',
    '2026-07-11T12:46:03',
    ( '' ),
    ( '' ),
    'SwSTEP 2.0',
    'SolidWorks 2019',
    '' );
FILE_SCHEMA (( 'AUTOMOTIVE_DESIGN' ));
ENDSEC;

DATA;
#1 = CARTESIAN_POINT ( 'NONE',  ( 3.392552926481702258, 7.331719794327645978, 3.319999999999998952 ) ) ;
#2 = ADVANCED_FACE ( 'NONE', ( #2473 ), #7095, .T. ) ;
#3 = ORIENTED_EDGE ( 'NONE', *, *, #4369, .T. ) ;
#4 = LINE ( 'NONE', #7471, #6873 ) ;
#5 = CARTESIAN_POINT ( 'NONE',  ( 1.935927925857843235, -8.007965686274506112, 3.319999999999999840 ) ) ;
#6 = ORIENTED_EDGE ( 'NONE', *, *, #1857, .T. ) ;
#7 = CARTESIAN_POINT ( 'NONE',  ( 4.599909338284354554, -0.1377398732530867864, 3.320000000000000728 ) ) ;
#8 = CARTESIAN_POINT ( 'NONE',  ( 1.783049216106233459, -4.118650085118031434, 3.720000000000001084 ) ) ;
#9 = CARTESIAN_POINT ( 'NONE',  ( 2.628261615045362820, 3.855353856323473494, 3.319999999999999840 ) ) ;
#10 = CARTESIAN_POINT ( 'NONE',  ( -2.400000000000004352, 16.60000000000000142, 2.720000000000000195 ) ) ;
#11 = CARTESIAN_POINT ( 'NONE',  ( -5.300000000000004263, -13.90000000000000391, 1.180000000000000160 ) ) ;
#12 = CARTESIAN_POINT ( 'NONE',  ( 2.793941042246974593, 8.791575155795523955, 3.319999999999999840 ) ) ;
#13 = EDGE_CURVE ( 'NONE', #1555, #1762, #1320, .T. ) ;
#14 = ORIENTED_EDGE ( 'NONE', *, *, #670, .T. ) ;
#15 = VERTEX_POINT ( 'NONE', #182 ) ;
#16 = CARTESIAN_POINT ( 'NONE',  ( 2.508873867356993692, -4.154579404831865830, 3.320000000000000284 ) ) ;
#17 = DIRECTION ( 'NONE',  ( 1.000000000000000000, 0.000000000000000000, 0.000000000000000000 ) ) ;
#18 = CARTESIAN_POINT ( 'NONE',  ( 13.49999999999999645, 10.70000000000000107, 3.520000000000008455 ) ) ;
#19 = EDGE_CURVE ( 'NONE', #5017, #3665, #1626, .T. ) ;
#20 = ORIENTED_EDGE ( 'NONE', *, *, #6156, .F. ) ;
#21 = PLANE ( 'NONE',  #3891 ) ;
#22 = CARTESIAN_POINT ( 'NONE',  ( 0.4630616638097364568, -11.11104553241502479, 3.719999999999999751 ) ) ;
#23 = EDGE_CURVE ( 'NONE', #2759, #2916, #835, .T. ) ;
#24 = CARTESIAN_POINT ( 'NONE',  ( -11.70000000000000462, 16.40000000000000213, 3.720000000000000195 ) ) ;
#25 = CARTESIAN_POINT ( 'NONE',  ( -0.3803387260041215523, -10.45364201701480056, 3.719999999999998863 ) ) ;
#26 = ORIENTED_EDGE ( 'NONE', *, *, #268, .T. ) ;
#27 = CARTESIAN_POINT ( 'NONE',  ( 3.595964893866836043, -5.878541142941905662, 3.319999999999999396 ) ) ;
#28 = ADVANCED_FACE ( 'NONE', ( #3245 ), #143, .F. ) ;
#29 = CARTESIAN_POINT ( 'NONE',  ( -4.400000000000001243, -3.700000000000000178, 2.720000000000000195 ) ) ;
#30 = ORIENTED_EDGE ( 'NONE', *, *, #312, .F. ) ;
#31 = EDGE_LOOP ( 'NONE', ( #4518, #2063, #972, #2596 ) ) ;
#32 = CIRCLE ( 'NONE', #1075, 0.2999999999999999334 ) ;
#33 = FACE_OUTER_BOUND ( 'NONE', #584, .T. ) ;
#34 = FACE_OUTER_BOUND ( 'NONE', #3380, .T. ) ;
#35 =( NAMED_UNIT ( * ) SI_UNIT ( $, .STERADIAN. ) SOLID_ANGLE_UNIT ( ) );
#36 = LINE ( 'NONE', #3880, #7084 ) ;
#37 = FACE_OUTER_BOUND ( 'NONE', #3298, .T. ) ;
#38 = DIRECTION ( 'NONE',  ( -0.000000000000000000, 0.000000000000000000, 1.000000000000000000 ) ) ;
#39 = AXIS2_PLACEMENT_3D ( 'NONE', #4094, #5269, #4735 ) ;
#40 = VERTEX_POINT ( 'NONE', #667 ) ;
#41 = CARTESIAN_POINT ( 'NONE',  ( -13.30000000000000426, -3.700000000000000178, 1.200000000000000178 ) ) ;
#42 = DIRECTION ( 'NONE',  ( 0.000000000000000000, -0.000000000000000000, -1.000000000000000000 ) ) ;
#43 = VERTEX_POINT ( 'NONE', #3162 ) ;
#44 = DIRECTION ( 'NONE',  ( 0.000000000000000000, 0.000000000000000000, 1.000000000000000000 ) ) ;
#45 = CARTESIAN_POINT ( 'NONE',  ( -0.4148385620766564807, -5.095074423745654890, 3.720000000000000639 ) ) ;
#46 = B_SPLINE_SURFACE_WITH_KNOTS ( 'NONE', 3, 1, ( 
 ( #3331, #4510 ),
 ( #1411, #2720 ),
 ( #1986, #6962 ),
 ( #1366, #5819 ),
 ( #3908, #5126 ),
 ( #3861, #2676 ),
 ( #2028, #5734 ),
 ( #6350, #5208 ),
 ( #758, #6391 ),
 ( #3291, #5777 ),
 ( #187, #5167 ),
 ( #2073, #271 ),
 ( #7042, #3946 ),
 ( #7697, #2110 ),
 ( #7080, #3985 ),
 ( #886, #3379 ),
 ( #5861, #2755 ),
 ( #5246, #7733 ),
 ( #2147, #4630 ) ),
 .UNSPECIFIED., .F., .F., .F.,
 ( 4, 1, 1, 1, 1, 1, 1, 1, 1, 1, 1, 1, 1, 1, 1, 1, 4 ),
 ( 2, 2 ),
 ( 0.000000000000000000, 0.07801658241315506670, 0.1520108989696595247, 0.2235235135621239655, 0.2913608410231869339, 0.3557436233543372350, 0.4173412190993510129, 0.4756446101987400477, 0.5316386042055216699, 0.5858325707155116469, 0.6390406953663660961, 0.6926000062315468275, 0.7470606306267160157, 0.8037278171866862886, 0.8639649962929041305, 0.9293068567077238384, 0.9999999999999998890 ),
 ( 0.000000000000000000, 1.000000000000000000 ),
 .UNSPECIFIED. ) ;
#47 = CARTESIAN_POINT ( 'NONE',  ( 0.000000000000000000, 17.60000000000000142, 3.520000000000001350 ) ) ;
#48 = DIRECTION ( 'NONE',  ( -1.084202172485504434E-16, -1.000000000000000000, 0.000000000000000000 ) ) ;
#49 = EDGE_CURVE ( 'NONE', #2088, #2816, #5812, .T. ) ;
#50 = VECTOR ( 'NONE', #1595, 1000.000000000000000 ) ;
#51 = CARTESIAN_POINT ( 'NONE',  ( 0.2161872585927955281, 7.010976821104362600, 3.319999999999999840 ) ) ;
#52 = LINE ( 'NONE', #92, #5375 ) ;
#53 = B_SPLINE_SURFACE_WITH_KNOTS ( 'NONE', 3, 1, ( 
 ( #8032, #607 ),
 ( #4893, #1803 ),
 ( #1759, #3595 ),
 ( #4251, #2453 ),
 ( #6780, #3105 ),
 ( #2337, #6853 ),
 ( #6128, #5585 ),
 ( #4817, #6740 ),
 ( #1, #3639 ),
 ( #7995, #6244 ),
 ( #2490, #2413 ),
 ( #4935, #4972 ),
 ( #1878, #1262 ),
 ( #3761, #7310 ),
 ( #1718, #6973 ),
 ( #7627, #5710 ),
 ( #3305, #5622 ),
 ( #4484, #3182 ),
 ( #79, #7507 ) ),
 .UNSPECIFIED., .F., .F., .F.,
 ( 4, 1, 1, 1, 1, 1, 1, 1, 1, 1, 1, 1, 1, 1, 1, 1, 4 ),
 ( 2, 2 ),
 ( 0.000000000000000000, 0.07149656788989849909, 0.1372347993065047012, 0.1988748477493302025, 0.2572054886636671589, 0.3135581160319536043, 0.3694722243070940326, 0.4248811919614345345, 0.4816446580183228465, 0.5394105037031807770, 0.5988117855067707218, 0.6604311747885501793, 0.7247911273548536260, 0.7911318479775065748, 0.8588418682783206526, 0.9285850992271064142, 1.000000000000000000 ),
 ( 0.000000000000000000, 1.000000000000000000 ),
 .UNSPECIFIED. ) ;
#54 = VERTEX_POINT ( 'NONE', #7608 ) ;
#55 = VERTEX_POINT ( 'NONE', #6993 ) ;
#56 = CARTESIAN_POINT ( 'NONE',  ( 3.821813725490196045, 6.334980085784317261, 3.319999999999999840 ) ) ;
#57 = DIRECTION ( 'NONE',  ( -1.000000000000000000, -0.000000000000000000, -0.000000000000000000 ) ) ;
#58 = VECTOR ( 'NONE', #276, 1000.000000000000000 ) ;
#59 = PLANE ( 'NONE',  #888 ) ;
#60 = EDGE_CURVE ( 'NONE', #3489, #5536, #6387, .T. ) ;
#61 = DIRECTION ( 'NONE',  ( -1.000000000000000000, 0.000000000000000000, 0.000000000000000000 ) ) ;
#62 = CARTESIAN_POINT ( 'NONE',  ( 4.586843293064019278, 0.1418934705591342882, 3.720000000000000639 ) ) ;
#63 = DIRECTION ( 'NONE',  ( 1.000000000000000000, 0.000000000000000000, 0.000000000000000000 ) ) ;
#64 = DIRECTION ( 'NONE',  ( 0.000000000000000000, -0.000000000000000000, 1.000000000000000000 ) ) ;
#65 = EDGE_CURVE ( 'NONE', #192, #2166, #1605, .T. ) ;
#66 = CARTESIAN_POINT ( 'NONE',  ( 1.951734834558823461, -5.284313725490193292, 3.719999999999998863 ) ) ;
#67 = VERTEX_POINT ( 'NONE', #266 ) ;
#68 = CARTESIAN_POINT ( 'NONE',  ( 3.270389720786871735, -5.577158578375275511, 3.319999999999998952 ) ) ;
#69 = CARTESIAN_POINT ( 'NONE',  ( 1.951734834558823239, 7.711397058823532547, 3.720000000000001084 ) ) ;
#70 = VECTOR ( 'NONE', #4730, 1000.000000000000000 ) ;
#71 = ORIENTED_EDGE ( 'NONE', *, *, #524, .T. ) ;
#72 = VERTEX_POINT ( 'NONE', #5355 ) ;
#73 = EDGE_CURVE ( 'NONE', #5522, #3126, #1569, .T. ) ;
#74 = CARTESIAN_POINT ( 'NONE',  ( -13.50000000000000355, -15.80000000000000071, 3.520000000000001350 ) ) ;
#75 = FACE_OUTER_BOUND ( 'NONE', #6139, .T. ) ;
#76 = DIRECTION ( 'NONE',  ( 0.000000000000000000, 0.000000000000000000, 1.000000000000000000 ) ) ;
#77 = CARTESIAN_POINT ( 'NONE',  ( 4.599771926949995482, -0.2241004973256953414, 3.319999999999999840 ) ) ;
#78 = CARTESIAN_POINT ( 'NONE',  ( 2.717426679218164498, 5.049107593218783663, 3.720000000000001528 ) ) ;
#79 = CARTESIAN_POINT ( 'NONE',  ( 1.951734834558823461, 7.711397058823533435, 3.320000000000000284 ) ) ;
#80 = VECTOR ( 'NONE', #6377, 1000.000000000000000 ) ;
#81 = VERTEX_POINT ( 'NONE', #4671 ) ;
#82 = DIRECTION ( 'NONE',  ( 1.000000000000000000, 0.000000000000000000, 0.000000000000000000 ) ) ;
#83 = CARTESIAN_POINT ( 'NONE',  ( 0.9752670516640307152, 8.793861687721383547, 3.719999999999999307 ) ) ;
#84 = VERTEX_POINT ( 'NONE', #6547 ) ;
#85 = CARTESIAN_POINT ( 'NONE',  ( -12.50000000000000178, -3.700000000000000178, 6.240000000000000213 ) ) ;
#86 = DIRECTION ( 'NONE',  ( -0.000000000000000000, -0.000000000000000000, -1.000000000000000000 ) ) ;
#87 = AXIS2_PLACEMENT_3D ( 'NONE', #2119, #3918, #5942 ) ;
#88 = DIRECTION ( 'NONE',  ( 0.000000000000000000, -1.000000000000000000, 0.000000000000000000 ) ) ;
#89 = LINE ( 'NONE', #2095, #2820 ) ;
#90 = CIRCLE ( 'NONE', #3610, 0.5999999999999998668 ) ;
#91 = CARTESIAN_POINT ( 'NONE',  ( 4.429771752450980316, 1.952818627450982003, 3.319999999999999840 ) ) ;
#92 = CARTESIAN_POINT ( 'NONE',  ( -0.6916666666666668739, 1.817851945465688068, 3.319999999999999840 ) ) ;
#93 = AXIS2_PLACEMENT_3D ( 'NONE', #7185, #7760, #2172 ) ;
#94 = CARTESIAN_POINT ( 'NONE',  ( 2.322131918434123143, 7.695550097212461083, 3.720000000000000639 ) ) ;
#95 = AXIS2_PLACEMENT_3D ( 'NONE', #2675, #2027, #7001 ) ;
#96 = VECTOR ( 'NONE', #929, 1000.000000000000000 ) ;
#97 = EDGE_LOOP ( 'NONE', ( #1696, #6950, #3585, #1419 ) ) ;
#98 = VECTOR ( 'NONE', #5419, 1000.000000000000000 ) ;
#99 = ORIENTED_EDGE ( 'NONE', *, *, #7878, .T. ) ;
#100 = CARTESIAN_POINT ( 'NONE',  ( 0.000000000000000000, 0.000000000000000000, 1.180000000000000160 ) ) ;
#101 = CARTESIAN_POINT ( 'NONE',  ( -3.500000000000003109, 16.60000000000000497, -1.500000000000000000 ) ) ;
#102 = CYLINDRICAL_SURFACE ( 'NONE', #1536, 1.799999999999999600 ) ;
#103 = CARTESIAN_POINT ( 'NONE',  ( 1.314597214444990003, -9.829791983697321101, 3.719999999999999751 ) ) ;
#104 = CARTESIAN_POINT ( 'NONE',  ( -0.6683769651189270800, -7.459377824633434351, 3.720000000000000639 ) ) ;
#105 = CARTESIAN_POINT ( 'NONE',  ( -12.46000000000000618, -2.859999999999999876, 4.559999999999998721 ) ) ;
#106 = CIRCLE ( 'NONE', #3496, 0.5999999999999998668 ) ;
#107 = EDGE_CURVE ( 'NONE', #6986, #4927, #7295, .T. ) ;
#108 = CARTESIAN_POINT ( 'NONE',  ( 0.000000000000000000, 17.40000000000000213, 3.720000000000000195 ) ) ;
#109 = CARTESIAN_POINT ( 'NONE',  ( -13.30000000000000426, 15.80000000000000071, 3.720000000000000195 ) ) ;
#110 = CARTESIAN_POINT ( 'NONE',  ( 3.595964893866836043, -5.878541142941905662, 3.719999999999999751 ) ) ;
#111 = EDGE_LOOP ( 'NONE', ( #3792, #398, #287, #7425 ) ) ;
#112 = DIRECTION ( 'NONE',  ( 1.000000000000000000, 8.673617379884034239E-17, -0.000000000000000000 ) ) ;
#113 = CARTESIAN_POINT ( 'NONE',  ( 1.024465089744439839, 7.611242933529308807, 3.719999999999999751 ) ) ;
#114 = EDGE_CURVE ( 'NONE', #2916, #4770, #418, .T. ) ;
#115 = VERTEX_POINT ( 'NONE', #6584 ) ;
#116 = ORIENTED_EDGE ( 'NONE', *, *, #3142, .F. ) ;
#117 = AXIS2_PLACEMENT_3D ( 'NONE', #5491, #553, #7895 ) ;
#118 = DIRECTION ( 'NONE',  ( 1.000000000000000000, 0.000000000000000000, 0.000000000000000000 ) ) ;
#119 = DIRECTION ( 'NONE',  ( -0.000000000000000000, -0.000000000000000000, -1.000000000000000000 ) ) ;
#120 = LINE ( 'NONE', #1297, #5139 ) ;
#121 = EDGE_CURVE ( 'NONE', #7097, #5725, #2180, .T. ) ;
#122 = CARTESIAN_POINT ( 'NONE',  ( 4.590569054874359622, -0.4124629123822056709, 3.319999999999998952 ) ) ;
#123 = CARTESIAN_POINT ( 'NONE',  ( -13.50000000000000355, 0.000000000000000000, -2.000000000000000000 ) ) ;
#124 = CARTESIAN_POINT ( 'NONE',  ( 11.70000000000000107, -15.80000000000000071, -2.000000000000000000 ) ) ;
#125 = EDGE_CURVE ( 'NONE', #6222, #7197, #7232, .T. ) ;
#126 = ORIENTED_EDGE ( 'NONE', *, *, #1013, .T. ) ;
#127 = DIRECTION ( 'NONE',  ( -0.000000000000000000, -0.000000000000000000, 1.000000000000000000 ) ) ;
#128 = DIRECTION ( 'NONE',  ( -0.000000000000000000, -0.000000000000000000, 1.000000000000000000 ) ) ;
#129 = ORIENTED_EDGE ( 'NONE', *, *, #2762, .T. ) ;
#130 = PLANE ( 'NONE',  #5439 ) ;
#131 = CARTESIAN_POINT ( 'NONE',  ( 4.424908088235294024, -0.7307081035539197966, 3.720000000000000195 ) ) ;
#132 = ORIENTED_EDGE ( 'NONE', *, *, #6280, .F. ) ;
#133 = FACE_OUTER_BOUND ( 'NONE', #985, .T. ) ;
#134 = FACE_OUTER_BOUND ( 'NONE', #7164, .T. ) ;
#135 = CARTESIAN_POINT ( 'NONE',  ( 1.986996400122548856, 3.820465686274513661, 3.319999999999999840 ) ) ;
#136 = CYLINDRICAL_SURFACE ( 'NONE', #1209, 1.799999999999999600 ) ;
#137 = CARTESIAN_POINT ( 'NONE',  ( -2.100000000000004530, 16.60000000000000142, 2.720000000000000195 ) ) ;
#138 = VERTEX_POINT ( 'NONE', #7728 ) ;
#139 = ORIENTED_EDGE ( 'NONE', *, *, #8047, .T. ) ;
#140 = CARTESIAN_POINT ( 'NONE',  ( 3.185488916432714923, 3.969369495385417057, 3.720000000000000195 ) ) ;
#141 = CARTESIAN_POINT ( 'NONE',  ( 10.69999999999999751, 12.40000000000000213, 3.720000000000000195 ) ) ;
#142 = CYLINDRICAL_SURFACE ( 'NONE', #7379, 0.8000000000000003775 ) ;
#143 = CYLINDRICAL_SURFACE ( 'NONE', #5987, 0.5999999999999998668 ) ;
#144 = CARTESIAN_POINT ( 'NONE',  ( 0.5934236856860697351, -8.922957216216792276, 3.719999999999999751 ) ) ;
#145 = DIRECTION ( 'NONE',  ( 1.000000000000000000, 0.000000000000000000, 0.000000000000000000 ) ) ;
#146 = CARTESIAN_POINT ( 'NONE',  ( -0.3957197657110390621, -13.45277371918336939, 3.719999999999998863 ) ) ;
#147 = DIRECTION ( 'NONE',  ( 2.096811509994354439E-16, -0.7071067811865464625, 0.7071067811865486830 ) ) ;
#148 = LINE ( 'NONE', #2550, #6769 ) ;
#149 = ORIENTED_EDGE ( 'NONE', *, *, #2560, .T. ) ;
#150 = CARTESIAN_POINT ( 'NONE',  ( -0.6664370899757338096, -3.022591067804277554, 3.719999999999998863 ) ) ;
#151 = EDGE_CURVE ( 'NONE', #4770, #4097, #783, .T. ) ;
#152 = CARTESIAN_POINT ( 'NONE',  ( 0.1643382352941175351, -11.91470396752451144, 3.319999999999999396 ) ) ;
#153 = ORIENTED_EDGE ( 'NONE', *, *, #6156, .T. ) ;
#154 = ORIENTED_EDGE ( 'NONE', *, *, #1403, .F. ) ;
#155 = LINE ( 'NONE', #7544, #2682 ) ;
#156 = CARTESIAN_POINT ( 'NONE',  ( -13.30000000000000426, 5.500000000000000000, 3.720000000000000195 ) ) ;
#157 = DIRECTION ( 'NONE',  ( 1.000000000000000000, 0.000000000000000000, 0.000000000000000000 ) ) ;
#158 = EDGE_CURVE ( 'NONE', #1207, #5186, #5277, .T. ) ;
#159 = ORIENTED_EDGE ( 'NONE', *, *, #7795, .T. ) ;
#160 = CARTESIAN_POINT ( 'NONE',  ( 4.675496803454074701, 6.404388944356337987, 3.720000000000001084 ) ) ;
#161 = CARTESIAN_POINT ( 'NONE',  ( 2.885129675213251588, 5.088392742598235152, 3.720000000000001528 ) ) ;
#162 = CARTESIAN_POINT ( 'NONE',  ( 2.717426679218164942, -7.946603191094943952, 3.320000000000000284 ) ) ;
#163 = ORIENTED_EDGE ( 'NONE', *, *, #7706, .F. ) ;
#164 = EDGE_CURVE ( 'NONE', #6354, #1397, #3446, .T. ) ;
#165 = CARTESIAN_POINT ( 'NONE',  ( 12.50000000000000355, 15.80000000000000071, -1.500000000000000000 ) ) ;
#166 = ORIENTED_EDGE ( 'NONE', *, *, #1197, .F. ) ;
#167 = LINE ( 'NONE', #654, #884 ) ;
#168 = CARTESIAN_POINT ( 'NONE',  ( -3.900000000000005684, 8.900000000000000355, 2.720000000000000195 ) ) ;
#169 = ORIENTED_EDGE ( 'NONE', *, *, #7346, .F. ) ;
#170 = DIRECTION ( 'NONE',  ( -0.7071067811865479058, 0.000000000000000000, -0.7071067811865472397 ) ) ;
#171 = PLANE ( 'NONE',  #6855 ) ;
#172 = EDGE_CURVE ( 'NONE', #5911, #7473, #5928, .T. ) ;
#173 = FACE_OUTER_BOUND ( 'NONE', #7187, .T. ) ;
#174 = DIRECTION ( 'NONE',  ( -1.000000000000000000, 0.000000000000000000, 0.000000000000000000 ) ) ;
#175 = CARTESIAN_POINT ( 'NONE',  ( -5.600000000000002309, -16.60000000000000497, 2.720000000000000195 ) ) ;
#176 = EDGE_LOOP ( 'NONE', ( #7594, #6158, #3587, #5108 ) ) ;
#177 = ORIENTED_EDGE ( 'NONE', *, *, #7299, .T. ) ;
#178 = VECTOR ( 'NONE', #2373, 1000.000000000000000 ) ;
#179 = CARTESIAN_POINT ( 'NONE',  ( 2.098934823967300467, 3.822163748012682660, 3.720000000000000195 ) ) ;
#180 = DIRECTION ( 'NONE',  ( -0.7071067811865475727, 0.000000000000000000, 0.7071067811865475727 ) ) ;
#181 = DIRECTION ( 'NONE',  ( -0.000000000000000000, -0.000000000000000000, 1.000000000000000000 ) ) ;
#182 = CARTESIAN_POINT ( 'NONE',  ( 1.893370863970587958, 8.878676470588239056, 3.319999999999999840 ) ) ;
#183 = FACE_OUTER_BOUND ( 'NONE', #5306, .T. ) ;
#184 = CARTESIAN_POINT ( 'NONE',  ( 0.1672155743374217629, -11.75430410772768930, 3.720000000000000195 ) ) ;
#185 = ORIENTED_EDGE ( 'NONE', *, *, #23, .F. ) ;
#186 = CARTESIAN_POINT ( 'NONE',  ( 1.986996400122549300, -9.175245098039214398, 3.720000000000000639 ) ) ;
#187 = CARTESIAN_POINT ( 'NONE',  ( 0.4813877927264149648, -5.650762489072276296, 3.319999999999998064 ) ) ;
#188 = CARTESIAN_POINT ( 'NONE',  ( 9.099999999999997868, -2.500000000000000000, 3.720000000000000195 ) ) ;
#189 = ORIENTED_EDGE ( 'NONE', *, *, #7262, .F. ) ;
#190 = CARTESIAN_POINT ( 'NONE',  ( -0.6246410562115255471, 1.443883236066313858, 3.720000000000001528 ) ) ;
#191 = FACE_OUTER_BOUND ( 'NONE', #6592, .T. ) ;
#192 = VERTEX_POINT ( 'NONE', #4742 ) ;
#193 = VERTEX_POINT ( 'NONE', #2832 ) ;
#194 = CARTESIAN_POINT ( 'NONE',  ( 9.800000000000000711, -4.800000000000000711, 1.180000000000000160 ) ) ;
#195 = CARTESIAN_POINT ( 'NONE',  ( -0.6916666666666668739, 1.817851945465688068, 3.720000000000000195 ) ) ;
#196 = ORIENTED_EDGE ( 'NONE', *, *, #3045, .T. ) ;
#197 = LINE ( 'NONE', #7168, #3555 ) ;
#198 = DIRECTION ( 'NONE',  ( -0.000000000000000000, -0.000000000000000000, -1.000000000000000000 ) ) ;
#199 = AXIS2_PLACEMENT_3D ( 'NONE', #4575, #2010, #656 ) ;
#200 = DIRECTION ( 'NONE',  ( 0.000000000000000000, 0.000000000000000000, -1.000000000000000000 ) ) ;
#201 = EDGE_CURVE ( 'NONE', #1372, #2048, #3958, .T. ) ;
#202 = VERTEX_POINT ( 'NONE', #5891 ) ;
#203 = CARTESIAN_POINT ( 'NONE',  ( 4.641758464136102269, -7.272280387146397018, 3.720000000000000639 ) ) ;
#204 = ORIENTED_EDGE ( 'NONE', *, *, #2704, .F. ) ;
#205 = DIRECTION ( 'NONE',  ( -1.000000000000000000, -2.168404344971007921E-14, 0.000000000000000000 ) ) ;
#206 = CARTESIAN_POINT ( 'NONE',  ( -0.3583353062056645610, -3.257026147506943747, 3.720000000000000195 ) ) ;
#207 = EDGE_LOOP ( 'NONE', ( #6964, #3355, #714, #2138 ) ) ;
#208 = CARTESIAN_POINT ( 'NONE',  ( 4.427339920343137614, -12.36580882352940947, 3.319999999999999840 ) ) ;
#209 = CARTESIAN_POINT ( 'NONE',  ( 0.1643382352941175073, -12.36580882352940947, 3.720000000000000195 ) ) ;
#210 = DIRECTION ( 'NONE',  ( 0.000000000000000000, -0.000000000000000000, 1.000000000000000000 ) ) ;
#211 = AXIS2_PLACEMENT_3D ( 'NONE', #7401, #500, #7519 ) ;
#212 = CARTESIAN_POINT ( 'NONE',  ( -0.08492455575980373261, -1.321643305759802489, 3.720000000000000195 ) ) ;
#213 = CARTESIAN_POINT ( 'NONE',  ( -0.3387856704039460820, -13.45440581543365610, 3.720000000000000639 ) ) ;
#214 = ADVANCED_FACE ( 'NONE', ( #5856 ), #2223, .F. ) ;
#215 = VERTEX_POINT ( 'NONE', #5970 ) ;
#216 = AXIS2_PLACEMENT_3D ( 'NONE', #6399, #2844, #3387 ) ;
#217 = EDGE_LOOP ( 'NONE', ( #3655, #4192, #7979, #2681 ) ) ;
#218 = AXIS2_PLACEMENT_3D ( 'NONE', #916, #7190, #2256 ) ;
#219 = CARTESIAN_POINT ( 'NONE',  ( 4.112569194110244908, -4.943464761142078778, 3.320000000000000284 ) ) ;
#220 = CARTESIAN_POINT ( 'NONE',  ( 4.428555836397059409, 2.964460784313727171, 3.719999999999998419 ) ) ;
#221 = CARTESIAN_POINT ( 'NONE',  ( 0.1643382352941175073, -2.240875842524508332, 3.319999999999999840 ) ) ;
#222 = CARTESIAN_POINT ( 'NONE',  ( 3.430282589505371238, -8.939344474866331325, 3.719999999999997975 ) ) ;
#223 = DIRECTION ( 'NONE',  ( 1.000000000000000000, 0.000000000000000000, 0.000000000000000000 ) ) ;
#224 = AXIS2_PLACEMENT_3D ( 'NONE', #7985, #7380, #1793 ) ;
#225 = DIRECTION ( 'NONE',  ( 1.000000000000000000, 0.000000000000000000, 0.000000000000000000 ) ) ;
#226 = EDGE_CURVE ( 'NONE', #7153, #7603, #1532, .T. ) ;
#227 = VECTOR ( 'NONE', #6794, 1000.000000000000114 ) ;
#228 = EDGE_CURVE ( 'NONE', #3522, #2709, #378, .T. ) ;
#229 = ORIENTED_EDGE ( 'NONE', *, *, #4905, .F. ) ;
#230 = CONICAL_SURFACE ( 'NONE', #349, 0.8000000000000020428, 0.7853981633974476129 ) ;
#231 = CARTESIAN_POINT ( 'NONE',  ( 1.876348039215686159, -11.89038564644607732, 3.319999999999999840 ) ) ;
#232 = CARTESIAN_POINT ( 'NONE',  ( 3.053354779411764586, -0.1312614889705868149, 3.319999999999999840 ) ) ;
#233 = VECTOR ( 'NONE', #3912, 1000.000000000000000 ) ;
#234 = CIRCLE ( 'NONE', #1398, 0.8000000000000003775 ) ;
#235 = CARTESIAN_POINT ( 'NONE',  ( 0.8555492643206568104, -10.96819425261583270, 3.319999999999999840 ) ) ;
#236 = ORIENTED_EDGE ( 'NONE', *, *, #7195, .T. ) ;
#237 = LINE ( 'NONE', #891, #7921 ) ;
#238 = CARTESIAN_POINT ( 'NONE',  ( 4.575443932046577622, -3.083020619186619626, 3.319999999999999396 ) ) ;
#239 = CONICAL_SURFACE ( 'NONE', #1408, 1.600000000000007638, 0.7853981633974553844 ) ;
#240 = VERTEX_POINT ( 'NONE', #1033 ) ;
#241 = ORIENTED_EDGE ( 'NONE', *, *, #469, .T. ) ;
#242 = FACE_OUTER_BOUND ( 'NONE', #2229, .T. ) ;
#243 = CARTESIAN_POINT ( 'NONE',  ( 0.09165065479024392392, -6.815384886959264144, 3.719999999999999307 ) ) ;
#244 = CARTESIAN_POINT ( 'NONE',  ( 3.790240772047972495, 6.692307756220304604, 3.319999999999999840 ) ) ;
#245 = CARTESIAN_POINT ( 'NONE',  ( -0.4791056565309638193, -1.505305900092980265, 3.319999999999999396 ) ) ;
#246 = ORIENTED_EDGE ( 'NONE', *, *, #1508, .T. ) ;
#247 = CARTESIAN_POINT ( 'NONE',  ( 3.817382062587413749, -6.843922325840508414, 3.319999999999999396 ) ) ;
#248 = VERTEX_POINT ( 'NONE', #3526 ) ;
#249 = CARTESIAN_POINT ( 'NONE',  ( 4.599893199066662497, 2.411598531445268367, 3.320000000000000728 ) ) ;
#250 = CARTESIAN_POINT ( 'NONE',  ( 1.104262143940900609, -9.085710503816260442, 3.720000000000000639 ) ) ;
#251 = ORIENTED_EDGE ( 'NONE', *, *, #5209, .F. ) ;
#252 = CARTESIAN_POINT ( 'NONE',  ( -11.70000000000000462, 16.40000000000000213, 1.180000000000000160 ) ) ;
#253 = DIRECTION ( 'NONE',  ( 0.000000000000000000, 0.000000000000000000, 1.000000000000000000 ) ) ;
#254 = CARTESIAN_POINT ( 'NONE',  ( 4.589829414779988959, -2.518470760864282010, 3.320000000000001172 ) ) ;
#255 = VECTOR ( 'NONE', #3072, 1000.000000000000000 ) ;
#256 = EDGE_CURVE ( 'NONE', #559, #7687, #455, .T. ) ;
#257 = CARTESIAN_POINT ( 'NONE',  ( -11.70000000000000462, 6.000000000000001776, 2.720000000000000195 ) ) ;
#258 = CARTESIAN_POINT ( 'NONE',  ( 3.742203814327879741, 6.849045900233270423, 3.720000000000000195 ) ) ;
#259 = B_SPLINE_SURFACE_WITH_KNOTS ( 'NONE', 3, 1, ( 
 ( #4129, #1594 ),
 ( #4655, #2132 ),
 ( #7146, #6617 ),
 ( #1559, #6000 ),
 ( #4614, #4056 ),
 ( #7104, #405 ),
 ( #564, #7990 ),
 ( #2487, #602 ),
 ( #4969, #1181 ),
 ( #1838, #1799 ),
 ( #6736, #6656 ),
 ( #1714, #7385 ),
 ( #6124, #4289 ),
 ( #3674, #4813 ),
 ( #5466, #7428 ),
 ( #2409, #4890 ),
 ( #1097, #4932 ),
 ( #6696, #3591 ),
 ( #2982, #6083 ) ),
 .UNSPECIFIED., .F., .F., .F.,
 ( 4, 1, 1, 1, 1, 1, 1, 1, 1, 1, 1, 1, 1, 1, 1, 1, 4 ),
 ( 2, 2 ),
 ( 0.000000000000000000, 0.07255272313457271360, 0.1417418909686664341, 0.2077360430198709751, 0.2714290876032899869, 0.3325578037061183156, 0.3914575579804829286, 0.4488933542825400136, 0.5054700295189402670, 0.5615532413088397679, 0.6180923290137484427, 0.6752642379500596315, 0.7344520322322817263, 0.7959842728098599496, 0.8603756616731867979, 0.9280028065836891660, 1.000000000000000000 ),
 ( 0.000000000000000000, 1.000000000000000000 ),
 .UNSPECIFIED. ) ;
#260 = ORIENTED_EDGE ( 'NONE', *, *, #629, .F. ) ;
#261 = VERTEX_POINT ( 'NONE', #2949 ) ;
#262 = CARTESIAN_POINT ( 'NONE',  ( 0.08651960784313711406, -6.631548713235291714, 3.319999999999998508 ) ) ;
#263 = DIRECTION ( 'NONE',  ( 0.000000000000000000, 0.000000000000000000, -1.000000000000000000 ) ) ;
#264 = VECTOR ( 'NONE', #989, 1000.000000000000000 ) ;
#265 = FACE_OUTER_BOUND ( 'NONE', #7862, .T. ) ;
#266 = CARTESIAN_POINT ( 'NONE',  ( -11.69999999999999929, 16.59999999999999787, -0.5000000000000000000 ) ) ;
#267 = CARTESIAN_POINT ( 'NONE',  ( 13.29999999999999716, 10.70000000000000107, 1.180000000000000160 ) ) ;
#268 = EDGE_CURVE ( 'NONE', #5956, #1543, #1727, .T. ) ;
#269 = CARTESIAN_POINT ( 'NONE',  ( 10.69999999999999751, 12.59999999999999964, 3.520000000000008455 ) ) ;
#270 = DIRECTION ( 'NONE',  ( 1.257045997084642858E-16, -1.000000000000000000, 0.000000000000000000 ) ) ;
#271 = CARTESIAN_POINT ( 'NONE',  ( 0.3793862580545630525, -5.749325959338624337, 3.719999999999998419 ) ) ;
#272 = EDGE_CURVE ( 'NONE', #2623, #1736, #2383, .T. ) ;
#273 = ORIENTED_EDGE ( 'NONE', *, *, #1417, .F. ) ;
#274 = DIRECTION ( 'NONE',  ( -0.000000000000000000, 0.000000000000000000, -1.000000000000000000 ) ) ;
#275 = EDGE_LOOP ( 'NONE', ( #7509, #531, #5864, #2061 ) ) ;
#276 = DIRECTION ( 'NONE',  ( 0.000000000000000000, -0.000000000000000000, 1.000000000000000000 ) ) ;
#277 = EDGE_CURVE ( 'NONE', #2722, #5655, #502, .T. ) ;
#278 = CARTESIAN_POINT ( 'NONE',  ( -11.70000000000000462, 6.000000000000001776, 3.720000000000000195 ) ) ;
#279 = CARTESIAN_POINT ( 'NONE',  ( 4.558290901122947325, -3.152735213634149325, 3.720000000000000195 ) ) ;
#280 = LINE ( 'NONE', #2083, #3739 ) ;
#281 = CARTESIAN_POINT ( 'NONE',  ( -13.30000000000000426, -3.700000000000000178, 1.200000000000000178 ) ) ;
#282 = DIRECTION ( 'NONE',  ( 0.000000000000000000, -1.000000000000000000, 0.000000000000000000 ) ) ;
#283 = EDGE_CURVE ( 'NONE', #7197, #7082, #1687, .T. ) ;
#284 = CARTESIAN_POINT ( 'NONE',  ( -0.2372804648926430948, -1.367747754610546762, 3.319999999999999396 ) ) ;
#285 = ORIENTED_EDGE ( 'NONE', *, *, #620, .F. ) ;
#286 = DIRECTION ( 'NONE',  ( -1.000000000000000000, 0.000000000000000000, 0.000000000000000000 ) ) ;
#287 = ORIENTED_EDGE ( 'NONE', *, *, #320, .F. ) ;
#288 = CARTESIAN_POINT ( 'NONE',  ( 2.732352941176470651, -12.36580882352940947, 3.319999999999999840 ) ) ;
#289 = CARTESIAN_POINT ( 'NONE',  ( 1.104262143940900609, -9.085710503816260442, 3.319999999999999396 ) ) ;
#290 = VERTEX_POINT ( 'NONE', #6174 ) ;
#291 = CARTESIAN_POINT ( 'NONE',  ( 4.424908088235294024, 0.3733436734068640850, 3.319999999999999840 ) ) ;
#292 = SURFACE_SIDE_STYLE ('',( #5881 ) ) ;
#293 = CARTESIAN_POINT ( 'NONE',  ( 4.599999999999999645, 2.456207873774511441, 3.319999999999999840 ) ) ;
#294 = CARTESIAN_POINT ( 'NONE',  ( 1.783049216106233459, 8.877060699195697069, 3.720000000000001084 ) ) ;
#295 = AXIS2_PLACEMENT_3D ( 'NONE', #4327, #5383, #7270 ) ;
#296 = CARTESIAN_POINT ( 'NONE',  ( 11.70000000000000107, 16.60000000000000497, -2.000000000000000000 ) ) ;
#297 = ORIENTED_EDGE ( 'NONE', *, *, #3161, .F. ) ;
#298 = ORIENTED_EDGE ( 'NONE', *, *, #3913, .F. ) ;
#299 = CARTESIAN_POINT ( 'NONE',  ( 11.69999999999999751, -17.40000000000000213, 3.720000000000000195 ) ) ;
#300 = CARTESIAN_POINT ( 'NONE',  ( 8.499999999999994671, 10.10000000000000142, 3.720000000000000195 ) ) ;
#301 = CARTESIAN_POINT ( 'NONE',  ( 4.599999999999999645, -2.757640165441175295, 3.720000000000000195 ) ) ;
#302 = DIRECTION ( 'NONE',  ( -0.000000000000000000, 0.000000000000000000, -1.000000000000000000 ) ) ;
#303 = CARTESIAN_POINT ( 'NONE',  ( -11.69999999999999929, -15.80000000000000426, -0.5000000000000000000 ) ) ;
#304 = CARTESIAN_POINT ( 'NONE',  ( -2.400000000000004352, 16.60000000000000142, 1.180000000000000160 ) ) ;
#305 = EDGE_CURVE ( 'NONE', #5524, #5462, #3686, .T. ) ;
#306 = DIRECTION ( 'NONE',  ( -1.000000000000000000, -1.257045997084642858E-16, 0.000000000000000000 ) ) ;
#307 = CARTESIAN_POINT ( 'NONE',  ( -0.6885491716130018869, -1.988378552581034686, 3.720000000000000639 ) ) ;
#308 = CARTESIAN_POINT ( 'NONE',  ( 2.793941042246974593, -4.204135628518201884, 3.719999999999999751 ) ) ;
#309 = VERTEX_POINT ( 'NONE', #7402 ) ;
#310 = CARTESIAN_POINT ( 'NONE',  ( 2.322131918434123588, -5.300160687101264756, 3.319999999999999396 ) ) ;
#311 = CARTESIAN_POINT ( 'NONE',  ( -11.69999999999999929, 16.59999999999999787, -2.000000000000000000 ) ) ;
#312 = EDGE_CURVE ( 'NONE', #2983, #6661, #6523, .T. ) ;
#313 = CARTESIAN_POINT ( 'NONE',  ( 4.599999999999999645, -2.757640165441175295, 3.720000000000000195 ) ) ;
#314 = CYLINDRICAL_SURFACE ( 'NONE', #87, 0.2999999999999999334 ) ;
#315 = DIRECTION ( 'NONE',  ( 1.000000000000000000, 0.000000000000000000, 0.000000000000000000 ) ) ;
#316 = CARTESIAN_POINT ( 'NONE',  ( 0.4102726688495643703, 5.469056763744776894, 3.319999999999998952 ) ) ;
#317 = CARTESIAN_POINT ( 'NONE',  ( -0.6685516761510745809, -11.37428239554581388, 3.320000000000000284 ) ) ;
#318 = ADVANCED_FACE ( 'NONE', ( #1070 ), #4223, .T. ) ;
#319 = ORIENTED_EDGE ( 'NONE', *, *, #1090, .F. ) ;
#320 = EDGE_CURVE ( 'NONE', #3253, #3195, #8003, .T. ) ;
#321 = CARTESIAN_POINT ( 'NONE',  ( -3.600000000000005862, 8.599999999999999645, 2.720000000000000195 ) ) ;
#322 = VERTEX_POINT ( 'NONE', #11 ) ;
#323 = CARTESIAN_POINT ( 'NONE',  ( 4.441730784980797431, 2.963270188898546209, 3.719999999999999307 ) ) ;
#324 = CARTESIAN_POINT ( 'NONE',  ( -0.3508528326112014817, -8.155861595583418833, 3.320000000000000728 ) ) ;
#325 = VERTEX_POINT ( 'NONE', #2499 ) ;
#326 = CARTESIAN_POINT ( 'NONE',  ( 4.599755754264070795, -12.77537030374631932, 3.720000000000001084 ) ) ;
#327 = CARTESIAN_POINT ( 'NONE',  ( 4.467640008518714900, 2.960928820918317328, 3.319999999999999840 ) ) ;
#328 = CARTESIAN_POINT ( 'NONE',  ( 4.428555836397059409, -13.45526960784313530, 3.319999999999999840 ) ) ;
#329 = DIRECTION ( 'NONE',  ( -1.000000000000000000, 0.000000000000000000, 0.000000000000000000 ) ) ;
#330 = ORIENTED_EDGE ( 'NONE', *, *, #1313, .T. ) ;
#331 = ORIENTED_EDGE ( 'NONE', *, *, #1508, .F. ) ;
#332 = CARTESIAN_POINT ( 'NONE',  ( -0.7678912903691766934, -6.496487466147222278, 3.320000000000000728 ) ) ;
#333 = DIRECTION ( 'NONE',  ( 0.000000000000000000, 0.000000000000000000, -1.000000000000000000 ) ) ;
#334 = DIRECTION ( 'NONE',  ( 1.000000000000000000, 0.000000000000000000, 0.000000000000000000 ) ) ;
#335 = CARTESIAN_POINT ( 'NONE',  ( -0.6903879525857190558, 2.574270766563547586, 3.720000000000000195 ) ) ;
#336 = CARTESIAN_POINT ( 'NONE',  ( 0.08827652974940966568, -6.694496061819402932, 3.319999999999999396 ) ) ;
#337 = VECTOR ( 'NONE', #2163, 1000.000000000000000 ) ;
#338 = VERTEX_POINT ( 'NONE', #7926 ) ;
#339 = VECTOR ( 'NONE', #2899, 1000.000000000000000 ) ;
#340 = CARTESIAN_POINT ( 'NONE',  ( -0.6916666666666668739, -13.08806295955882248, 3.319999999999999840 ) ) ;
#341 = CARTESIAN_POINT ( 'NONE',  ( -0.08492455575980373261, -1.321643305759802489, 3.720000000000000195 ) ) ;
#342 = AXIS2_PLACEMENT_3D ( 'NONE', #3394, #6493, #4690 ) ;
#343 = VERTEX_POINT ( 'NONE', #2423 ) ;
#344 = CARTESIAN_POINT ( 'NONE',  ( -3.600000000000004086, -13.60000000000000497, 2.720000000000000195 ) ) ;
#345 = AXIS2_PLACEMENT_3D ( 'NONE', #6628, #415, #2907 ) ;
#346 = DIRECTION ( 'NONE',  ( -0.000000000000000000, 0.000000000000000000, 1.000000000000000000 ) ) ;
#347 = ADVANCED_FACE ( 'NONE', ( #3074 ), #841, .T. ) ;
#348 = CARTESIAN_POINT ( 'NONE',  ( 4.441676628387185133, -3.259728861054607130, 3.720000000000001084 ) ) ;
#349 = AXIS2_PLACEMENT_3D ( 'NONE', #303, #5065, #2575 ) ;
#350 = AXIS2_PLACEMENT_3D ( 'NONE', #1441, #4458, #6334 ) ;
#351 = VECTOR ( 'NONE', #4596, 1000.000000000000000 ) ;
#352 = VECTOR ( 'NONE', #1996, 1000.000000000000000 ) ;
#353 = DIRECTION ( 'NONE',  ( -0.000000000000000000, -0.000000000000000000, -1.000000000000000000 ) ) ;
#354 = CARTESIAN_POINT ( 'NONE',  ( -5.000000000000002665, 15.80000000000000426, 3.720000000000000195 ) ) ;
#355 = CARTESIAN_POINT ( 'NONE',  ( 4.505652507442064802, -2.271450203013001712, 3.720000000000002860 ) ) ;
#356 = CARTESIAN_POINT ( 'NONE',  ( -13.50000000000000355, -15.80000000000000071, 3.520000000000001350 ) ) ;
#357 = AXIS2_PLACEMENT_3D ( 'NONE', #3623, #4797, #7890 ) ;
#358 = EDGE_CURVE ( 'NONE', #343, #2160, #1351, .T. ) ;
#359 = DIRECTION ( 'NONE',  ( 0.000000000000000000, 0.000000000000000000, -1.000000000000000000 ) ) ;
#360 = EDGE_LOOP ( 'NONE', ( #1786, #1952, #642, #573 ) ) ;
#361 = CARTESIAN_POINT ( 'NONE',  ( 3.623287720081255436, -7.436363771416425905, 3.320000000000000284 ) ) ;
#362 = ORIENTED_EDGE ( 'NONE', *, *, #65, .T. ) ;
#363 = CARTESIAN_POINT ( 'NONE',  ( 4.535754101653028947, 2.011541552786932474, 3.320000000000000284 ) ) ;
#364 = CARTESIAN_POINT ( 'NONE',  ( -0.03293378579303537362, -8.522650254413044024, 3.319999999999999840 ) ) ;
#365 = EDGE_CURVE ( 'NONE', #7946, #1593, #6513, .T. ) ;
#366 = ORIENTED_EDGE ( 'NONE', *, *, #3713, .T. ) ;
#367 = DIRECTION ( 'NONE',  ( 0.000000000000000000, 0.000000000000000000, -1.000000000000000000 ) ) ;
#368 = CARTESIAN_POINT ( 'NONE',  ( 1.883173295279584769, 3.822715911180379678, 3.319999999999999396 ) ) ;
#369 = CARTESIAN_POINT ( 'NONE',  ( 3.819839896776485499, -6.597828284182211789, 3.319999999999999396 ) ) ;
#370 = EDGE_CURVE ( 'NONE', #3916, #5911, #5801, .T. ) ;
#371 = CARTESIAN_POINT ( 'NONE',  ( -0.7330309488585280420, 6.968708515554595806, 3.720000000000000639 ) ) ;
#372 = DIRECTION ( 'NONE',  ( 1.048405754997180794E-16, 0.7071067811865486830, -0.7071067811865464625 ) ) ;
#373 = ORIENTED_EDGE ( 'NONE', *, *, #6456, .F. ) ;
#374 = VERTEX_POINT ( 'NONE', #4420 ) ;
#375 = CARTESIAN_POINT ( 'NONE',  ( -0.6859008748015062995, -5.766659049074329246, 3.319999999999999396 ) ) ;
#376 = CARTESIAN_POINT ( 'NONE',  ( -0.7330309488585280420, -6.027002268759130033, 3.720000000000001084 ) ) ;
#377 = CARTESIAN_POINT ( 'NONE',  ( 1.752482942289505630, 4.989078687295590342, 3.719999999999997975 ) ) ;
#378 = LINE ( 'NONE', #2874, #390 ) ;
#379 = ADVANCED_FACE ( 'NONE', ( #173 ), #3894, .F. ) ;
#380 = CARTESIAN_POINT ( 'NONE',  ( 0.5167474395479868532, -7.627951735273429179, 3.719999999999998863 ) ) ;
#381 = VERTEX_POINT ( 'NONE', #1391 ) ;
#382 = UNCERTAINTY_MEASURE_WITH_UNIT (LENGTH_MEASURE( 1.000000000000000082E-05 ), #7147, 'distance_accuracy_value', 'NONE');
#383 = ORIENTED_EDGE ( 'NONE', *, *, #5855, .F. ) ;
#384 = CARTESIAN_POINT ( 'NONE',  ( -5.300000000000004263, -16.30000000000000071, 2.720000000000000195 ) ) ;
#385 = CARTESIAN_POINT ( 'NONE',  ( 11.70000000000000107, -15.80000000000000071, -0.5000000000000000000 ) ) ;
#386 = ORIENTED_EDGE ( 'NONE', *, *, #4864, .T. ) ;
#387 = ORIENTED_EDGE ( 'NONE', *, *, #4069, .F. ) ;
#388 = CARTESIAN_POINT ( 'NONE',  ( -13.30000000000000426, 5.500000000000000000, 2.400000000000000355 ) ) ;
#389 = DIRECTION ( 'NONE',  ( 0.000000000000000000, -0.000000000000000000, -1.000000000000000000 ) ) ;
#390 = VECTOR ( 'NONE', #6630, 1000.000000000000000 ) ;
#391 = CARTESIAN_POINT ( 'NONE',  ( -4.400000000000003020, 15.80000000000000426, 2.720000000000000195 ) ) ;
#392 = CARTESIAN_POINT ( 'NONE',  ( 4.589878291051367576, 2.219859958553943802, 3.719999999999999751 ) ) ;
#393 = EDGE_CURVE ( 'NONE', #1301, #5624, #6378, .T. ) ;
#394 = CARTESIAN_POINT ( 'NONE',  ( 3.060625051465307056, -4.277632616872093507, 3.320000000000000728 ) ) ;
#395 = DIRECTION ( 'NONE',  ( 0.5773502691896459371, -0.5773502691896258421, 0.5773502691896055250 ) ) ;
#396 = CARTESIAN_POINT ( 'NONE',  ( 0.08651960784313711406, 6.364162071078435012, 3.320000000000000728 ) ) ;
#397 = CARTESIAN_POINT ( 'NONE',  ( -0.5644151706192481743, -1.597481066871424993, 3.719999999999998863 ) ) ;
#398 = ORIENTED_EDGE ( 'NONE', *, *, #5508, .F. ) ;
#399 = DIRECTION ( 'NONE',  ( -0.000000000000000000, -0.000000000000000000, -1.000000000000000000 ) ) ;
#400 = ORIENTED_EDGE ( 'NONE', *, *, #4352, .T. ) ;
#401 = EDGE_CURVE ( 'NONE', #7196, #746, #5259, .T. ) ;
#402 = CARTESIAN_POINT ( 'NONE',  ( 0.1643382352941175073, 1.952818627450982003, 3.319999999999999840 ) ) ;
#403 = CARTESIAN_POINT ( 'NONE',  ( -0.7672072574601828121, -6.698125529157858082, 3.320000000000000284 ) ) ;
#404 = ORIENTED_EDGE ( 'NONE', *, *, #4369, .F. ) ;
#405 = CARTESIAN_POINT ( 'NONE',  ( 0.8401748656908839541, 3.980606346774965054, 3.720000000000000195 ) ) ;
#406 = CARTESIAN_POINT ( 'NONE',  ( 1.384159298394786797, 3.857007144860677972, 3.319999999999998952 ) ) ;
#407 = DIRECTION ( 'NONE',  ( 0.000000000000000000, -1.000000000000000000, 0.000000000000000000 ) ) ;
#408 = CARTESIAN_POINT ( 'NONE',  ( -2.100000000000002753, 17.40000000000000213, 3.720000000000000195 ) ) ;
#409 = CARTESIAN_POINT ( 'NONE',  ( 0.1643382352941175073, 1.952818627450982003, 3.319999999999999840 ) ) ;
#410 = EDGE_CURVE ( 'NONE', #1027, #2531, #1870, .T. ) ;
#411 = ORIENTED_EDGE ( 'NONE', *, *, #6046, .T. ) ;
#412 = ORIENTED_EDGE ( 'NONE', *, *, #2206, .T. ) ;
#413 = ADVANCED_FACE ( 'NONE', ( #1888 ), #3237, .T. ) ;
#414 = CARTESIAN_POINT ( 'NONE',  ( 1.261231859225221408, -4.152810223379705512, 3.319999999999999396 ) ) ;
#415 = DIRECTION ( 'NONE',  ( -0.000000000000000000, 0.000000000000000000, -1.000000000000000000 ) ) ;
#416 = CARTESIAN_POINT ( 'NONE',  ( 0.9790019914215682961, -10.96507352941176272, 3.719999999999999307 ) ) ;
#417 = VECTOR ( 'NONE', #3205, 1000.000000000000000 ) ;
#418 = LINE ( 'NONE', #5239, #3785 ) ;
#419 = CARTESIAN_POINT ( 'NONE',  ( 1.874290189447912036, -8.007517598670993664, 3.719999999999999307 ) ) ;
#420 = ORIENTED_EDGE ( 'NONE', *, *, #991, .F. ) ;
#421 = ORIENTED_EDGE ( 'NONE', *, *, #2169, .T. ) ;
#422 = EDGE_CURVE ( 'NONE', #3212, #4631, #2796, .T. ) ;
#423 = CARTESIAN_POINT ( 'NONE',  ( 0.1672155743374217629, -11.75430410772768930, 3.319999999999999840 ) ) ;
#424 = FACE_OUTER_BOUND ( 'NONE', #6075, .T. ) ;
#425 = VERTEX_POINT ( 'NONE', #6290 ) ;
#426 = ORIENTED_EDGE ( 'NONE', *, *, #3280, .T. ) ;
#427 = CARTESIAN_POINT ( 'NONE',  ( 0.5167474395479868532, -7.627951735273429179, 3.319999999999999396 ) ) ;
#428 = CARTESIAN_POINT ( 'NONE',  ( -5.300000000000004263, -13.90000000000000391, 1.180000000000000160 ) ) ;
#429 = VECTOR ( 'NONE', #4945, 1000.000000000000000 ) ;
#430 = LINE ( 'NONE', #4157, #7786 ) ;
#431 = DIRECTION ( 'NONE',  ( 1.000000000000000000, 0.000000000000000000, 0.000000000000000000 ) ) ;
#432 = CARTESIAN_POINT ( 'NONE',  ( 1.999654359078481436, -4.118560019133944650, 3.319999999999999840 ) ) ;
#433 = CARTESIAN_POINT ( 'NONE',  ( -13.50000000000000355, 4.299999999999999822, 2.400000000000000355 ) ) ;
#434 = CARTESIAN_POINT ( 'NONE',  ( 2.259084361692115461, -10.34460065435213849, 3.319999999999999396 ) ) ;
#435 = LINE ( 'NONE', #2930, #2968 ) ;
#436 = ADVANCED_FACE ( 'NONE', ( #694 ), #3191, .F. ) ;
#437 = ORIENTED_EDGE ( 'NONE', *, *, #1625, .T. ) ;
#438 = DIRECTION ( 'NONE',  ( 1.000000000000000000, 0.000000000000000000, 0.000000000000000000 ) ) ;
#439 = ORIENTED_EDGE ( 'NONE', *, *, #2422, .F. ) ;
#440 = CARTESIAN_POINT ( 'NONE',  ( -0.7694852941176472116, 6.400639552696082646, 3.719999999999999307 ) ) ;
#441 = LINE ( 'NONE', #1837, #98 ) ;
#442 = ORIENTED_EDGE ( 'NONE', *, *, #4936, .F. ) ;
#443 = CARTESIAN_POINT ( 'NONE',  ( -0.7330309488585280420, 6.968708515554595806, 3.320000000000000284 ) ) ;
#444 = CARTESIAN_POINT ( 'NONE',  ( 4.599844009141251355, -2.629746555506225381, 3.319999999999998508 ) ) ;
#445 = DIRECTION ( 'NONE',  ( 0.000000000000000000, 0.000000000000000000, 1.000000000000000000 ) ) ;
#446 = CARTESIAN_POINT ( 'NONE',  ( -0.6886696963187426412, -13.16532750833775189, 3.719999999999999751 ) ) ;
#447 = EDGE_CURVE ( 'NONE', #4096, #1233, #4589, .T. ) ;
#448 = EDGE_LOOP ( 'NONE', ( #5567, #2826, #5651, #6670 ) ) ;
#449 = CARTESIAN_POINT ( 'NONE',  ( -0.6164900733481309958, 7.471104843200071954, 3.319999999999999396 ) ) ;
#450 = ORIENTED_EDGE ( 'NONE', *, *, #6741, .F. ) ;
#451 = CARTESIAN_POINT ( 'NONE',  ( 4.522619889024490192, -7.779550451258359089, 3.319999999999998952 ) ) ;
#452 = CARTESIAN_POINT ( 'NONE',  ( 10.69999999999999751, 13.19999999999999929, 3.520000000000008455 ) ) ;
#453 = FACE_OUTER_BOUND ( 'NONE', #6869, .T. ) ;
#454 = CARTESIAN_POINT ( 'NONE',  ( 0.08827652974940969344, 6.301214722494322906, 3.319999999999999396 ) ) ;
#455 = LINE ( 'NONE', #4903, #4949 ) ;
#456 = FACE_OUTER_BOUND ( 'NONE', #4239, .T. ) ;
#457 = EDGE_CURVE ( 'NONE', #2225, #559, #5916, .T. ) ;
#458 = VECTOR ( 'NONE', #4850, 1000.000000000000000 ) ;
#459 = ORIENTED_EDGE ( 'NONE', *, *, #2615, .T. ) ;
#460 = VERTEX_POINT ( 'NONE', #5882 ) ;
#461 = CARTESIAN_POINT ( 'NONE',  ( -0.3619588193838789714, 1.201993879193886006, 3.720000000000000195 ) ) ;
#462 = PLANE ( 'NONE',  #6608 ) ;
#463 = ORIENTED_EDGE ( 'NONE', *, *, #1564, .F. ) ;
#464 = EDGE_CURVE ( 'NONE', #5834, #138, #3971, .T. ) ;
#465 = VERTEX_POINT ( 'NONE', #6575 ) ;
#466 = PLANE ( 'NONE',  #2324 ) ;
#467 = DIRECTION ( 'NONE',  ( 1.000000000000000000, 0.000000000000000000, 0.000000000000000000 ) ) ;
#468 = AXIS2_PLACEMENT_3D ( 'NONE', #2282, #1710, #4205 ) ;
#469 = EDGE_CURVE ( 'NONE', #3098, #3448, #7682, .T. ) ;
#470 = LINE ( 'NONE', #1825, #4021 ) ;
#471 = AXIS2_PLACEMENT_3D ( 'NONE', #2658, #823, #2011 ) ;
#472 = DIRECTION ( 'NONE',  ( 0.000000000000000000, -1.000000000000000000, -0.000000000000000000 ) ) ;
#473 = CIRCLE ( 'NONE', #4138, 1.300000000000004263 ) ;
#474 = CARTESIAN_POINT ( 'NONE',  ( -0.6375983277824996964, -11.16965049960953849, 3.319999999999999840 ) ) ;
#475 = DIRECTION ( 'NONE',  ( -0.000000000000000000, -0.000000000000000000, -1.000000000000000000 ) ) ;
#476 = LINE ( 'NONE', #5457, #7224 ) ;
#477 = VECTOR ( 'NONE', #7389, 1000.000000000000000 ) ;
#478 = CARTESIAN_POINT ( 'NONE',  ( 0.8488461039849622969, -9.798971836148258063, 3.319999999999999840 ) ) ;
#479 = VECTOR ( 'NONE', #1365, 1000.000000000000000 ) ;
#480 = VECTOR ( 'NONE', #5668, 1000.000000000000000 ) ;
#481 = ORIENTED_EDGE ( 'NONE', *, *, #5689, .F. ) ;
#482 = CARTESIAN_POINT ( 'NONE',  ( 4.589944902963966733, -13.16793386302839153, 3.320000000000000728 ) ) ;
#483 = ORIENTED_EDGE ( 'NONE', *, *, #3713, .F. ) ;
#485 = VECTOR ( 'NONE', #8040, 1000.000000000000000 ) ;
#484 = CARTESIAN_POINT ( 'NONE',  ( 1.732709692194672302, -11.31013095131832991, 3.719999999999999751 ) ) ;
#486 = PLANE ( 'NONE',  #4526 ) ;
#487 = VECTOR ( 'NONE', #6067, 1000.000000000000000 ) ;
#488 = ORIENTED_EDGE ( 'NONE', *, *, #2315, .T. ) ;
#489 = CARTESIAN_POINT ( 'NONE',  ( 4.599912902043759466, -12.86390266370022317, 3.720000000000000195 ) ) ;
#490 = SHAPE_DEFINITION_REPRESENTATION ( #1695, #7136 ) ;
#491 = FACE_OUTER_BOUND ( 'NONE', #6974, .T. ) ;
#492 = CARTESIAN_POINT ( 'NONE',  ( -11.70000000000000462, 17.40000000000000924, -2.000000000000000000 ) ) ;
#493 = CARTESIAN_POINT ( 'NONE',  ( 11.70000000000000107, 16.60000000000000497, 3.720000000000000195 ) ) ;
#494 = EDGE_LOOP ( 'NONE', ( #974, #1064, #297, #3174, #7444, #7722, #5014, #843, #7175 ) ) ;
#495 = CARTESIAN_POINT ( 'NONE',  ( 2.885129675213251588, -7.907318041715490686, 3.720000000000000195 ) ) ;
#496 = VERTEX_POINT ( 'NONE', #2700 ) ;
#497 = CARTESIAN_POINT ( 'NONE',  ( 4.424908088235294024, 0.3733436734068640850, 3.319999999999999840 ) ) ;
#498 = CARTESIAN_POINT ( 'NONE',  ( 0.7114590718654819623, -4.270930253797074805, 3.319999999999999396 ) ) ;
#499 = CARTESIAN_POINT ( 'NONE',  ( 0.1643382352941175073, -12.36580882352940947, 3.319999999999999840 ) ) ;
#500 = DIRECTION ( 'NONE',  ( 0.7071067811865463515, -0.000000000000000000, 0.7071067811865487940 ) ) ;
#501 = EDGE_CURVE ( 'NONE', #3470, #7125, #5242, .T. ) ;
#502 = LINE ( 'NONE', #7963, #1429 ) ;
#503 = CARTESIAN_POINT ( 'NONE',  ( -0.6916666666666668739, 2.540106081495100199, 3.319999999999999840 ) ) ;
#504 = VERTEX_POINT ( 'NONE', #4131 ) ;
#505 = ORIENTED_EDGE ( 'NONE', *, *, #2169, .F. ) ;
#506 = FACE_OUTER_BOUND ( 'NONE', #5792, .T. ) ;
#507 = CARTESIAN_POINT ( 'NONE',  ( 4.558513880666894558, -13.33810115153652021, 3.320000000000001172 ) ) ;
#508 = EDGE_LOOP ( 'NONE', ( #8024, #2279, #1196, #2386, #387 ) ) ;
#509 = EDGE_CURVE ( 'NONE', #2162, #4340, #2780, .T. ) ;
#510 = ORIENTED_EDGE ( 'NONE', *, *, #2914, .T. ) ;
#511 = CARTESIAN_POINT ( 'NONE',  ( -13.30000000000000426, -3.700000000000000178, 6.240000000000000213 ) ) ;
#512 = CARTESIAN_POINT ( 'NONE',  ( 13.49999999999999645, 10.89999999999999325, 1.180000000000000160 ) ) ;
#513 = PLANE ( 'NONE',  #6358 ) ;
#514 = EDGE_CURVE ( 'NONE', #6625, #746, #7796, .T. ) ;
#515 = DIRECTION ( 'NONE',  ( 0.000000000000000000, 1.000000000000000000, -0.000000000000000000 ) ) ;
#516 = EDGE_CURVE ( 'NONE', #4052, #1993, #6457, .T. ) ;
#517 = CARTESIAN_POINT ( 'NONE',  ( 1.875968306261906804, -11.84980344764420757, 3.720000000000000639 ) ) ;
#518 = ORIENTED_EDGE ( 'NONE', *, *, #7898, .F. ) ;
#519 = CARTESIAN_POINT ( 'NONE',  ( 2.500351106119488520, 7.675458582172316468, 3.319999999999999840 ) ) ;
#520 = FACE_OUTER_BOUND ( 'NONE', #7822, .T. ) ;
#521 = VERTEX_POINT ( 'NONE', #7183 ) ;
#522 = FACE_OUTER_BOUND ( 'NONE', #2137, .T. ) ;
#523 = VERTEX_POINT ( 'NONE', #7064 ) ;
#524 = EDGE_CURVE ( 'NONE', #4562, #1833, #7088, .T. ) ;
#525 = CARTESIAN_POINT ( 'NONE',  ( -12.50000000000000000, 15.80000000000000071, -2.000000000000000000 ) ) ;
#526 = CARTESIAN_POINT ( 'NONE',  ( 1.190849515199450481, 7.647791787634128369, 3.319999999999999840 ) ) ;
#527 = CARTESIAN_POINT ( 'NONE',  ( 0.04975960708691136436, 8.401680215228761739, 3.320000000000000284 ) ) ;
#528 = DIRECTION ( 'NONE',  ( 0.000000000000000000, 0.000000000000000000, 1.000000000000000000 ) ) ;
#529 = CARTESIAN_POINT ( 'NONE',  ( 0.000000000000000000, 17.60000000000000142, -1.800000000000010481 ) ) ;
#530 = LINE ( 'NONE', #5507, #477 ) ;
#531 = ORIENTED_EDGE ( 'NONE', *, *, #226, .F. ) ;
#532 = CARTESIAN_POINT ( 'NONE',  ( -0.5266806422855280223, 7.695403046215496090, 3.719999999999998419 ) ) ;
#533 = ORIENTED_EDGE ( 'NONE', *, *, #7975, .T. ) ;
#534 = CARTESIAN_POINT ( 'NONE',  ( 1.783049216106233459, -4.118650085118031434, 3.320000000000000728 ) ) ;
#535 = CARTESIAN_POINT ( 'NONE',  ( 1.261231859225221408, -4.152810223379705512, 3.719999999999999751 ) ) ;
#536 = DIRECTION ( 'NONE',  ( -1.000000000000000000, 0.000000000000000000, 0.000000000000000000 ) ) ;
#537 = DIRECTION ( 'NONE',  ( -1.000000000000000000, 0.000000000000000000, 0.000000000000000000 ) ) ;
#538 = CARTESIAN_POINT ( 'NONE',  ( 3.185488916432714923, 3.969369495385417057, 3.319999999999999840 ) ) ;
#539 = CARTESIAN_POINT ( 'NONE',  ( 12.50000000000000000, -5.399999999999999467, 1.180000000000000160 ) ) ;
#540 = VERTEX_POINT ( 'NONE', #5467 ) ;
#541 = ORIENTED_EDGE ( 'NONE', *, *, #6640, .T. ) ;
#542 = LINE ( 'NONE', #582, #4523 ) ;
#543 = CARTESIAN_POINT ( 'NONE',  ( 4.599630733987603470, -13.04853303498810568, 3.319999999999999840 ) ) ;
#544 = VECTOR ( 'NONE', #472, 1000.000000000000000 ) ;
#545 = ORIENTED_EDGE ( 'NONE', *, *, #5120, .F. ) ;
#546 = ORIENTED_EDGE ( 'NONE', *, *, #7664, .T. ) ;
#547 = FACE_OUTER_BOUND ( 'NONE', #4412, .T. ) ;
#548 = DIRECTION ( 'NONE',  ( 0.000000000000000000, 0.000000000000000000, 1.000000000000000000 ) ) ;
#549 = CARTESIAN_POINT ( 'NONE',  ( 4.428555836397059409, -13.45526960784313530, 3.720000000000000195 ) ) ;
#550 = AXIS2_PLACEMENT_3D ( 'NONE', #4156, #7850, #5404 ) ;
#551 = ADVANCED_FACE ( 'NONE', ( #5504 ), #7914, .T. ) ;
#552 = DIRECTION ( 'NONE',  ( -1.000000000000000000, -5.687617954022317631E-16, -0.000000000000000000 ) ) ;
#553 = DIRECTION ( 'NONE',  ( -1.000000000000000000, 0.000000000000000000, 0.000000000000000000 ) ) ;
#554 = ORIENTED_EDGE ( 'NONE', *, *, #6796, .T. ) ;
#555 = CARTESIAN_POINT ( 'NONE',  ( 2.134980403403889060, -10.21865440045518270, 3.719999999999999307 ) ) ;
#556 = EDGE_CURVE ( 'NONE', #2225, #5637, #2411, .T. ) ;
#557 = CARTESIAN_POINT ( 'NONE',  ( -0.4440917969420591915, 2.940992138351987251, 3.319999999999999396 ) ) ;
#558 = EDGE_CURVE ( 'NONE', #4745, #7615, #6025, .T. ) ;
#559 = VERTEX_POINT ( 'NONE', #6737 ) ;
#560 = CARTESIAN_POINT ( 'NONE',  ( 11.70000000000000107, 16.60000000000000497, 2.720000000000000195 ) ) ;
#561 = ORIENTED_EDGE ( 'NONE', *, *, #2358, .T. ) ;
#562 = CARTESIAN_POINT ( 'NONE',  ( 1.875240657404364519, -11.77203934974112265, 3.320000000000000728 ) ) ;
#563 = DIRECTION ( 'NONE',  ( 0.7071067811865470176, -3.276267984366180491E-15, -0.7071067811865480168 ) ) ;
#564 = CARTESIAN_POINT ( 'NONE',  ( 0.5934236856860691800, 4.072753568096932675, 3.320000000000000728 ) ) ;
#565 = EDGE_CURVE ( 'NONE', #4532, #2759, #1219, .T. ) ;
#566 = CARTESIAN_POINT ( 'NONE',  ( -0.4456270348494761890, -3.236709173441353116, 3.319999999999998064 ) ) ;
#567 = B_SPLINE_SURFACE_WITH_KNOTS ( 'NONE', 3, 1, ( 
 ( #3584, #2975 ),
 ( #2278, #7298 ),
 ( #6030, #6073 ),
 ( #7255, #4201 ),
 ( #7423, #5458 ),
 ( #7338, #6728 ),
 ( #3013, #1747 ),
 ( #557, #4320 ),
 ( #3629, #3667 ),
 ( #3705, #4241 ),
 ( #6191, #1666 ) ),
 .UNSPECIFIED., .F., .F., .F.,
 ( 4, 1, 1, 1, 1, 1, 1, 1, 4 ),
 ( 2, 2 ),
 ( 0.000000000000000000, 0.1486553670911306135, 0.2775277428356636156, 0.3951627590888814323, 0.5054565679317052362, 0.6152548626441839419, 0.7313970559141982353, 0.8602694316587312651, 1.000000000000000000 ),
 ( 0.000000000000000000, 1.000000000000000000 ),
 .UNSPECIFIED. ) ;
#568 = CARTESIAN_POINT ( 'NONE',  ( 0.09081116922072930697, -6.449909638619353736, 3.319999999999998952 ) ) ;
#569 = LINE ( 'NONE', #1101, #1134 ) ;
#570 = EDGE_CURVE ( 'NONE', #4214, #5173, #6825, .T. ) ;
#571 = ORIENTED_EDGE ( 'NONE', *, *, #7040, .T. ) ;
#572 = CARTESIAN_POINT ( 'NONE',  ( 2.346927279405214950, -7.994157808536047405, 3.719999999999997975 ) ) ;
#573 = ORIENTED_EDGE ( 'NONE', *, *, #4388, .F. ) ;
#574 = CARTESIAN_POINT ( 'NONE',  ( 4.473892615369948977, 0.3544305047672342002, 3.319999999999999396 ) ) ;
#575 = DIRECTION ( 'NONE',  ( 0.000000000000000000, 0.000000000000000000, -1.000000000000000000 ) ) ;
#576 = CARTESIAN_POINT ( 'NONE',  ( 3.852128128363635273, 4.289432669616538796, 3.319999999999999840 ) ) ;
#577 = CARTESIAN_POINT ( 'NONE',  ( 4.599698685512344731, 2.330352783295121633, 3.720000000000000639 ) ) ;
#578 = CARTESIAN_POINT ( 'NONE',  ( -12.46000000000000441, 4.660000000000000142, 4.559999999999999609 ) ) ;
#579 = CARTESIAN_POINT ( 'NONE',  ( 4.675496803454074701, 6.404388944356337987, 3.320000000000000728 ) ) ;
#580 = VERTEX_POINT ( 'NONE', #4773 ) ;
#581 = EDGE_LOOP ( 'NONE', ( #2784, #4063, #700, #4965 ) ) ;
#582 = CARTESIAN_POINT ( 'NONE',  ( -13.50000000000000355, 15.80000000000000071, -2.000000000000000000 ) ) ;
#583 = CARTESIAN_POINT ( 'NONE',  ( -2.746666666666673251, 18.24666666666666615, 2.873333333333337958 ) ) ;
#584 = EDGE_LOOP ( 'NONE', ( #816, #4646, #4703, #7667, #7314, #6923, #6375, #3393 ) ) ;
#585 = ORIENTED_EDGE ( 'NONE', *, *, #3498, .F. ) ;
#586 = CARTESIAN_POINT ( 'NONE',  ( -0.2018245391134898814, -8.348442092388266289, 3.720000000000000195 ) ) ;
#587 = CARTESIAN_POINT ( 'NONE',  ( 0.08651960784313711406, 6.364162071078435012, 3.720000000000000195 ) ) ;
#588 = MECHANICAL_DESIGN_GEOMETRIC_PRESENTATION_REPRESENTATION (  '', ( #7111 ), #2287 ) ;
#589 = CARTESIAN_POINT ( 'NONE',  ( -0.6916666666666668739, 1.817851945465688068, 3.319999999999999840 ) ) ;
#590 = CARTESIAN_POINT ( 'NONE',  ( 2.500351106119487188, -5.320252202141409370, 3.719999999999999751 ) ) ;
#591 = ORIENTED_EDGE ( 'NONE', *, *, #7161, .T. ) ;
#592 = PLANE ( 'NONE',  #3974 ) ;
#593 = EDGE_CURVE ( 'NONE', #5485, #2378, #7066, .T. ) ;
#594 = CARTESIAN_POINT ( 'NONE',  ( -0.1277339207837065171, -10.15170809159413423, 3.719999999999999751 ) ) ;
#595 = AXIS2_PLACEMENT_3D ( 'NONE', #1911, #6846, #3755 ) ;
#596 = ORIENTED_EDGE ( 'NONE', *, *, #5995, .F. ) ;
#597 = AXIS2_PLACEMENT_3D ( 'NONE', #1490, #5728, #6992 ) ;
#598 = ORIENTED_EDGE ( 'NONE', *, *, #3848, .T. ) ;
#599 = DIRECTION ( 'NONE',  ( 0.000000000000000000, -0.7071067811865486830, 0.7071067811865464625 ) ) ;
#600 = CARTESIAN_POINT ( 'NONE',  ( 4.575669785790121402, -13.26385939282577020, 3.719999999999999307 ) ) ;
#601 = VECTOR ( 'NONE', #1750, 1000.000000000000114 ) ;
#602 = CARTESIAN_POINT ( 'NONE',  ( 0.3659679270342623969, 4.186663798431411898, 3.720000000000000639 ) ) ;
#603 = EDGE_CURVE ( 'NONE', #3679, #4321, #1678, .T. ) ;
#604 = DIRECTION ( 'NONE',  ( 0.000000000000000000, 0.000000000000000000, -1.000000000000000000 ) ) ;
#605 = AXIS2_PLACEMENT_3D ( 'NONE', #2019, #1318, #702 ) ;
#606 = LINE ( 'NONE', #5425, #7659 ) ;
#607 = CARTESIAN_POINT ( 'NONE',  ( 3.821813725490196045, 6.334980085784317261, 3.719999999999999307 ) ) ;
#608 = ORIENTED_EDGE ( 'NONE', *, *, #3172, .F. ) ;
#609 = AXIS2_PLACEMENT_3D ( 'NONE', #7724, #6627, #3481 ) ;
#610 = EDGE_CURVE ( 'NONE', #3884, #3253, #4933, .T. ) ;
#611 = AXIS2_PLACEMENT_3D ( 'NONE', #4049, #6446, #4686 ) ;
#612 = CARTESIAN_POINT ( 'NONE',  ( -5.000000000000002665, 6.600000000000001421, 1.180000000000000160 ) ) ;
#613 = CARTESIAN_POINT ( 'NONE',  ( -0.5266806422855280223, 7.695403046215496090, 3.319999999999999840 ) ) ;
#614 = VERTEX_POINT ( 'NONE', #4814 ) ;
#615 = CIRCLE ( 'NONE', #1791, 0.2999999999999999334 ) ;
#616 = FACE_OUTER_BOUND ( 'NONE', #111, .T. ) ;
#617 = CARTESIAN_POINT ( 'NONE',  ( 0.7114590718654819623, -4.270930253797074805, 3.719999999999999751 ) ) ;
#618 = CARTESIAN_POINT ( 'NONE',  ( 4.029911706819155448, 4.435221385304011221, 3.319999999999999396 ) ) ;
#619 = CARTESIAN_POINT ( 'NONE',  ( 11.70000000000000107, 16.60000000000000853, -1.500000000000000000 ) ) ;
#620 = EDGE_CURVE ( 'NONE', #3404, #2399, #6657, .T. ) ;
#621 = CARTESIAN_POINT ( 'NONE',  ( 4.673061466302258715, 6.006333644497314772, 3.319999999999999396 ) ) ;
#622 = CARTESIAN_POINT ( 'NONE',  ( 3.540637442984554184, 8.513127971581065268, 3.719999999999999751 ) ) ;
#623 = APPLICATION_CONTEXT ( 'automotive_design' ) ;
#624 = ORIENTED_EDGE ( 'NONE', *, *, #3913, .T. ) ;
#625 = ORIENTED_EDGE ( 'NONE', *, *, #2158, .T. ) ;
#626 = CARTESIAN_POINT ( 'NONE',  ( 2.207046322889365975, -4.121537142162652323, 3.720000000000001084 ) ) ;
#627 = FACE_OUTER_BOUND ( 'NONE', #4305, .T. ) ;
#628 = CARTESIAN_POINT ( 'NONE',  ( 4.424908088235294024, -0.7307081035539197966, 3.319999999999999840 ) ) ;
#629 = EDGE_CURVE ( 'NONE', #1578, #4831, #1832, .T. ) ;
#630 = ORIENTED_EDGE ( 'NONE', *, *, #6228, .T. ) ;
#631 = CARTESIAN_POINT ( 'NONE',  ( 3.753962127863434528, -7.172542251306791350, 3.719999999999999307 ) ) ;
#632 = FACE_OUTER_BOUND ( 'NONE', #2600, .T. ) ;
#633 = B_SPLINE_SURFACE_WITH_KNOTS ( 'NONE', 3, 1, ( 
 ( #5968, #987 ),
 ( #6051, #2788 ),
 ( #5275, #6582 ),
 ( #7765, #376 ),
 ( #2178, #2870 ),
 ( #3768, #1228 ),
 ( #4822, #6251 ),
 ( #4941, #45 ),
 ( #3112, #655 ),
 ( #7316, #2459 ),
 ( #1190, #4899 ),
 ( #6822, #7475 ),
 ( #4334, #4860 ),
 ( #498, #7437 ),
 ( #3723, #4374 ),
 ( #1809, #3148 ),
 ( #6207, #5513 ),
 ( #1270, #6785 ),
 ( #2496, #6748 ) ),
 .UNSPECIFIED., .F., .F., .F.,
 ( 4, 1, 1, 1, 1, 1, 1, 1, 1, 1, 1, 1, 1, 1, 1, 1, 4 ),
 ( 2, 2 ),
 ( 0.000000000000000000, 0.07077019184625327197, 0.1375336611081275362, 0.2006169793581458471, 0.2605909862899951079, 0.3180484184502688771, 0.3738017586695284167, 0.4280094535277584322, 0.4819743408048480782, 0.5367224813496765945, 0.5930029318567960894, 0.6511908046063097366, 0.7126164670794574718, 0.7776415481961820308, 0.8467913329680990531, 0.9207926398634125320, 1.000000000000000000 ),
 ( 0.000000000000000000, 1.000000000000000000 ),
 .UNSPECIFIED. ) ;
#634 = CARTESIAN_POINT ( 'NONE',  ( -4.400000000000003020, 15.80000000000000071, 2.720000000000000195 ) ) ;
#635 = CARTESIAN_POINT ( 'NONE',  ( 3.819839896776485499, -6.597828284182211789, 3.719999999999999751 ) ) ;
#636 = ORIENTED_EDGE ( 'NONE', *, *, #2750, .F. ) ;
#637 = AXIS2_PLACEMENT_3D ( 'NONE', #3806, #7558, #692 ) ;
#638 = CARTESIAN_POINT ( 'NONE',  ( 3.790240772047972495, -6.303403028093423011, 3.719999999999999751 ) ) ;
#639 = CYLINDRICAL_SURFACE ( 'NONE', #6091, 0.2999999999999999334 ) ;
#640 = EDGE_CURVE ( 'NONE', #3665, #425, #1715, .T. ) ;
#641 = VERTEX_POINT ( 'NONE', #3675 ) ;
#642 = ORIENTED_EDGE ( 'NONE', *, *, #7299, .F. ) ;
#643 = CARTESIAN_POINT ( 'NONE',  ( -1.266666666666669272, 16.76666666666666217, 1.813333333333334796 ) ) ;
#644 = PLANE ( 'NONE',  #4658 ) ;
#645 = CYLINDRICAL_SURFACE ( 'NONE', #3203, 0.2999999999999999334 ) ;
#646 = CARTESIAN_POINT ( 'NONE',  ( 3.053354779411764586, -0.1312614889705868149, 3.319999999999999840 ) ) ;
#647 = CARTESIAN_POINT ( 'NONE',  ( 1.935927925857843235, -8.007965686274506112, 3.319999999999999840 ) ) ;
#648 = LINE ( 'NONE', #6701, #3869 ) ;
#649 = EDGE_CURVE ( 'NONE', #5088, #1577, #4210, .T. ) ;
#650 = EDGE_LOOP ( 'NONE', ( #1473, #663, #3079, #4271, #4675 ) ) ;
#651 = LINE ( 'NONE', #5142, #3749 ) ;
#652 = LINE ( 'NONE', #5626, #1719 ) ;
#653 = ORIENTED_EDGE ( 'NONE', *, *, #2861, .T. ) ;
#654 = CARTESIAN_POINT ( 'NONE',  ( 3.053354779411764586, -0.1312614889705868149, 3.720000000000000195 ) ) ;
#655 = CARTESIAN_POINT ( 'NONE',  ( -0.2807895102048656999, -4.909588577961921274, 3.720000000000001084 ) ) ;
#656 = DIRECTION ( 'NONE',  ( -0.9315148299942045407, 0.3637033427133551378, 0.000000000000000000 ) ) ;
#657 = LINE ( 'NONE', #2421, #7250 ) ;
#658 = DIRECTION ( 'NONE',  ( 0.000000000000000000, -1.000000000000000000, 0.000000000000000000 ) ) ;
#659 = CARTESIAN_POINT ( 'NONE',  ( 4.595140691490882112, 0.05131352188884390902, 3.719999999999999751 ) ) ;
#660 = ADVANCED_FACE ( 'NONE', ( #491 ), #2984, .F. ) ;
#661 = ADVANCED_FACE ( 'NONE', ( #7347 ), #7855, .T. ) ;
#662 = ORIENTED_EDGE ( 'NONE', *, *, #7945, .T. ) ;
#663 = ORIENTED_EDGE ( 'NONE', *, *, #4302, .T. ) ;
#664 = CARTESIAN_POINT ( 'NONE',  ( 3.942403272426543648, -4.769624719783777778, 3.720000000000000639 ) ) ;
#665 = PLANE ( 'NONE',  #4774 ) ;
#666 = DIRECTION ( 'NONE',  ( 0.000000000000000000, 0.000000000000000000, -1.000000000000000000 ) ) ;
#667 = CARTESIAN_POINT ( 'NONE',  ( -5.000000000000000888, -3.700000000000000178, 2.720000000000000195 ) ) ;
#668 = CARTESIAN_POINT ( 'NONE',  ( 4.515179031723806524, 0.3207697733707685073, 3.720000000000000195 ) ) ;
#669 = CARTESIAN_POINT ( 'NONE',  ( -11.69999999999999929, -16.60000000000000853, -1.500000000000000000 ) ) ;
#670 = EDGE_CURVE ( 'NONE', #521, #5524, #7992, .T. ) ;
#671 = LINE ( 'NONE', #5609, #1040 ) ;
#672 = CARTESIAN_POINT ( 'NONE',  ( 4.675496803454073813, -6.591321839957387851, 3.319999999999999396 ) ) ;
#673 = EDGE_LOOP ( 'NONE', ( #6937, #4777, #7799, #1525 ) ) ;
#674 = CARTESIAN_POINT ( 'NONE',  ( 3.595964893866836043, -5.878541142941905662, 3.719999999999997975 ) ) ;
#675 = LINE ( 'NONE', #1990, #7394 ) ;
#676 = ORIENTED_EDGE ( 'NONE', *, *, #670, .F. ) ;
#677 = EDGE_LOOP ( 'NONE', ( #3386, #7688, #1382, #6593 ) ) ;
#678 = DIRECTION ( 'NONE',  ( 0.000000000000000000, -0.000000000000000000, -1.000000000000000000 ) ) ;
#679 = CARTESIAN_POINT ( 'NONE',  ( 0.08651960784313711406, 6.364162071078435012, 3.319999999999999840 ) ) ;
#680 = CARTESIAN_POINT ( 'NONE',  ( 1.883217834515139355, -5.284872614925824941, 3.720000000000001084 ) ) ;
#681 = CARTESIAN_POINT ( 'NONE',  ( 4.424908088235294024, -0.7307081035539197966, 3.319999999999999840 ) ) ;
#682 = LINE ( 'NONE', #772, #5043 ) ;
#683 = LINE ( 'NONE', #2043, #7121 ) ;
#684 = VECTOR ( 'NONE', #6659, 1000.000000000000000 ) ;
#685 = ORIENTED_EDGE ( 'NONE', *, *, #7451, .T. ) ;
#686 = DIRECTION ( 'NONE',  ( 0.000000000000000000, -1.000000000000000000, 0.000000000000000000 ) ) ;
#687 = LINE ( 'NONE', #930, #802 ) ;
#688 = VERTEX_POINT ( 'NONE', #1298 ) ;
#689 = FACE_BOUND ( 'NONE', #2904, .T. ) ;
#690 = FACE_OUTER_BOUND ( 'NONE', #764, .T. ) ;
#691 = B_SPLINE_SURFACE_WITH_KNOTS ( 'NONE', 3, 1, ( 
 ( #5908, #6525 ),
 ( #3460, #5219 ),
 ( #5943, #896 ),
 ( #7708, #355 ),
 ( #7783, #7211 ),
 ( #2120, #4601 ),
 ( #5333, #1622 ),
 ( #6604, #1007 ),
 ( #3389, #5986 ),
 ( #2156, #2200 ),
 ( #2766, #7092 ) ),
 .UNSPECIFIED., .F., .F., .F.,
 ( 4, 1, 1, 1, 1, 1, 1, 1, 4 ),
 ( 2, 2 ),
 ( 0.000000000000000000, 0.06754805189309967539, 0.1328367670602772777, 0.2066318200088057555, 0.3027719160070708182, 0.4256968521370184666, 0.5779292865198080165, 0.7642935101725214508, 1.000000000000000000 ),
 ( 0.000000000000000000, 1.000000000000000000 ),
 .UNSPECIFIED. ) ;
#692 = DIRECTION ( 'NONE',  ( 1.000000000000000000, 0.000000000000000000, 1.176322934811855122E-12 ) ) ;
#693 = CARTESIAN_POINT ( 'NONE',  ( -13.50000000000000355, 5.699999999999998401, -2.000000000000000000 ) ) ;
#694 = FACE_OUTER_BOUND ( 'NONE', #3003, .T. ) ;
#695 = EDGE_CURVE ( 'NONE', #1459, #1751, #5136, .T. ) ;
#696 = LINE ( 'NONE', #784, #6561 ) ;
#697 = CARTESIAN_POINT ( 'NONE',  ( 2.672588160371158317, 7.646500050904040613, 3.719999999999999751 ) ) ;
#698 = B_SPLINE_SURFACE_WITH_KNOTS ( 'NONE', 3, 1, ( 
 ( #5520, #5444 ),
 ( #2999, #8008 ),
 ( #2427, #626 ),
 ( #16, #6261 ),
 ( #5639, #2587 ),
 ( #3853, #7689 ),
 ( #6990, #5030 ),
 ( #5078, #6338 ),
 ( #2625, #6297 ),
 ( #7605, #664 ),
 ( #219, #1937 ),
 ( #2710, #1977 ),
 ( #2102, #5117 ),
 ( #3814, #1279 ),
 ( #1400, #1317 ),
 ( #3322, #4582 ),
 ( #5198, #1444 ),
 ( #3778, #3157 ),
 ( #2018, #4501 ) ),
 .UNSPECIFIED., .F., .F., .F.,
 ( 4, 1, 1, 1, 1, 1, 1, 1, 1, 1, 1, 1, 1, 1, 1, 1, 4 ),
 ( 2, 2 ),
 ( 0.000000000000000000, 0.07382228342945415522, 0.1440501022091540406, 0.2107282076646930513, 0.2746787875331983542, 0.3359894966732780430, 0.3953132383740303180, 0.4526620807477487185, 0.5091377853370301354, 0.5651006441719411688, 0.6213201579575617917, 0.6784104757689226606, 0.7371470321365205525, 0.7979752356230530586, 0.8617276823459042445, 0.9289725806969629796, 1.000000000000000000 ),
 ( 0.000000000000000000, 1.000000000000000000 ),
 .UNSPECIFIED. ) ;
#699 = EDGE_LOOP ( 'NONE', ( #4317, #7435, #3146, #6007 ) ) ;
#700 = ORIENTED_EDGE ( 'NONE', *, *, #1814, .F. ) ;
#701 = CARTESIAN_POINT ( 'NONE',  ( 4.677818627450980316, 6.302150352328435012, 3.720000000000000195 ) ) ;
#702 = DIRECTION ( 'NONE',  ( 1.000000000000000000, 0.000000000000000000, 0.000000000000000000 ) ) ;
#703 = VECTOR ( 'NONE', #5047, 1000.000000000000000 ) ;
#704 = B_SPLINE_CURVE_WITH_KNOTS ( 'NONE', 3,
 ( #4853, #2489, #4971, #5505, #5542, #6700, #4176, #6779, #7348, #6043, #7467, #4934, #1100, #3676, #7309, #6163, #568, #4815, #6200 ),
 .UNSPECIFIED., .F., .F.,
 ( 4, 1, 1, 1, 1, 1, 1, 1, 1, 1, 1, 1, 1, 1, 1, 1, 4 ),
 ( 0.000000000000000000, 0.07801658241315506670, 0.1520108989696595247, 0.2235235135621239655, 0.2913608410231869339, 0.3557436233543372350, 0.4173412190993510129, 0.4756446101987400477, 0.5316386042055216699, 0.5858325707155116469, 0.6390406953663660961, 0.6926000062315468275, 0.7470606306267160157, 0.8037278171866862886, 0.8639649962929041305, 0.9293068567077238384, 0.9999999999999998890 ),
 .UNSPECIFIED. ) ;
#705 = PLANE ( 'NONE',  #6482 ) ;
#706 = CARTESIAN_POINT ( 'NONE',  ( 3.651875885848974157, -8.831700331566464612, 3.319999999999999840 ) ) ;
#707 = CARTESIAN_POINT ( 'NONE',  ( -0.3508528326112014817, -8.155861595583418833, 3.720000000000001084 ) ) ;
#708 = EDGE_CURVE ( 'NONE', #2736, #7396, #3002, .T. ) ;
#709 = CARTESIAN_POINT ( 'NONE',  ( 0.3144049315891143670, 5.581106239454067364, 3.720000000000000195 ) ) ;
#710 = CARTESIAN_POINT ( 'NONE',  ( -0.3387856704039460820, -13.45440581543365610, 3.320000000000000284 ) ) ;
#711 = DIRECTION ( 'NONE',  ( 0.000000000000000000, 0.000000000000000000, 1.000000000000000000 ) ) ;
#712 = ADVANCED_FACE ( 'NONE', ( #1425 ), #4365, .T. ) ;
#713 = CARTESIAN_POINT ( 'NONE',  ( 3.821813725490196045, -6.660730698529407690, 3.720000000000000195 ) ) ;
#714 = ORIENTED_EDGE ( 'NONE', *, *, #4485, .F. ) ;
#715 = DIRECTION ( 'NONE',  ( -2.775557561562891351E-16, 1.000000000000000000, 0.000000000000000000 ) ) ;
#716 = EDGE_CURVE ( 'NONE', #6241, #5300, #2488, .T. ) ;
#717 = CARTESIAN_POINT ( 'NONE',  ( 13.34000000000000163, 19.44000000000000128, 1.680000000000000604 ) ) ;
#718 = ORIENTED_EDGE ( 'NONE', *, *, #5897, .F. ) ;
#719 = EDGE_LOOP ( 'NONE', ( #6032, #6888, #6732, #3488 ) ) ;
#720 = CARTESIAN_POINT ( 'NONE',  ( 9.099999999999996092, 10.90000000000000036, 3.720000000000000195 ) ) ;
#721 = CARTESIAN_POINT ( 'NONE',  ( -11.70000000000000107, 15.80000000000000071, -1.000000000000001332 ) ) ;
#722 = CARTESIAN_POINT ( 'NONE',  ( 1.783049216106233459, 8.877060699195697069, 3.320000000000000728 ) ) ;
#723 = ORIENTED_EDGE ( 'NONE', *, *, #201, .F. ) ;
#724 = CARTESIAN_POINT ( 'NONE',  ( 1.893370863970587958, 8.878676470588239056, 3.720000000000000195 ) ) ;
#725 = CARTESIAN_POINT ( 'NONE',  ( 3.817382062587413749, 6.151788458473214760, 3.319999999999999396 ) ) ;
#726 = B_SPLINE_CURVE_WITH_KNOTS ( 'NONE', 3,
 ( #3982, #7694, #5202, #4586, #5240, #7768, #7075, #3288, #5772, #2181, #1492, #878, #3373, #2069, #7729, #919, #2144, #4627, #2791 ),
 .UNSPECIFIED., .F., .F.,
 ( 4, 1, 1, 1, 1, 1, 1, 1, 1, 1, 1, 1, 1, 1, 1, 1, 4 ),
 ( 0.000000000000000000, 0.07382228342945415522, 0.1440501022091540684, 0.2107282076646930513, 0.2746787875331982987, 0.3359894966732780430, 0.3953132383740302069, 0.4526620807477487185, 0.5091377853370301354, 0.5651006441719410578, 0.6213201579575615696, 0.6784104757689224385, 0.7371470321365203304, 0.7979752356230528365, 0.8617276823459042445, 0.9289725806969627575, 1.000000000000000000 ),
 .UNSPECIFIED. ) ;
#727 = CARTESIAN_POINT ( 'NONE',  ( 3.314867614684270603, -7.728055581045849998, 3.319999999999999396 ) ) ;
#728 = VECTOR ( 'NONE', #4538, 1000.000000000000114 ) ;
#729 = VERTEX_POINT ( 'NONE', #7504 ) ;
#730 = LINE ( 'NONE', #3801, #881 ) ;
#731 = DIRECTION ( 'NONE',  ( -1.000000000000000000, -0.000000000000000000, -0.000000000000000000 ) ) ;
#732 = ORIENTED_EDGE ( 'NONE', *, *, #3671, .T. ) ;
#733 = CARTESIAN_POINT ( 'NONE',  ( -2.100000000000004530, 16.29999999999999716, 2.720000000000000195 ) ) ;
#734 = CARTESIAN_POINT ( 'NONE',  ( 4.599771926949995482, -0.2241004973256953414, 3.319999999999999840 ) ) ;
#735 = EDGE_LOOP ( 'NONE', ( #153, #4245, #6182, #6325, #2868, #3176, #2880, #5805 ) ) ;
#736 = CARTESIAN_POINT ( 'NONE',  ( 4.600000000000000533, -0.1811140471813708352, 3.720000000000000639 ) ) ;
#737 = DIRECTION ( 'NONE',  ( 0.9366717556548816992, 0.3502085409558159390, 0.000000000000000000 ) ) ;
#738 = VECTOR ( 'NONE', #7364, 1000.000000000000000 ) ;
#739 = CARTESIAN_POINT ( 'NONE',  ( 2.918494823187899545, 3.901358895735954846, 3.319999999999999396 ) ) ;
#740 = CARTESIAN_POINT ( 'NONE',  ( 4.570242275100565799, 0.2158258089998628393, 3.320000000000000728 ) ) ;
#741 = CIRCLE ( 'NONE', #3876, 0.2999999999999999334 ) ;
#742 = CARTESIAN_POINT ( 'NONE',  ( 3.821813725490196045, 6.334980085784317261, 3.720000000000000195 ) ) ;
#743 = AXIS2_PLACEMENT_3D ( 'NONE', #3046, #3536, #4195 ) ;
#744 = ORIENTED_EDGE ( 'NONE', *, *, #3717, .F. ) ;
#745 = VECTOR ( 'NONE', #395, 1000.000000000000000 ) ;
#746 = VERTEX_POINT ( 'NONE', #3221 ) ;
#747 = EDGE_CURVE ( 'NONE', #4702, #5605, #36, .T. ) ;
#748 = DIRECTION ( 'NONE',  ( -0.000000000000000000, -0.000000000000000000, 1.000000000000000000 ) ) ;
#749 = CYLINDRICAL_SURFACE ( 'NONE', #3744, 1.799999999999999600 ) ;
#750 = FACE_OUTER_BOUND ( 'NONE', #5746, .T. ) ;
#751 = VECTOR ( 'NONE', #2622, 1000.000000000000000 ) ;
#752 = DIRECTION ( 'NONE',  ( -1.000000000000000000, 0.000000000000000000, 0.000000000000000000 ) ) ;
#753 = CARTESIAN_POINT ( 'NONE',  ( 4.441569564720878383, 0.3669105947799977674, 3.720000000000000195 ) ) ;
#754 = CARTESIAN_POINT ( 'NONE',  ( 1.572030634622815892, 5.003761611473575677, 3.720000000000000639 ) ) ;
#755 = VECTOR ( 'NONE', #836, 1000.000000000000000 ) ;
#756 = ADVANCED_FACE ( 'NONE', ( #3796 ), #3139, .F. ) ;
#757 = CARTESIAN_POINT ( 'NONE',  ( 1.494883483122620538, -11.08506671632211393, 3.319999999999999396 ) ) ;
#758 = CARTESIAN_POINT ( 'NONE',  ( 0.7280575301023723966, -5.495202793758052984, 3.319999999999999840 ) ) ;
#759 = CARTESIAN_POINT ( 'NONE',  ( 2.138818883099698809, -5.285677082341361910, 3.720000000000000195 ) ) ;
#760 = VERTEX_POINT ( 'NONE', #2041 ) ;
#761 = CARTESIAN_POINT ( 'NONE',  ( -0.5841716453349947713, -3.154494544296718939, 3.719999999999999751 ) ) ;
#762 = CARTESIAN_POINT ( 'NONE',  ( 0.2161872585927955281, 7.010976821104362600, 3.720000000000000195 ) ) ;
#763 = EDGE_CURVE ( 'NONE', #4745, #67, #1916, .T. ) ;
#764 = EDGE_LOOP ( 'NONE', ( #3936, #1212, #3262, #3509 ) ) ;
#765 = ADVANCED_FACE ( 'NONE', ( #1258 ), #7466, .T. ) ;
#766 = ORIENTED_EDGE ( 'NONE', *, *, #524, .F. ) ;
#767 = LINE ( 'NONE', #643, #6475 ) ;
#768 = CARTESIAN_POINT ( 'NONE',  ( -3.600000000000004086, -13.90000000000000391, 2.720000000000000195 ) ) ;
#769 = CARTESIAN_POINT ( 'NONE',  ( 0.1168372491556372433, -6.279091102157566162, 3.719999999999999751 ) ) ;
#770 = VERTEX_POINT ( 'NONE', #8069 ) ;
#771 = CARTESIAN_POINT ( 'NONE',  ( 4.578361860732077737, -0.5034652992515117331, 3.319999999999998952 ) ) ;
#772 = CARTESIAN_POINT ( 'NONE',  ( -1.500000000000003775, -4.599999999999999645, 1.180000000000000160 ) ) ;
#773 = CARTESIAN_POINT ( 'NONE',  ( 0.1643382352941175073, -11.91470396752450966, 3.319999999999999840 ) ) ;
#774 = EDGE_CURVE ( 'NONE', #7655, #5357, #5523, .T. ) ;
#775 = CARTESIAN_POINT ( 'NONE',  ( -1.800000000000003375, -2.399999999999999467, 2.720000000000000195 ) ) ;
#776 = ORIENTED_EDGE ( 'NONE', *, *, #6013, .T. ) ;
#777 = FACE_BOUND ( 'NONE', #2976, .T. ) ;
#778 = DIRECTION ( 'NONE',  ( -4.003208021484931439E-15, 1.000000000000000000, 0.000000000000000000 ) ) ;
#779 = ORIENTED_EDGE ( 'NONE', *, *, #6448, .T. ) ;
#780 = CARTESIAN_POINT ( 'NONE',  ( -1.900000000000004130, 13.19999999999999929, 2.720000000000000195 ) ) ;
#781 = DIRECTION ( 'NONE',  ( -0.000000000000000000, -0.000000000000000000, 1.000000000000000000 ) ) ;
#782 = DIRECTION ( 'NONE',  ( 0.000000000000000000, 0.7071067811865517916, -0.7071067811865433539 ) ) ;
#783 = CIRCLE ( 'NONE', #5336, 0.2999999999999999334 ) ;
#784 = CARTESIAN_POINT ( 'NONE',  ( 12.50000000000000000, 15.80000000000000426, 2.720000000000000195 ) ) ;
#785 = DIRECTION ( 'NONE',  ( 0.000000000000000000, -0.000000000000000000, 1.000000000000000000 ) ) ;
#786 = VERTEX_POINT ( 'NONE', #5181 ) ;
#787 = EDGE_LOOP ( 'NONE', ( #2438, #4691, #6138, #4654 ) ) ;
#788 = CARTESIAN_POINT ( 'NONE',  ( 2.918494823187899545, 3.901358895735954846, 3.719999999999999751 ) ) ;
#789 = CARTESIAN_POINT ( 'NONE',  ( 4.536616064929916092, 2.908310214389167037, 3.319999999999998952 ) ) ;
#790 = DIRECTION ( 'NONE',  ( 1.000000000000000000, 0.000000000000000000, 0.000000000000000000 ) ) ;
#791 = CARTESIAN_POINT ( 'NONE',  ( 13.49999999999999645, -15.80000000000000071, 3.520000000000001350 ) ) ;
#792 = CARTESIAN_POINT ( 'NONE',  ( 1.935927925857843235, 4.987745098039218838, 3.319999999999999840 ) ) ;
#793 = CARTESIAN_POINT ( 'NONE',  ( 0.2166598451078104171, -11.44155326080619517, 3.720000000000000195 ) ) ;
#794 = EDGE_CURVE ( 'NONE', #5655, #4840, #7478, .T. ) ;
#795 = CARTESIAN_POINT ( 'NONE',  ( -0.3957197657110390621, -13.45277371918336939, 3.320000000000000284 ) ) ;
#796 = LINE ( 'NONE', #4471, #3569 ) ;
#797 = CARTESIAN_POINT ( 'NONE',  ( 4.677818627450980316, -6.693560431985290826, 3.720000000000000195 ) ) ;
#798 = ORIENTED_EDGE ( 'NONE', *, *, #2252, .F. ) ;
#799 = CARTESIAN_POINT ( 'NONE',  ( 2.672588160371159649, -5.349210733409683449, 3.719999999999998419 ) ) ;
#800 = EDGE_CURVE ( 'NONE', #6188, #3522, #6042, .T. ) ;
#801 = CARTESIAN_POINT ( 'NONE',  ( 11.69999999999999929, -16.60000000000000497, -0.5000000000000000000 ) ) ;
#802 = VECTOR ( 'NONE', #3422, 1000.000000000000000 ) ;
#803 = ORIENTED_EDGE ( 'NONE', *, *, #5963, .T. ) ;
#804 = EDGE_LOOP ( 'NONE', ( #1442, #3968, #7700, #1455 ) ) ;
#805 = DIRECTION ( 'NONE',  ( 0.000000000000000000, 0.7071067811865470176, -0.7071067811865480168 ) ) ;
#806 = CARTESIAN_POINT ( 'NONE',  ( 11.70000000000000107, -17.10000000000000497, -1.000000000000001110 ) ) ;
#807 = EDGE_CURVE ( 'NONE', #5624, #3042, #4754, .T. ) ;
#808 = CARTESIAN_POINT ( 'NONE',  ( 1.749716334588011124, -5.285961579385778819, 3.720000000000001084 ) ) ;
#809 = CARTESIAN_POINT ( 'NONE',  ( -4.400000000000003020, 6.600000000000001421, 3.720000000000000195 ) ) ;
#810 = ADVANCED_FACE ( 'NONE', ( #4796 ), #7072, .T. ) ;
#811 = CARTESIAN_POINT ( 'NONE',  ( 3.433275238834901710, 5.350516990820941565, 3.320000000000000728 ) ) ;
#812 = PLANE ( 'NONE',  #5945 ) ;
#813 = VECTOR ( 'NONE', #6996, 1000.000000000000000 ) ;
#814 = ORIENTED_EDGE ( 'NONE', *, *, #1915, .T. ) ;
#815 = CARTESIAN_POINT ( 'NONE',  ( -0.6916666666666668739, -2.857345281862743391, 3.720000000000000195 ) ) ;
#816 = ORIENTED_EDGE ( 'NONE', *, *, #5689, .T. ) ;
#817 = B_SPLINE_CURVE_WITH_KNOTS ( 'NONE', 3,
 ( #3511, #1674, #6496, #7101, #2164, #3434, #2896, #5379, #4171, #903, #3397, #324, #7792, #2208, #7179, #6160, #6080, #7383, #3711 ),
 .UNSPECIFIED., .F., .F.,
 ( 4, 1, 1, 1, 1, 1, 1, 1, 1, 1, 1, 1, 1, 1, 1, 1, 4 ),
 ( 0.000000000000000000, 0.07255272313457271360, 0.1417418909686664619, 0.2077360430198710028, 0.2714290876032899313, 0.3325578037061184267, 0.3914575579804829286, 0.4488933542825400136, 0.5054700295189402670, 0.5615532413088397679, 0.6180923290137483317, 0.6752642379500596315, 0.7344520322322817263, 0.7959842728098599496, 0.8603756616731867979, 0.9280028065836891660, 1.000000000000000000 ),
 .UNSPECIFIED. ) ;
#818 = PLANE ( 'NONE',  #3227 ) ;
#819 = CARTESIAN_POINT ( 'NONE',  ( 4.429771752450980316, 1.952818627450982003, 3.319999999999999840 ) ) ;
#820 = EDGE_CURVE ( 'NONE', #240, #1936, #6639, .T. ) ;
#821 = ORIENTED_EDGE ( 'NONE', *, *, #49, .T. ) ;
#822 = FACE_OUTER_BOUND ( 'NONE', #4529, .T. ) ;
#823 = DIRECTION ( 'NONE',  ( 0.000000000000000000, 0.000000000000000000, -1.000000000000000000 ) ) ;
#824 = CARTESIAN_POINT ( 'NONE',  ( 0.2916770998294672679, 7.134800849755194463, 3.319999999999999396 ) ) ;
#825 = CIRCLE ( 'NONE', #1213, 0.5999999999999998668 ) ;
#826 = EDGE_CURVE ( 'NONE', #3464, #1772, #197, .T. ) ;
#827 = CARTESIAN_POINT ( 'NONE',  ( 4.424908088235294024, 0.3733436734068640850, 3.319999999999999840 ) ) ;
#828 = CARTESIAN_POINT ( 'NONE',  ( 3.500820289539123831, 7.230360563971668597, 3.719999999999999751 ) ) ;
#829 = ORIENTED_EDGE ( 'NONE', *, *, #1197, .T. ) ;
#830 = ORIENTED_EDGE ( 'NONE', *, *, #1313, .F. ) ;
#831 = AXIS2_PLACEMENT_3D ( 'NONE', #3180, #1959, #604 ) ;
#832 = CARTESIAN_POINT ( 'NONE',  ( 4.673061466302258715, 6.006333644497314772, 3.719999999999999751 ) ) ;
#833 = FACE_OUTER_BOUND ( 'NONE', #176, .T. ) ;
#834 = FACE_OUTER_BOUND ( 'NONE', #4426, .T. ) ;
#835 = LINE ( 'NONE', #6956, #4559 ) ;
#836 = DIRECTION ( 'NONE',  ( 0.000000000000000000, 1.000000000000000000, 0.000000000000000000 ) ) ;
#837 = CARTESIAN_POINT ( 'NONE',  ( 0.08827652974940969344, 6.301214722494322906, 3.719999999999999751 ) ) ;
#838 = VERTEX_POINT ( 'NONE', #7889 ) ;
#839 = CARTESIAN_POINT ( 'NONE',  ( 1.732709692194672302, -11.31013095131832991, 3.319999999999999840 ) ) ;
#840 = FACE_OUTER_BOUND ( 'NONE', #5838, .T. ) ;
#841 = B_SPLINE_SURFACE_WITH_KNOTS ( 'NONE', 3, 1, ( 
 ( #4825, #1110 ),
 ( #5555, #3566 ),
 ( #621, #3605 ),
 ( #8044, #2463 ),
 ( #7440, #3726 ),
 ( #7359, #1850 ),
 ( #5477, #1768 ),
 ( #6099, #5595 ),
 ( #6751, #4337 ),
 ( #4260, #3649 ),
 ( #6826, #3116 ),
 ( #1231, #7278 ),
 ( #6055, #6136 ),
 ( #538, #3772 ),
 ( #739, #7479 ),
 ( #4378, #2055 ),
 ( #5112, #5024 ),
 ( #1310, #5721 ),
 ( #135, #1972 ) ),
 .UNSPECIFIED., .F., .F., .F.,
 ( 4, 1, 1, 1, 1, 1, 1, 1, 1, 1, 1, 1, 1, 1, 1, 1, 4 ),
 ( 2, 2 ),
 ( 0.000000000000000000, 0.07162820314866626126, 0.1389881115085654928, 0.2024548791123500779, 0.2622910703773537189, 0.3193827275654347875, 0.3744225040896249079, 0.4284167490842137882, 0.4819218502216052191, 0.5360709801611814873, 0.5917317931235177575, 0.6498297489339293076, 0.7111916591917688546, 0.7764452229142141393, 0.8457809067368114997, 0.9202927221421005610, 1.000000000000000000 ),
 ( 0.000000000000000000, 1.000000000000000000 ),
 .UNSPECIFIED. ) ;
#842 = LINE ( 'NONE', #4556, #5459 ) ;
#843 = ORIENTED_EDGE ( 'NONE', *, *, #7841, .F. ) ;
#844 = CARTESIAN_POINT ( 'NONE',  ( 2.992843763966191339, -5.438127465509547953, 3.319999999999998952 ) ) ;
#845 = CARTESIAN_POINT ( 'NONE',  ( -4.400000000000001243, -3.700000000000003730, 3.720000000000000195 ) ) ;
#846 = ORIENTED_EDGE ( 'NONE', *, *, #7049, .T. ) ;
#847 = EDGE_LOOP ( 'NONE', ( #7526, #779, #196, #4036, #7031 ) ) ;
#848 = ADVANCED_FACE ( 'NONE', ( #3535 ), #7288, .F. ) ;
#849 = DIRECTION ( 'NONE',  ( 0.000000000000000000, 0.000000000000000000, -1.000000000000000000 ) ) ;
#850 = CARTESIAN_POINT ( 'NONE',  ( -3.300000000000004263, -16.60000000000000497, 1.180000000000000160 ) ) ;
#851 = DIRECTION ( 'NONE',  ( 1.000000000000000000, 0.000000000000000000, 0.000000000000000000 ) ) ;
#852 = EDGE_LOOP ( 'NONE', ( #3274, #319, #8017, #3297 ) ) ;
#853 = CARTESIAN_POINT ( 'NONE',  ( -0.6916666666666668739, -2.154545802696076873, 3.319999999999999840 ) ) ;
#854 = CIRCLE ( 'NONE', #5155, 1.600000000000000755 ) ;
#855 = ORIENTED_EDGE ( 'NONE', *, *, #5447, .F. ) ;
#856 = CARTESIAN_POINT ( 'NONE',  ( 3.820291584535983720, -6.723651431562601033, 3.319999999999999396 ) ) ;
#857 = ORIENTED_EDGE ( 'NONE', *, *, #1090, .T. ) ;
#858 = EDGE_CURVE ( 'NONE', #3831, #322, #5450, .T. ) ;
#859 = DIRECTION ( 'NONE',  ( 0.000000000000000000, 0.000000000000000000, -1.000000000000000000 ) ) ;
#860 = CARTESIAN_POINT ( 'NONE',  ( -0.6903292029477906544, -2.886666560321077046, 3.320000000000000284 ) ) ;
#861 = ORIENTED_EDGE ( 'NONE', *, *, #1699, .F. ) ;
#862 = CARTESIAN_POINT ( 'NONE',  ( 4.536551454078328938, -12.42960075587483004, 3.319999999999999840 ) ) ;
#863 = DIRECTION ( 'NONE',  ( -0.000000000000000000, -0.000000000000000000, 1.000000000000000000 ) ) ;
#864 = CARTESIAN_POINT ( 'NONE',  ( 4.468807348917150257, -2.252967918228399480, 3.320000000000000284 ) ) ;
#865 = VECTOR ( 'NONE', #3190, 1000.000000000000000 ) ;
#866 = CARTESIAN_POINT ( 'NONE',  ( 4.504518981260971167, -12.39222551189736166, 3.320000000000000728 ) ) ;
#867 = CARTESIAN_POINT ( 'NONE',  ( 4.677818627450980316, -6.693560431985290826, 3.319999999999999840 ) ) ;
#868 = EDGE_CURVE ( 'NONE', #540, #6188, #1698, .T. ) ;
#869 = ORIENTED_EDGE ( 'NONE', *, *, #807, .F. ) ;
#870 = ORIENTED_EDGE ( 'NONE', *, *, #3512, .F. ) ;
#871 = EDGE_CURVE ( 'NONE', #4003, #7967, #2507, .T. ) ;
#872 = AXIS2_PLACEMENT_3D ( 'NONE', #452, #4099, #6011 ) ;
#873 = CARTESIAN_POINT ( 'NONE',  ( 3.535695553811073477, 5.448401150122715642, 3.720000000000000639 ) ) ;
#874 = CARTESIAN_POINT ( 'NONE',  ( 4.504493070247988840, 2.942070855261859741, 3.719999999999999751 ) ) ;
#875 = LINE ( 'NONE', #1529, #7533 ) ;
#876 = VECTOR ( 'NONE', #329, 1000.000000000000000 ) ;
#877 = DIRECTION ( 'NONE',  ( 0.9382516517461335637, -0.3459535199931521032, 0.000000000000000000 ) ) ;
#878 = CARTESIAN_POINT ( 'NONE',  ( 4.261889006266473601, 7.859043793978589321, 3.320000000000000284 ) ) ;
#879 = DIRECTION ( 'NONE',  ( 1.000000000000000000, 0.000000000000000000, 0.000000000000000000 ) ) ;
#880 = AXIS2_PLACEMENT_3D ( 'NONE', #7218, #2776, #1632 ) ;
#881 = VECTOR ( 'NONE', #127, 1000.000000000000000 ) ;
#882 = PRODUCT_DEFINITION_CONTEXT ( 'detailed design', #623, 'design' ) ;
#883 = EDGE_CURVE ( 'NONE', #4097, #6940, #3455, .T. ) ;
#884 = VECTOR ( 'NONE', #6977, 1000.000000000000114 ) ;
#885 = LINE ( 'NONE', #7612, #8035 ) ;
#886 = CARTESIAN_POINT ( 'NONE',  ( 0.1168372491556372433, -6.279091102157566162, 3.319999999999999396 ) ) ;
#887 = ORIENTED_EDGE ( 'NONE', *, *, #1113, .F. ) ;
#888 = AXIS2_PLACEMENT_3D ( 'NONE', #18, #2543, #3980 ) ;
#889 = CARTESIAN_POINT ( 'NONE',  ( 0.000000000000000000, 0.000000000000000000, 1.180000000000000160 ) ) ;
#890 = ORIENTED_EDGE ( 'NONE', *, *, #2328, .F. ) ;
#891 = CARTESIAN_POINT ( 'NONE',  ( 12.50000000000000000, 10.70000000000000107, -2.000000000000000000 ) ) ;
#892 = CARTESIAN_POINT ( 'NONE',  ( 4.467303429947890869, -3.257188697702243729, 3.719999999999999307 ) ) ;
#893 = CARTESIAN_POINT ( 'NONE',  ( 1.261231859225221408, 8.842900560934019438, 3.719999999999997975 ) ) ;
#894 = ORIENTED_EDGE ( 'NONE', *, *, #1241, .F. ) ;
#895 = CARTESIAN_POINT ( 'NONE',  ( 13.49999999999999645, 10.89999999999999325, 3.520000000000001350 ) ) ;
#896 = CARTESIAN_POINT ( 'NONE',  ( 4.468807348917150257, -2.252967918228399480, 3.720000000000003304 ) ) ;
#897 = LINE ( 'NONE', #356, #4875 ) ;
#898 = CARTESIAN_POINT ( 'NONE',  ( -0.6885491716130018869, -1.988378552581034686, 3.320000000000000284 ) ) ;
#899 = ORIENTED_EDGE ( 'NONE', *, *, #6154, .F. ) ;
#900 = CYLINDRICAL_SURFACE ( 'NONE', #5682, 0.5999999999999998668 ) ;
#901 = EDGE_LOOP ( 'NONE', ( #4281, #1649, #2640, #1019, #3630, #2664, #26, #4828, #6315, #2365, #2494, #6695, #6634, #1288, #3337, #6504, #6329, #6761, #5046, #1869, #3321, #5472, #5736 ) ) ;
#902 = PLANE ( 'NONE',  #5550 ) ;
#903 = CARTESIAN_POINT ( 'NONE',  ( -0.03293378579303537362, -8.522650254413044024, 3.319999999999999840 ) ) ;
#904 = ORIENTED_EDGE ( 'NONE', *, *, #6280, .T. ) ;
#905 = CARTESIAN_POINT ( 'NONE',  ( 4.467642206499518487, -12.36885799240190487, 3.319999999999999396 ) ) ;
#906 = CARTESIAN_POINT ( 'NONE',  ( -0.5839902617161963905, 5.284684533755481084, 3.319999999999999396 ) ) ;
#907 = CARTESIAN_POINT ( 'NONE',  ( 2.322131918434123588, -5.300160687101264756, 3.319999999999999396 ) ) ;
#908 = DIRECTION ( 'NONE',  ( 1.000000000000000000, 0.000000000000000000, 0.000000000000000000 ) ) ;
#909 = CARTESIAN_POINT ( 'NONE',  ( 13.00000000000000533, -15.80000000000000071, -1.000000000000001110 ) ) ;
#910 = ADVANCED_FACE ( 'NONE', ( #1618 ), #5251, .F. ) ;
#911 = B_SPLINE_CURVE_WITH_KNOTS ( 'NONE', 3,
 ( #2344, #3032, #3684, #2992, #6097, #1766, #6863, #6171, #2461, #7317, #7356 ),
 .UNSPECIFIED., .F., .F.,
 ( 4, 1, 1, 1, 1, 1, 1, 1, 4 ),
 ( 0.000000000000000000, 0.06754805189309967539, 0.1328367670602772777, 0.2066318200088057555, 0.3027719160070708182, 0.4256968521370184666, 0.5779292865198080165, 0.7642935101725214508, 1.000000000000000000 ),
 .UNSPECIFIED. ) ;
#912 = B_SPLINE_SURFACE_WITH_KNOTS ( 'NONE', 3, 1, ( 
 ( #5493, #6770 ),
 ( #4802, #6645 ),
 ( #2277, #3050 ),
 ( #4760, #1787 ),
 ( #5372, #5412 ),
 ( #5532, #7422 ),
 ( #4199, #6805 ),
 ( #6686, #3666 ),
 ( #6152, #555 ),
 ( #434, #1208 ),
 ( #8018, #2439 ),
 ( #6116, #4880 ),
 ( #1704, #1665 ),
 ( #4282, #7858 ),
 ( #4162, #4240 ),
 ( #3541, #7374 ),
 ( #2973, #1174 ),
 ( #6029, #3012 ),
 ( #7981, #7897 ) ),
 .UNSPECIFIED., .F., .F., .F.,
 ( 4, 1, 1, 1, 1, 1, 1, 1, 1, 1, 1, 1, 1, 1, 1, 1, 4 ),
 ( 2, 2 ),
 ( 0.000000000000000000, 0.06715869771736025784, 0.1310049450012813477, 0.1920481908404234050, 0.2506541085325177942, 0.3072741734421705617, 0.3629269889293813001, 0.4179493061046470337, 0.4729518037497598137, 0.5289314897966772566, 0.5866072545323071097, 0.6464733947934858671, 0.7089524840438320430, 0.7747995756143556401, 0.8448165005350715129, 0.9198980928252361577, 1.000000000000000000 ),
 ( 0.000000000000000000, 1.000000000000000000 ),
 .UNSPECIFIED. ) ;
#913 = EDGE_LOOP ( 'NONE', ( #947, #5611, #2425, #4266 ) ) ;
#914 = ORIENTED_EDGE ( 'NONE', *, *, #370, .F. ) ;
#915 = CARTESIAN_POINT ( 'NONE',  ( 2.717426679218164498, 5.049107593218783663, 3.720000000000000639 ) ) ;
#916 = CARTESIAN_POINT ( 'NONE',  ( 12.50000000000000000, -5.099999999999999645, 1.180000000000000160 ) ) ;
#917 = CARTESIAN_POINT ( 'NONE',  ( 3.314867614684271047, 5.267655203267875841, 3.319999999999999396 ) ) ;
#918 = CARTESIAN_POINT ( 'NONE',  ( 0.1643382352941175073, 1.944307215073531214, 3.319999999999999840 ) ) ;
#919 = CARTESIAN_POINT ( 'NONE',  ( 4.635614459181248925, 6.892532375609947692, 3.319999999999999840 ) ) ;
#920 = CARTESIAN_POINT ( 'NONE',  ( 0.000000000000000000, 0.000000000000000000, 3.720000000000000195 ) ) ;
#921 = EDGE_CURVE ( 'NONE', #4096, #5006, #4112, .T. ) ;
#922 = CARTESIAN_POINT ( 'NONE',  ( 0.6349132957885100792, -11.01629028374063779, 3.719999999999997975 ) ) ;
#923 = CARTESIAN_POINT ( 'NONE',  ( 8.299999999999998934, -2.500000000000000000, 3.720000000000000195 ) ) ;
#924 = ORIENTED_EDGE ( 'NONE', *, *, #6002, .F. ) ;
#925 = DIRECTION ( 'NONE',  ( -0.3459535199931521032, -0.9382516517461335637, 0.000000000000000000 ) ) ;
#926 = ORIENTED_EDGE ( 'NONE', *, *, #3866, .F. ) ;
#927 = CARTESIAN_POINT ( 'NONE',  ( 2.837718034825559066, -5.386928447180573620, 3.719999999999998419 ) ) ;
#928 = EDGE_CURVE ( 'NONE', #374, #8055, #32, .T. ) ;
#929 = DIRECTION ( 'NONE',  ( -1.000000000000000000, -1.482669637587014767E-16, 0.000000000000000000 ) ) ;
#930 = CARTESIAN_POINT ( 'NONE',  ( 11.69999999999999751, -17.60000000000000142, 3.720000000000000195 ) ) ;
#931 = FACE_OUTER_BOUND ( 'NONE', #5558, .T. ) ;
#932 = CARTESIAN_POINT ( 'NONE',  ( 0.2323243807279838646, -7.288341355657583343, 3.719999999999999751 ) ) ;
#933 = CARTESIAN_POINT ( 'NONE',  ( 1.935927925857843235, 4.987745098039218838, 3.319999999999999840 ) ) ;
#934 = CARTESIAN_POINT ( 'NONE',  ( -0.6890457873822896095, -11.64631089355323645, 3.719999999999999751 ) ) ;
#935 = ORIENTED_EDGE ( 'NONE', *, *, #6419, .T. ) ;
#936 = LINE ( 'NONE', #2812, #4517 ) ;
#937 = ORIENTED_EDGE ( 'NONE', *, *, #4158, .T. ) ;
#938 = CARTESIAN_POINT ( 'NONE',  ( 1.104262143940900609, 3.910000280497464953, 3.720000000000001084 ) ) ;
#939 = DIRECTION ( 'NONE',  ( 0.000000000000000000, 0.000000000000000000, -1.000000000000000000 ) ) ;
#940 = VERTEX_POINT ( 'NONE', #4233 ) ;
#941 = CARTESIAN_POINT ( 'NONE',  ( 4.504518981260971167, -12.39222551189736166, 3.320000000000000728 ) ) ;
#942 = CARTESIAN_POINT ( 'NONE',  ( 4.441730784980797431, 2.963270188898546209, 3.319999999999998952 ) ) ;
#943 = CARTESIAN_POINT ( 'NONE',  ( -5.000000000000004441, -13.90000000000000391, 2.720000000000000195 ) ) ;
#944 = AXIS2_PLACEMENT_3D ( 'NONE', #4313, #8057, #63 ) ;
#945 = CARTESIAN_POINT ( 'NONE',  ( -0.5987466021290097640, -13.35638722387813360, 3.719999999999998863 ) ) ;
#946 = EDGE_LOOP ( 'NONE', ( #6165, #8050, #6282, #4122, #4915, #2811, #4894, #6662 ) ) ;
#947 = ORIENTED_EDGE ( 'NONE', *, *, #6653, .T. ) ;
#948 = CARTESIAN_POINT ( 'NONE',  ( -0.3086531096813723840, -13.45526960784313530, 3.319999999999999840 ) ) ;
#949 = DIRECTION ( 'NONE',  ( 0.000000000000000000, 0.000000000000000000, 1.000000000000000000 ) ) ;
#950 = CARTESIAN_POINT ( 'NONE',  ( 0.9111222575578867833, 5.143376208434174757, 3.319999999999999396 ) ) ;
#951 = EDGE_CURVE ( 'NONE', #4372, #3597, #6146, .T. ) ;
#952 = DIRECTION ( 'NONE',  ( -1.000000000000000000, 0.000000000000000000, 0.000000000000000000 ) ) ;
#953 = CARTESIAN_POINT ( 'NONE',  ( 1.396190965030241760, -7.972187485425340725, 3.719999999999999751 ) ) ;
#954 = VECTOR ( 'NONE', #3238, 1000.000000000000000 ) ;
#955 = VERTEX_POINT ( 'NONE', #4387 ) ;
#956 = CARTESIAN_POINT ( 'NONE',  ( 1.893370863970587958, -4.117034313725486783, 3.319999999999999840 ) ) ;
#957 = LINE ( 'NONE', #2471, #8030 ) ;
#958 = VERTEX_POINT ( 'NONE', #6721 ) ;
#959 = EDGE_CURVE ( 'NONE', #4110, #3884, #6111, .T. ) ;
#960 = ORIENTED_EDGE ( 'NONE', *, *, #5039, .F. ) ;
#961 = CARTESIAN_POINT ( 'NONE',  ( 2.322131918434123588, -5.300160687101264756, 3.719999999999997975 ) ) ;
#962 = CARTESIAN_POINT ( 'NONE',  ( 2.728876729452371919, -11.67059778721656116, 3.320000000000000284 ) ) ;
#963 = CARTESIAN_POINT ( 'NONE',  ( 4.536527627813279118, -3.205935567610072479, 3.719999999999999751 ) ) ;
#964 = ADVANCED_FACE ( 'NONE', ( #5526 ), #1284, .F. ) ;
#965 = CARTESIAN_POINT ( 'NONE',  ( 4.442968788260365010, 1.953935161384096508, 3.319999999999999840 ) ) ;
#966 = ADVANCED_FACE ( 'NONE', ( #5487 ), #2433, .F. ) ;
#967 = CARTESIAN_POINT ( 'NONE',  ( -0.6916666666666668739, -11.82837392769607554, 3.319999999999999840 ) ) ;
#968 = CARTESIAN_POINT ( 'NONE',  ( 1.572030634622815448, -7.991949172840151938, 3.719999999999999751 ) ) ;
#969 = AXIS2_PLACEMENT_3D ( 'NONE', #2157, #4641, #5293 ) ;
#970 = DIRECTION ( 'NONE',  ( 0.000000000000000000, 0.000000000000000000, 1.000000000000000000 ) ) ;
#971 = CARTESIAN_POINT ( 'NONE',  ( -0.6685516761510745809, -11.37428239554581388, 3.720000000000001084 ) ) ;
#972 = ORIENTED_EDGE ( 'NONE', *, *, #422, .T. ) ;
#973 = DIRECTION ( 'NONE',  ( -0.000000000000000000, -0.000000000000000000, 1.000000000000000000 ) ) ;
#974 = ORIENTED_EDGE ( 'NONE', *, *, #4262, .F. ) ;
#975 = ADVANCED_FACE ( 'NONE', ( #632 ), #6266, .T. ) ;
#976 = CARTESIAN_POINT ( 'NONE',  ( 4.589878291051367576, 2.219859958553943802, 3.319999999999999396 ) ) ;
#977 = PLANE ( 'NONE',  #880 ) ;
#978 = EDGE_LOOP ( 'NONE', ( #2746, #6541, #5377, #554 ) ) ;
#979 = CARTESIAN_POINT ( 'NONE',  ( 4.558138955834660777, -12.48645740063006748, 3.720000000000000639 ) ) ;
#980 = CARTESIAN_POINT ( 'NONE',  ( -0.2018245391134902145, 4.647268691925457773, 3.319999999999999840 ) ) ;
#981 = CARTESIAN_POINT ( 'NONE',  ( 4.505652507442064802, -2.271450203013001712, 3.319999999999999840 ) ) ;
#982 = CARTESIAN_POINT ( 'NONE',  ( -0.2636642156862746278, -3.261029411764704289, 3.319999999999999840 ) ) ;
#983 = CARTESIAN_POINT ( 'NONE',  ( 12.50000000000000000, -3.600000000000000977, 1.180000000000000160 ) ) ;
#984 = ORIENTED_EDGE ( 'NONE', *, *, #1771, .F. ) ;
#985 = EDGE_LOOP ( 'NONE', ( #5092, #7847, #4738, #99 ) ) ;
#986 = CARTESIAN_POINT ( 'NONE',  ( 4.600000000000000533, -12.91297104779411775, 3.720000000000000639 ) ) ;
#987 = CARTESIAN_POINT ( 'NONE',  ( -0.7694852941176472116, -6.595071231617643193, 3.720000000000000639 ) ) ;
#988 = CARTESIAN_POINT ( 'NONE',  ( 0.3144049315891143670, 5.581106239454067364, 3.719999999999998419 ) ) ;
#989 = DIRECTION ( 'NONE',  ( -0.000000000000000000, -1.000000000000000000, 0.000000000000000000 ) ) ;
#990 = CARTESIAN_POINT ( 'NONE',  ( 0.4102726688495645369, -7.526654020568948056, 3.320000000000000284 ) ) ;
#991 = EDGE_CURVE ( 'NONE', #4361, #1301, #7414, .T. ) ;
#992 = VERTEX_POINT ( 'NONE', #587 ) ;
#993 = CIRCLE ( 'NONE', #6470, 0.8000000000000003775 ) ;
#994 = ORIENTED_EDGE ( 'NONE', *, *, #4222, .F. ) ;
#995 = CARTESIAN_POINT ( 'NONE',  ( 0.3345824613392658353, -11.22986195095823270, 3.719999999999998863 ) ) ;
#996 = CARTESIAN_POINT ( 'NONE',  ( -2.400000000000005240, 8.900000000000000355, 2.720000000000000195 ) ) ;
#997 = ORIENTED_EDGE ( 'NONE', *, *, #4743, .T. ) ;
#998 = CARTESIAN_POINT ( 'NONE',  ( 0.4102726688495645369, -7.526654020568948056, 3.320000000000000284 ) ) ;
#999 = AXIS2_PLACEMENT_3D ( 'NONE', #2065, #3243, #2141 ) ;
#1000 = DIRECTION ( 'NONE',  ( 0.000000000000000000, -1.000000000000000000, 0.000000000000000000 ) ) ;
#1001 = CARTESIAN_POINT ( 'NONE',  ( -2.100000000000009859, 17.60000000000000142, 3.520000000000001350 ) ) ;
#1002 = VECTOR ( 'NONE', #1965, 1000.000000000000000 ) ;
#1003 = EDGE_CURVE ( 'NONE', #6245, #55, #6763, .T. ) ;
#1004 = VECTOR ( 'NONE', #5130, 999.9999999999998863 ) ;
#1005 = CARTESIAN_POINT ( 'NONE',  ( 4.599999999999999645, 2.456207873774511441, 3.720000000000000195 ) ) ;
#1006 = CARTESIAN_POINT ( 'NONE',  ( 12.50000000000000000, -16.60000000000000142, 1.180000000000000160 ) ) ;
#1007 = CARTESIAN_POINT ( 'NONE',  ( 4.589829414779988959, -2.518470760864282010, 3.720000000000004192 ) ) ;
#1008 = CARTESIAN_POINT ( 'NONE',  ( 3.816051211593602499, 6.518621165826983699, 3.319999999999998952 ) ) ;
#1009 = EDGE_CURVE ( 'NONE', #523, #3718, #4212, .T. ) ;
#1010 = VECTOR ( 'NONE', #5982, 1000.000000000000000 ) ;
#1011 = CARTESIAN_POINT ( 'NONE',  ( -0.5644151706192481743, -1.597481066871424993, 3.319999999999999840 ) ) ;
#1012 = VECTOR ( 'NONE', #6145, 1000.000000000000114 ) ;
#1013 = EDGE_CURVE ( 'NONE', #192, #6774, #3784, .T. ) ;
#1014 = ORIENTED_EDGE ( 'NONE', *, *, #305, .T. ) ;
#1015 = CARTESIAN_POINT ( 'NONE',  ( 11.70000000000000107, -16.60000000000000142, -2.000000000000000000 ) ) ;
#1016 = ORIENTED_EDGE ( 'NONE', *, *, #2974, .F. ) ;
#1017 = CARTESIAN_POINT ( 'NONE',  ( 4.575670638417928870, 2.786128287114034929, 3.720000000000000195 ) ) ;
#1018 = CARTESIAN_POINT ( 'NONE',  ( 1.384159298394787241, -9.138703639453048311, 3.720000000000000639 ) ) ;
#1019 = ORIENTED_EDGE ( 'NONE', *, *, #7698, .T. ) ;
#1020 = CARTESIAN_POINT ( 'NONE',  ( 4.575653381375558659, -12.56040798296248084, 3.319999999999999840 ) ) ;
#1021 = LINE ( 'NONE', #6499, #6730 ) ;
#1022 = CARTESIAN_POINT ( 'NONE',  ( -5.000000000000000888, 4.899999999999999467, 2.720000000000000195 ) ) ;
#1023 = LINE ( 'NONE', #6538, #7469 ) ;
#1024 = AXIS2_PLACEMENT_3D ( 'NONE', #4682, #7171, #849 ) ;
#1025 = LINE ( 'NONE', #3519, #2958 ) ;
#1026 = EDGE_CURVE ( 'NONE', #958, #2378, #2475, .T. ) ;
#1027 = VERTEX_POINT ( 'NONE', #1780 ) ;
#1028 = VERTEX_POINT ( 'NONE', #669 ) ;
#1029 = CARTESIAN_POINT ( 'NONE',  ( -0.1262612786687399569, -4.742810333724312599, 3.319999999999998952 ) ) ;
#1030 = CARTESIAN_POINT ( 'NONE',  ( 9.800000000000000711, -5.100000000000000533, 1.180000000000000160 ) ) ;
#1031 = VECTOR ( 'NONE', #170, 1000.000000000000000 ) ;
#1032 = CARTESIAN_POINT ( 'NONE',  ( 1.752482942289505630, 4.989078687295590342, 3.319999999999999396 ) ) ;
#1033 = CARTESIAN_POINT ( 'NONE',  ( -4.400000000000003020, 6.600000000000001421, 2.720000000000000195 ) ) ;
#1034 = CARTESIAN_POINT ( 'NONE',  ( 1.396190965030241760, -7.972187485425340725, 3.320000000000000284 ) ) ;
#1035 = ORIENTED_EDGE ( 'NONE', *, *, #5712, .T. ) ;
#1036 = EDGE_LOOP ( 'NONE', ( #7834, #899, #2080, #4806 ) ) ;
#1037 = CARTESIAN_POINT ( 'NONE',  ( 0.2166598451078104171, -11.44155326080619517, 3.719999999999999307 ) ) ;
#1038 = CARTESIAN_POINT ( 'NONE',  ( -3.500000000000003109, 16.60000000000000497, -1.500000000000000000 ) ) ;
#1039 = ORIENTED_EDGE ( 'NONE', *, *, #5586, .F. ) ;
#1040 = VECTOR ( 'NONE', #7418, 1000.000000000000000 ) ;
#1041 = CARTESIAN_POINT ( 'NONE',  ( 11.29999999999999538, 17.60000000000000142, 0.9799999999999943201 ) ) ;
#1042 = DIRECTION ( 'NONE',  ( -1.000000000000000000, 1.084202172485504311E-16, 0.000000000000000000 ) ) ;
#1043 = LINE ( 'NONE', #4919, #3220 ) ;
#1044 = CARTESIAN_POINT ( 'NONE',  ( -5.000000000000004441, -13.60000000000000497, 1.180000000000000160 ) ) ;
#1045 = CARTESIAN_POINT ( 'NONE',  ( 4.388927285258672484, -5.349877870210875130, 3.320000000000000728 ) ) ;
#1046 = LINE ( 'NONE', #2506, #3881 ) ;
#1047 = CARTESIAN_POINT ( 'NONE',  ( 3.677485567709203984, 6.990566170017372016, 3.320000000000000284 ) ) ;
#1048 = EDGE_CURVE ( 'NONE', #5300, #7996, #2122, .T. ) ;
#1049 = CARTESIAN_POINT ( 'NONE',  ( -0.6375983277824996964, -11.16965049960953849, 3.720000000000000639 ) ) ;
#1050 = ORIENTED_EDGE ( 'NONE', *, *, #6705, .T. ) ;
#1051 = CARTESIAN_POINT ( 'NONE',  ( 1.986996400122549300, -9.175245098039214398, 3.720000000000000639 ) ) ;
#1052 = ORIENTED_EDGE ( 'NONE', *, *, #2078, .F. ) ;
#1053 = LINE ( 'NONE', #7426, #1379 ) ;
#1054 = CARTESIAN_POINT ( 'NONE',  ( 0.1564578703581392671, -8.676508103508313141, 3.319999999999999396 ) ) ;
#1055 = EDGE_LOOP ( 'NONE', ( #7139, #6432, #4974, #1315, #776, #4381, #4322, #7044 ) ) ;
#1056 = CARTESIAN_POINT ( 'NONE',  ( 4.600000000000000533, -12.91297104779411775, 3.720000000000000639 ) ) ;
#1057 = EDGE_CURVE ( 'NONE', #7214, #4124, #6799, .T. ) ;
#1058 = CARTESIAN_POINT ( 'NONE',  ( -0.2636642156862746278, -3.261029411764704289, 3.319999999999999840 ) ) ;
#1059 = CARTESIAN_POINT ( 'NONE',  ( 4.599678605473521920, -2.883494662547302134, 3.319999999999999840 ) ) ;
#1060 = CARTESIAN_POINT ( 'NONE',  ( 13.49999999999999112, 10.69999999999999929, 3.520000000000006235 ) ) ;
#1061 = ORIENTED_EDGE ( 'NONE', *, *, #7008, .T. ) ;
#1062 = EDGE_CURVE ( 'NONE', #7603, #4108, #4032, .T. ) ;
#1063 = CARTESIAN_POINT ( 'NONE',  ( 3.753962127863434528, -7.172542251306791350, 3.319999999999998952 ) ) ;
#1064 = ORIENTED_EDGE ( 'NONE', *, *, #2348, .F. ) ;
#1065 = LINE ( 'NONE', #3562, #5826 ) ;
#1066 = CARTESIAN_POINT ( 'NONE',  ( 13.30000000000000426, -15.80000000000000071, -2.000000000000000000 ) ) ;
#1067 = CARTESIAN_POINT ( 'NONE',  ( 3.942403272426543648, -4.769624719783777778, 3.720000000000000195 ) ) ;
#1068 = CARTESIAN_POINT ( 'NONE',  ( 1.572030634622815892, 5.003761611473575677, 3.719999999999998863 ) ) ;
#1069 = EDGE_CURVE ( 'NONE', #5460, #7809, #3687, .T. ) ;
#1070 = FACE_OUTER_BOUND ( 'NONE', #5775, .T. ) ;
#1071 = VECTOR ( 'NONE', #407, 1000.000000000000000 ) ;
#1072 = CARTESIAN_POINT ( 'NONE',  ( 1.935927925857843235, -8.007965686274506112, 3.719999999999999307 ) ) ;
#1073 = ORIENTED_EDGE ( 'NONE', *, *, #1211, .T. ) ;
#1074 = ORIENTED_EDGE ( 'NONE', *, *, #469, .F. ) ;
#1075 = AXIS2_PLACEMENT_3D ( 'NONE', #5980, #389, #2883 ) ;
#1076 = DIRECTION ( 'NONE',  ( 0.000000000000000000, -1.000000000000000000, -0.000000000000000000 ) ) ;
#1077 = DIRECTION ( 'NONE',  ( -1.000000000000000000, 0.000000000000000000, 0.000000000000000000 ) ) ;
#1078 = ORIENTED_EDGE ( 'NONE', *, *, #5151, .T. ) ;
#1079 = ORIENTED_EDGE ( 'NONE', *, *, #4909, .T. ) ;
#1080 = LINE ( 'NONE', #4232, #1276 ) ;
#1081 = DIRECTION ( 'NONE',  ( 0.000000000000000000, -0.000000000000000000, -1.000000000000000000 ) ) ;
#1082 = FACE_OUTER_BOUND ( 'NONE', #97, .T. ) ;
#1083 = CARTESIAN_POINT ( 'NONE',  ( 4.535754101653028947, 2.011541552786932474, 3.320000000000000284 ) ) ;
#1084 = VECTOR ( 'NONE', #2248, 1000.000000000000000 ) ;
#1085 = LINE ( 'NONE', #1006, #1943 ) ;
#1086 = DIRECTION ( 'NONE',  ( -1.000000000000000000, 0.000000000000000000, 0.000000000000000000 ) ) ;
#1087 = VECTOR ( 'NONE', #3251, 1000.000000000000000 ) ;
#1088 = CARTESIAN_POINT ( 'NONE',  ( -2.000000000000005329, 17.49999999999999645, 3.620000000000005880 ) ) ;
#1089 = CARTESIAN_POINT ( 'NONE',  ( 0.9011833639705878474, -9.797794117647057988, 3.319999999999999840 ) ) ;
#1090 = EDGE_CURVE ( 'NONE', #5725, #4188, #2024, .T. ) ;
#1091 = VERTEX_POINT ( 'NONE', #2753 ) ;
#1092 = FACE_OUTER_BOUND ( 'NONE', #7971, .T. ) ;
#1093 = ORIENTED_EDGE ( 'NONE', *, *, #164, .T. ) ;
#1094 = CARTESIAN_POINT ( 'NONE',  ( 1.860909635711126997, -11.66072884277839350, 3.719999999999999751 ) ) ;
#1095 = CARTESIAN_POINT ( 'NONE',  ( 0.2916770998294672679, 7.134800849755194463, 3.720000000000000639 ) ) ;
#1096 = ORIENTED_EDGE ( 'NONE', *, *, #8033, .T. ) ;
#1097 = CARTESIAN_POINT ( 'NONE',  ( -0.7627894552391498717, 6.097731796666375992, 3.319999999999999396 ) ) ;
#1098 = APPLICATION_PROTOCOL_DEFINITION ( 'draft international standard', 'automotive_design', 1998, #623 ) ;
#1099 = CARTESIAN_POINT ( 'NONE',  ( 4.599944102566072779, -2.711811040142298346, 3.319999999999999840 ) ) ;
#1100 = CARTESIAN_POINT ( 'NONE',  ( 0.2916770998294681005, -5.860909934558534040, 3.320000000000000284 ) ) ;
#1101 = CARTESIAN_POINT ( 'NONE',  ( 11.29999999999999716, 13.19999999999999929, 3.720000000000000195 ) ) ;
#1102 = ADVANCED_FACE ( 'NONE', ( #7039 ), #5773, .F. ) ;
#1103 = ORIENTED_EDGE ( 'NONE', *, *, #4998, .T. ) ;
#1104 = CARTESIAN_POINT ( 'NONE',  ( 2.006871473906586711, -8.007372307544377676, 3.720000000000000639 ) ) ;
#1105 = ORIENTED_EDGE ( 'NONE', *, *, #6936, .F. ) ;
#1106 = DIRECTION ( 'NONE',  ( -0.7071067811865480168, 0.000000000000000000, -0.7071067811865470176 ) ) ;
#1107 = CARTESIAN_POINT ( 'NONE',  ( 13.00000000000000355, 15.79999999999999893, -1.000000000000001110 ) ) ;
#1108 = CARTESIAN_POINT ( 'NONE',  ( 4.522619889024491080, 5.216160333055366749, 3.319999999999999396 ) ) ;
#1109 = DIRECTION ( 'NONE',  ( -0.000000000000000000, 0.000000000000000000, 1.000000000000000000 ) ) ;
#1110 = CARTESIAN_POINT ( 'NONE',  ( 4.677818627450980316, 6.302150352328435012, 3.719999999999999751 ) ) ;
#1111 = CARTESIAN_POINT ( 'NONE',  ( 3.942403272426543648, 8.226086064529949837, 3.319999999999999840 ) ) ;
#1112 = EDGE_CURVE ( 'NONE', #688, #3230, #5123, .T. ) ;
#1113 = EDGE_CURVE ( 'NONE', #290, #5725, #3821, .T. ) ;
#1114 = VERTEX_POINT ( 'NONE', #4468 ) ;
#1115 = ORIENTED_EDGE ( 'NONE', *, *, #5677, .F. ) ;
#1116 = CARTESIAN_POINT ( 'NONE',  ( -11.70000000000000107, 10.70000000000000107, 2.720000000000000195 ) ) ;
#1117 = CYLINDRICAL_SURFACE ( 'NONE', #5687, 0.8000000000000003775 ) ;
#1118 = ORIENTED_EDGE ( 'NONE', *, *, #5906, .T. ) ;
#1119 = ORIENTED_EDGE ( 'NONE', *, *, #4101, .F. ) ;
#1120 = CARTESIAN_POINT ( 'NONE',  ( 0.7681262319355069978, -7.790958769725062183, 3.319999999999998952 ) ) ;
#1121 = B_SPLINE_CURVE_WITH_KNOTS ( 'NONE', 3,
 ( #6591, #1652, #307, #4713, #5283, #2957, #1612, #6019, #5933, #4190, #341 ),
 .UNSPECIFIED., .F., .F.,
 ( 4, 1, 1, 1, 1, 1, 1, 1, 4 ),
 ( 0.000000000000000000, 0.1526900113685664973, 0.2844114173373249455, 0.3997961775335154289, 0.5077722255950330998, 0.6149866776048752426, 0.7274695624405667083, 0.8539230481998415501, 1.000000000000000000 ),
 .UNSPECIFIED. ) ;
#1122 = CARTESIAN_POINT ( 'NONE',  ( -0.1294659487439625278, 1.108390654109903561, 3.319999999999999396 ) ) ;
#1123 = CIRCLE ( 'NONE', #3992, 1.600000000000007638 ) ;
#1124 = DIRECTION ( 'NONE',  ( 0.7071067811865433539, 0.000000000000000000, -0.7071067811865517916 ) ) ;
#1125 = VECTOR ( 'NONE', #5958, 1000.000000000000000 ) ;
#1126 = EDGE_CURVE ( 'NONE', #6898, #7538, #5901, .T. ) ;
#1127 = VECTOR ( 'NONE', #1431, 1000.000000000000000 ) ;
#1128 = LINE ( 'NONE', #5940, #2240 ) ;
#1129 = CIRCLE ( 'NONE', #1907, 1.600000000000007638 ) ;
#1130 = AXIS2_PLACEMENT_3D ( 'NONE', #7725, #180, #5768 ) ;
#1131 = DIRECTION ( 'NONE',  ( 0.000000000000000000, 1.000000000000000000, 0.000000000000000000 ) ) ;
#1132 = ORIENTED_EDGE ( 'NONE', *, *, #1370, .T. ) ;
#1133 = CARTESIAN_POINT ( 'NONE',  ( 2.322131918434123143, 7.695550097212461083, 3.320000000000000284 ) ) ;
#1134 = VECTOR ( 'NONE', #1149, 1000.000000000000000 ) ;
#1135 = CARTESIAN_POINT ( 'NONE',  ( 0.08097657195622182114, -9.997314392699767183, 3.319999999999999396 ) ) ;
#1136 = VECTOR ( 'NONE', #3653, 1000.000000000000000 ) ;
#1137 = CIRCLE ( 'NONE', #2184, 0.5999999999999998668 ) ;
#1138 = ORIENTED_EDGE ( 'NONE', *, *, #2500, .F. ) ;
#1139 = CARTESIAN_POINT ( 'NONE',  ( 4.599630733987603470, -13.04853303498810568, 3.720000000000000195 ) ) ;
#1140 = EDGE_LOOP ( 'NONE', ( #204, #5165, #7006, #6295 ) ) ;
#1141 = LINE ( 'NONE', #2329, #5941 ) ;
#1142 = DIRECTION ( 'NONE',  ( 0.000000000000000000, 0.000000000000000000, -1.000000000000000000 ) ) ;
#1143 = VECTOR ( 'NONE', #3006, 1000.000000000000000 ) ;
#1144 = CARTESIAN_POINT ( 'NONE',  ( -0.4148385620766562587, 7.900636360568070948, 3.319999999999999840 ) ) ;
#1145 = DIRECTION ( 'NONE',  ( -1.000000000000000000, -0.000000000000000000, -0.000000000000000000 ) ) ;
#1146 = AXIS2_PLACEMENT_3D ( 'NONE', #7887, #5449, #4794 ) ;
#1147 = EDGE_CURVE ( 'NONE', #2813, #1737, #4507, .T. ) ;
#1148 = CARTESIAN_POINT ( 'NONE',  ( 0.000000000000000000, -17.40000000000000213, 3.720000000000000195 ) ) ;
#1149 = DIRECTION ( 'NONE',  ( -0.000000000000000000, 0.000000000000000000, 1.000000000000000000 ) ) ;
#1150 = ORIENTED_EDGE ( 'NONE', *, *, #558, .F. ) ;
#1151 = CARTESIAN_POINT ( 'NONE',  ( 3.623287720081255436, -7.436363771416425905, 3.320000000000000284 ) ) ;
#1152 = EDGE_LOOP ( 'NONE', ( #6580, #7754, #1039, #2707 ) ) ;
#1153 = DIRECTION ( 'NONE',  ( 1.000000000000000000, 0.000000000000000000, 0.000000000000000000 ) ) ;
#1154 = CARTESIAN_POINT ( 'NONE',  ( -0.5266806422855275782, -5.300307738098230637, 3.720000000000000195 ) ) ;
#1155 = CARTESIAN_POINT ( 'NONE',  ( 0.2166598451078104171, -11.44155326080619517, 3.319999999999999840 ) ) ;
#1156 = LINE ( 'NONE', #5476, #2297 ) ;
#1157 = DIRECTION ( 'NONE',  ( -0.5773502691896257311, 0.5773502691896257311, -0.5773502691896257311 ) ) ;
#1158 = ADVANCED_FACE ( 'NONE', ( #6958 ), #3904, .F. ) ;
#1159 = CARTESIAN_POINT ( 'NONE',  ( 4.670976802750296919, 6.603421475906941396, 3.719999999999999307 ) ) ;
#1160 = ORIENTED_EDGE ( 'NONE', *, *, #7195, .F. ) ;
#1161 = ORIENTED_EDGE ( 'NONE', *, *, #3608, .T. ) ;
#1162 = DIRECTION ( 'NONE',  ( 0.000000000000000000, -1.000000000000000000, 0.000000000000000000 ) ) ;
#1163 = DIRECTION ( 'NONE',  ( -0.000000000000000000, 1.000000000000000000, -0.000000000000000000 ) ) ;
#1164 = ORIENTED_EDGE ( 'NONE', *, *, #6916, .T. ) ;
#1165 = VERTEX_POINT ( 'NONE', #6427 ) ;
#1166 = DIRECTION ( 'NONE',  ( 1.000000000000000000, 0.000000000000000000, -1.673797418979496446E-13 ) ) ;
#1167 = EDGE_CURVE ( 'NONE', #992, #4937, #3734, .T. ) ;
#1168 = CARTESIAN_POINT ( 'NONE',  ( -0.6905101489369600554, 1.770335079278336554, 3.319999999999999396 ) ) ;
#1169 = DIRECTION ( 'NONE',  ( 0.000000000000000000, 0.000000000000000000, -1.000000000000000000 ) ) ;
#1170 = LINE ( 'NONE', #24, #2892 ) ;
#1171 = EDGE_CURVE ( 'NONE', #688, #3186, #5371, .T. ) ;
#1172 = CARTESIAN_POINT ( 'NONE',  ( 1.774667723010896703, -11.38513963700563636, 3.719999999999999751 ) ) ;
#1173 = EDGE_LOOP ( 'NONE', ( #2267, #3066, #7641, #5574 ) ) ;
#1174 = CARTESIAN_POINT ( 'NONE',  ( 2.728876729452371919, -11.67059778721656116, 3.720000000000000195 ) ) ;
#1175 = CARTESIAN_POINT ( 'NONE',  ( 0.3233045617263969884, -9.886739658996839708, 3.319999999999998952 ) ) ;
#1176 = ORIENTED_EDGE ( 'NONE', *, *, #19, .F. ) ;
#1177 = FACE_OUTER_BOUND ( 'NONE', #3120, .T. ) ;
#1178 = VERTEX_POINT ( 'NONE', #6469 ) ;
#1179 = FACE_OUTER_BOUND ( 'NONE', #4634, .T. ) ;
#1180 = CARTESIAN_POINT ( 'NONE',  ( 1.883217834515139355, 7.710838169387901786, 3.720000000000001528 ) ) ;
#1181 = CARTESIAN_POINT ( 'NONE',  ( 0.1564578703581391839, 4.319202680805410921, 3.720000000000000195 ) ) ;
#1182 = ORIENTED_EDGE ( 'NONE', *, *, #3308, .F. ) ;
#1183 = CARTESIAN_POINT ( 'NONE',  ( -0.6321831313066192948, -3.093102164451828617, 3.320000000000000728 ) ) ;
#1184 = DIRECTION ( 'NONE',  ( 0.000000000000000000, -0.000000000000000000, -1.000000000000000000 ) ) ;
#1185 = DIRECTION ( 'NONE',  ( -0.000000000000000000, -0.000000000000000000, 1.000000000000000000 ) ) ;
#1186 = ORIENTED_EDGE ( 'NONE', *, *, #4709, .T. ) ;
#1187 = CARTESIAN_POINT ( 'NONE',  ( 2.537481044252467122, -7.972915107463330209, 3.320000000000000728 ) ) ;
#1188 = VERTEX_POINT ( 'NONE', #3202 ) ;
#1189 = DIRECTION ( 'NONE',  ( -0.7071067811865470176, 0.000000000000000000, 0.7071067811865480168 ) ) ;
#1190 = CARTESIAN_POINT ( 'NONE',  ( 0.04975960708691167661, -4.594030569084967652, 3.320000000000000284 ) ) ;
#1191 = LINE ( 'NONE', #7961, #5981 ) ;
#1192 = DIRECTION ( 'NONE',  ( 1.000000000000000000, 0.000000000000000000, 0.000000000000000000 ) ) ;
#1193 = CARTESIAN_POINT ( 'NONE',  ( 0.1643382352941175073, 1.944307215073531214, 3.720000000000000195 ) ) ;
#1194 = DIRECTION ( 'NONE',  ( -0.000000000000000000, 0.000000000000000000, -1.000000000000000000 ) ) ;
#1195 = VERTEX_POINT ( 'NONE', #2592 ) ;
#1196 = ORIENTED_EDGE ( 'NONE', *, *, #5151, .F. ) ;
#1197 = EDGE_CURVE ( 'NONE', #5362, #6241, #5083, .T. ) ;
#1198 = CARTESIAN_POINT ( 'NONE',  ( 0.1643382352941175073, -2.240875842524508332, 3.720000000000000195 ) ) ;
#1199 = FACE_OUTER_BOUND ( 'NONE', #3864, .T. ) ;
#1200 = EDGE_LOOP ( 'NONE', ( #5827, #4137, #1816, #5765 ) ) ;
#1201 = ORIENTED_EDGE ( 'NONE', *, *, #1712, .F. ) ;
#1202 = CARTESIAN_POINT ( 'NONE',  ( -13.30000000000000426, -15.80000000000000071, 3.720000000000000195 ) ) ;
#1203 = CARTESIAN_POINT ( 'NONE',  ( 0.9367773255665651222, -10.96614091364548571, 3.719999999999999307 ) ) ;
#1204 = ADVANCED_FACE ( 'NONE', ( #7194 ), #4744, .T. ) ;
#1205 = DIRECTION ( 'NONE',  ( 0.000000000000000000, 0.000000000000000000, -1.000000000000000000 ) ) ;
#1206 = CARTESIAN_POINT ( 'NONE',  ( 3.677485567709203984, -6.005144614296359151, 3.720000000000001084 ) ) ;
#1207 = VERTEX_POINT ( 'NONE', #2145 ) ;
#1208 = CARTESIAN_POINT ( 'NONE',  ( 2.259084361692115461, -10.34460065435213849, 3.719999999999999307 ) ) ;
#1209 = AXIS2_PLACEMENT_3D ( 'NONE', #5113, #5150, #4059 ) ;
#1210 = CARTESIAN_POINT ( 'NONE',  ( -0.5892383358283133088, -10.93606830835254939, 3.720000000000000195 ) ) ;
#1211 = EDGE_CURVE ( 'NONE', #6235, #5627, #5393, .T. ) ;
#1212 = ORIENTED_EDGE ( 'NONE', *, *, #5859, .F. ) ;
#1213 = AXIS2_PLACEMENT_3D ( 'NONE', #5517, #6790, #5440 ) ;
#1214 = ADVANCED_FACE ( 'NONE', ( #3567 ), #1688, .F. ) ;
#1215 = ORIENTED_EDGE ( 'NONE', *, *, #5401, .F. ) ;
#1216 = CARTESIAN_POINT ( 'NONE',  ( 12.50000000000000000, -5.399999999999998579, 2.720000000000000195 ) ) ;
#1217 = DIRECTION ( 'NONE',  ( -1.000000000000000000, 0.000000000000000000, 0.000000000000000000 ) ) ;
#1218 = DIRECTION ( 'NONE',  ( 2.168404344971003346E-15, -1.000000000000000000, 0.000000000000000000 ) ) ;
#1219 = LINE ( 'NONE', #4891, #5646 ) ;
#1220 = LINE ( 'NONE', #7915, #3955 ) ;
#1221 = LINE ( 'NONE', #4367, #5040 ) ;
#1222 = ORIENTED_EDGE ( 'NONE', *, *, #6598, .T. ) ;
#1223 = EDGE_CURVE ( 'NONE', #3479, #5724, #1994, .T. ) ;
#1224 = PLANE ( 'NONE',  #5951 ) ;
#1225 = CARTESIAN_POINT ( 'NONE',  ( -0.7330309488585280420, 6.968708515554595806, 3.320000000000000284 ) ) ;
#1226 = ORIENTED_EDGE ( 'NONE', *, *, #6491, .F. ) ;
#1227 = DIRECTION ( 'NONE',  ( 0.5773502691896189587, 0.5773502691896393868, -0.5773502691896189587 ) ) ;
#1228 = CARTESIAN_POINT ( 'NONE',  ( -0.6164900733481315509, -5.524605941113652108, 3.720000000000001084 ) ) ;
#1229 = CARTESIAN_POINT ( 'NONE',  ( 2.098934823967300467, 3.822163748012682660, 3.319999999999999840 ) ) ;
#1230 = LINE ( 'NONE', #4377, #1246 ) ;
#1231 = CARTESIAN_POINT ( 'NONE',  ( 3.651875885848975045, 4.164010452747260338, 3.320000000000000728 ) ) ;
#1232 = CARTESIAN_POINT ( 'NONE',  ( 3.540637442984554184, 8.513127971581065268, 3.319999999999999396 ) ) ;
#1233 = VERTEX_POINT ( 'NONE', #7808 ) ;
#1234 = EDGE_LOOP ( 'NONE', ( #6131, #3851, #3053, #7235 ) ) ;
#1235 = CARTESIAN_POINT ( 'NONE',  ( 11.29999999999999538, 17.39999999999999503, 3.520000000000008455 ) ) ;
#1236 = CARTESIAN_POINT ( 'NONE',  ( -5.000000000000004441, -13.60000000000000497, 2.720000000000000195 ) ) ;
#1237 = FACE_OUTER_BOUND ( 'NONE', #1152, .T. ) ;
#1238 = CARTESIAN_POINT ( 'NONE',  ( 4.522619889024490192, -7.779550451258359089, 3.319999999999998952 ) ) ;
#1239 = CARTESIAN_POINT ( 'NONE',  ( 3.433275238834903487, -7.645193793492789602, 3.720000000000001972 ) ) ;
#1240 = CARTESIAN_POINT ( 'NONE',  ( -0.6246410562115255471, 1.443883236066313858, 3.320000000000001172 ) ) ;
#1241 = EDGE_CURVE ( 'NONE', #770, #5615, #5929, .T. ) ;
#1242 = CARTESIAN_POINT ( 'NONE',  ( 11.29999999999999716, 12.59999999999999964, 1.180000000000000160 ) ) ;
#1243 = CARTESIAN_POINT ( 'NONE',  ( -0.5021615049824817989, -10.69341571770276289, 3.719999999999999751 ) ) ;
#1244 = EDGE_LOOP ( 'NONE', ( #3937, #2978, #5417, #1093 ) ) ;
#1245 = CARTESIAN_POINT ( 'NONE',  ( 3.819839896776485499, -6.597828284182211789, 3.719999999999997975 ) ) ;
#1246 = VECTOR ( 'NONE', #2535, 1000.000000000000000 ) ;
#1247 = ADVANCED_FACE ( 'NONE', ( #456 ), #6176, .T. ) ;
#1248 = DIRECTION ( 'NONE',  ( 0.7071067811865475727, 0.7071067811865475727, 0.000000000000000000 ) ) ;
#1249 = ORIENTED_EDGE ( 'NONE', *, *, #370, .T. ) ;
#1250 = VECTOR ( 'NONE', #3733, 999.9999999999998863 ) ;
#1251 = ORIENTED_EDGE ( 'NONE', *, *, #2158, .F. ) ;
#1252 = CARTESIAN_POINT ( 'NONE',  ( 0.1643382352941175351, -11.91470396752451144, 3.720000000000000639 ) ) ;
#1253 = CARTESIAN_POINT ( 'NONE',  ( 1.190849515199450481, 7.647791787634128369, 3.720000000000001084 ) ) ;
#1254 = AXIS2_PLACEMENT_3D ( 'NONE', #1300, #3883, #1961 ) ;
#1255 = EDGE_CURVE ( 'NONE', #4188, #5544, #2299, .T. ) ;
#1256 = CARTESIAN_POINT ( 'NONE',  ( -13.50000000000000355, 0.000000000000000000, 1.000000000000000888 ) ) ;
#1257 = VECTOR ( 'NONE', #5317, 1000.000000000000000 ) ;
#1258 = FACE_OUTER_BOUND ( 'NONE', #7011, .T. ) ;
#1259 = ADVANCED_FACE ( 'NONE', ( #6137 ), #7320, .T. ) ;
#1260 = AXIS2_PLACEMENT_3D ( 'NONE', #4247, #3020, #7908 ) ;
#1261 = CARTESIAN_POINT ( 'NONE',  ( 3.535695553811073477, 5.448401150122715642, 3.720000000000001528 ) ) ;
#1262 = CARTESIAN_POINT ( 'NONE',  ( 2.837718034825559510, 7.608782337133152218, 3.719999999999998863 ) ) ;
#1263 = ORIENTED_EDGE ( 'NONE', *, *, #1069, .T. ) ;
#1264 = AXIS2_PLACEMENT_3D ( 'NONE', #4516, #1416, #6232 ) ;
#1265 = CARTESIAN_POINT ( 'NONE',  ( -3.900000000000004796, 16.60000000000000142, 1.180000000000000160 ) ) ;
#1266 = DIRECTION ( 'NONE',  ( 0.000000000000000000, 0.000000000000000000, -1.000000000000000000 ) ) ;
#1267 = ORIENTED_EDGE ( 'NONE', *, *, #5653, .T. ) ;
#1268 = VECTOR ( 'NONE', #563, 1000.000000000000000 ) ;
#1269 = CARTESIAN_POINT ( 'NONE',  ( -0.2636642156862746278, 2.964460784313727171, 3.319999999999999840 ) ) ;
#1270 = CARTESIAN_POINT ( 'NONE',  ( 1.783049216106233459, -4.118650085118031434, 3.320000000000000728 ) ) ;
#1271 = CARTESIAN_POINT ( 'NONE',  ( 4.641758464136102269, 5.723430397167328820, 3.320000000000000728 ) ) ;
#1272 = CARTESIAN_POINT ( 'NONE',  ( -0.6916666666666668739, -11.82837392769607554, 3.319999999999999840 ) ) ;
#1273 = DIRECTION ( 'NONE',  ( 0.000000000000000000, 1.000000000000000000, 0.000000000000000000 ) ) ;
#1274 = EDGE_CURVE ( 'NONE', #838, #1372, #3036, .T. ) ;
#1275 = CARTESIAN_POINT ( 'NONE',  ( 1.893370863970587958, -4.117034313725486783, 3.720000000000000195 ) ) ;
#1276 = VECTOR ( 'NONE', #1654, 1000.000000000000000 ) ;
#1277 = ORIENTED_EDGE ( 'NONE', *, *, #820, .F. ) ;
#1278 = EDGE_LOOP ( 'NONE', ( #1902, #7312, #5026, #5564 ) ) ;
#1279 = CARTESIAN_POINT ( 'NONE',  ( 4.493348393666129148, -5.582206131816730199, 3.720000000000001084 ) ) ;
#1280 = LINE ( 'NONE', #5521, #227 ) ;
#1281 = DIRECTION ( 'NONE',  ( 2.096811509994359616E-16, -0.7071067811865480168, -0.7071067811865471286 ) ) ;
#1282 = CARTESIAN_POINT ( 'NONE',  ( 4.673061466302259603, -6.989377139816411066, 3.320000000000000284 ) ) ;
#1283 = CARTESIAN_POINT ( 'NONE',  ( 1.986996400122549300, -9.175245098039214398, 3.720000000000000639 ) ) ;
#1284 = CYLINDRICAL_SURFACE ( 'NONE', #3425, 0.2999999999999999334 ) ;
#1285 = DIRECTION ( 'NONE',  ( 2.168404344971003346E-15, -1.000000000000000000, 0.000000000000000000 ) ) ;
#1286 = B_SPLINE_SURFACE_WITH_KNOTS ( 'NONE', 3, 1, ( 
 ( #5207, #5733 ),
 ( #1985, #1410 ),
 ( #795, #146 ),
 ( #3330, #2109 ),
 ( #3907, #2072 ),
 ( #7657, #2632 ),
 ( #4590, #6390 ),
 ( #1495, #5125 ),
 ( #4553, #4928 ),
 ( #4470, #6961 ),
 ( #6920, #3984 ) ),
 .UNSPECIFIED., .F., .F., .F.,
 ( 4, 1, 1, 1, 1, 1, 1, 1, 4 ),
 ( 2, 2 ),
 ( 0.000000000000000000, 0.1496270988372160327, 0.2827135597320806215, 0.4054430627062985404, 0.5201329455049316097, 0.6339143440074570535, 0.7476241818749123080, 0.8684823930754067556, 1.000000000000000000 ),
 ( 0.000000000000000000, 1.000000000000000000 ),
 .UNSPECIFIED. ) ;
#1287 = CARTESIAN_POINT ( 'NONE',  ( -0.02759050471766374621, -10.06940707216745068, 3.720000000000001084 ) ) ;
#1288 = ORIENTED_EDGE ( 'NONE', *, *, #5804, .T. ) ;
#1289 = VECTOR ( 'NONE', #6413, 1000.000000000000000 ) ;
#1290 = CARTESIAN_POINT ( 'NONE',  ( -0.5209001282846290604, -3.201846765083113500, 3.720000000000001528 ) ) ;
#1291 = CARTESIAN_POINT ( 'NONE',  ( -2.700000000000005507, 8.900000000000000355, 1.180000000000000160 ) ) ;
#1292 = EDGE_LOOP ( 'NONE', ( #4751, #5675, #894, #4090 ) ) ;
#1293 = ORIENTED_EDGE ( 'NONE', *, *, #3308, .T. ) ;
#1294 = EDGE_CURVE ( 'NONE', #3927, #3493, #3650, .T. ) ;
#1295 = PLANE ( 'NONE',  #6852 ) ;
#1296 = PLANE ( 'NONE',  #5835 ) ;
#1297 = CARTESIAN_POINT ( 'NONE',  ( -5.300000000000004263, -16.60000000000000497, 2.720000000000000195 ) ) ;
#1298 = CARTESIAN_POINT ( 'NONE',  ( -11.70000000000000462, 16.40000000000000213, 2.720000000000000195 ) ) ;
#1299 = CARTESIAN_POINT ( 'NONE',  ( 2.537481044252467566, 5.022795676850396518, 3.319999999999999840 ) ) ;
#1300 = CARTESIAN_POINT ( 'NONE',  ( -5.000000000000004441, -13.90000000000000391, 1.180000000000000160 ) ) ;
#1301 = VERTEX_POINT ( 'NONE', #4379 ) ;
#1302 = CARTESIAN_POINT ( 'NONE',  ( 11.69999999999999751, 17.60000000000000142, -2.000000000000000000 ) ) ;
#1303 = DIRECTION ( 'NONE',  ( 0.000000000000000000, 0.000000000000000000, -1.000000000000000000 ) ) ;
#1304 = ORIENTED_EDGE ( 'NONE', *, *, #5648, .T. ) ;
#1305 = EDGE_CURVE ( 'NONE', #940, #6398, #825, .T. ) ;
#1306 = CARTESIAN_POINT ( 'NONE',  ( -0.3576073798248551872, 2.961966012358439038, 3.320000000000000728 ) ) ;
#1307 = CARTESIAN_POINT ( 'NONE',  ( 4.439164516495902824, -0.7254709837615080925, 3.319999999999999840 ) ) ;
#1308 = LINE ( 'NONE', #47, #7683 ) ;
#1309 = CARTESIAN_POINT ( 'NONE',  ( 4.558359975347428872, 2.062997804193453799, 3.720000000000000639 ) ) ;
#1310 = CARTESIAN_POINT ( 'NONE',  ( 2.098934823967300467, 3.822163748012682660, 3.319999999999999840 ) ) ;
#1311 = DIRECTION ( 'NONE',  ( 0.000000000000000000, -0.000000000000000000, 1.000000000000000000 ) ) ;
#1312 = DIRECTION ( 'NONE',  ( -1.000000000000000000, 0.000000000000000000, 0.000000000000000000 ) ) ;
#1313 = EDGE_CURVE ( 'NONE', #496, #1188, #2501, .T. ) ;
#1314 = ORIENTED_EDGE ( 'NONE', *, *, #3377, .T. ) ;
#1315 = ORIENTED_EDGE ( 'NONE', *, *, #6692, .T. ) ;
#1316 = EDGE_CURVE ( 'NONE', #7097, #309, #4475, .T. ) ;
#1317 = CARTESIAN_POINT ( 'NONE',  ( 4.576445481037232810, -5.833092317784414504, 3.720000000000000195 ) ) ;
#1318 = DIRECTION ( 'NONE',  ( -0.000000000000000000, 0.000000000000000000, 1.000000000000000000 ) ) ;
#1319 = FACE_OUTER_BOUND ( 'NONE', #5996, .T. ) ;
#1320 = LINE ( 'NONE', #5729, #1954 ) ;
#1321 = CARTESIAN_POINT ( 'NONE',  ( 4.599743193529153729, -0.05825327344684259889, 3.720000000000000195 ) ) ;
#1322 = CARTESIAN_POINT ( 'NONE',  ( -11.70000000000000462, 15.80000000000000071, 2.720000000000000195 ) ) ;
#1323 = AXIS2_PLACEMENT_3D ( 'NONE', #3385, #6483, #5254 ) ;
#1324 = CARTESIAN_POINT ( 'NONE',  ( 1.841123431192528193, -11.55912536171849148, 3.320000000000000284 ) ) ;
#1325 = DIRECTION ( 'NONE',  ( -0.000000000000000000, -0.000000000000000000, 1.000000000000000000 ) ) ;
#1326 = CARTESIAN_POINT ( 'NONE',  ( 0.4560462274989662279, -9.845932091744630910, 3.719999999999999307 ) ) ;
#1327 = ORIENTED_EDGE ( 'NONE', *, *, #6682, .F. ) ;
#1328 = DIRECTION ( 'NONE',  ( -1.000000000000000000, 0.000000000000000000, 0.000000000000000000 ) ) ;
#1329 = AXIS2_PLACEMENT_3D ( 'NONE', #1438, #5761, #5671 ) ;
#1330 = FACE_OUTER_BOUND ( 'NONE', #6382, .T. ) ;
#1331 = VERTEX_POINT ( 'NONE', #1275 ) ;
#1332 = ORIENTED_EDGE ( 'NONE', *, *, #4905, .T. ) ;
#1333 = VECTOR ( 'NONE', #879, 1000.000000000000000 ) ;
#1334 = CARTESIAN_POINT ( 'NONE',  ( 13.29999999999999716, -3.099999999999999645, 3.520000000000008455 ) ) ;
#1335 = DIRECTION ( 'NONE',  ( -1.000000000000000000, 0.000000000000000000, -0.000000000000000000 ) ) ;
#1336 = CARTESIAN_POINT ( 'NONE',  ( 0.2916770998294681005, -5.860909934558534040, 3.720000000000000639 ) ) ;
#1337 = CARTESIAN_POINT ( 'NONE',  ( 11.29999999999999538, 15.80000000000000782, 2.720000000000000195 ) ) ;
#1338 = CARTESIAN_POINT ( 'NONE',  ( 11.70000000000000107, -16.60000000000000142, -2.000000000000000000 ) ) ;
#1339 = CARTESIAN_POINT ( 'NONE',  ( 3.183552149108343610, -7.798002094712063403, 3.319999999999999396 ) ) ;
#1340 = ADVANCED_FACE ( 'NONE', ( #4224 ), #7481, .T. ) ;
#1341 = CIRCLE ( 'NONE', #5905, 0.2999999999999999334 ) ;
#1342 = ORIENTED_EDGE ( 'NONE', *, *, #1167, .F. ) ;
#1343 = LINE ( 'NONE', #6858, #5298 ) ;
#1344 = CARTESIAN_POINT ( 'NONE',  ( 1.783049216106233459, 8.877060699195697069, 3.719999999999999307 ) ) ;
#1345 = ORIENTED_EDGE ( 'NONE', *, *, #4396, .T. ) ;
#1346 = DIRECTION ( 'NONE',  ( 1.000000000000000000, 0.000000000000000000, 0.000000000000000000 ) ) ;
#1347 = CARTESIAN_POINT ( 'NONE',  ( -0.6664370899757338096, -3.022591067804277554, 3.319999999999998952 ) ) ;
#1348 = ORIENTED_EDGE ( 'NONE', *, *, #1147, .F. ) ;
#1349 = DIRECTION ( 'NONE',  ( 1.000000000000000000, 0.000000000000000000, 0.000000000000000000 ) ) ;
#1350 = CARTESIAN_POINT ( 'NONE',  ( -2.400000000000005240, 8.900000000000000355, 1.180000000000000160 ) ) ;
#1351 = LINE ( 'NONE', #7637, #6897 ) ;
#1352 = CARTESIAN_POINT ( 'NONE',  ( 1.986996400122548856, 3.820465686274513661, 3.720000000000000195 ) ) ;
#1353 = CARTESIAN_POINT ( 'NONE',  ( -12.50000000000000178, -3.700000000000000178, 2.400000000000000355 ) ) ;
#1354 = EDGE_CURVE ( 'NONE', #4321, #955, #1341, .T. ) ;
#1355 = ORIENTED_EDGE ( 'NONE', *, *, #5000, .T. ) ;
#1356 = ORIENTED_EDGE ( 'NONE', *, *, #7945, .F. ) ;
#1357 = CARTESIAN_POINT ( 'NONE',  ( 3.852128128363635273, 4.289432669616538796, 3.720000000000000195 ) ) ;
#1358 = DIRECTION ( 'NONE',  ( 0.000000000000000000, 0.000000000000000000, -1.000000000000000000 ) ) ;
#1359 = LINE ( 'NONE', #221, #2969 ) ;
#1360 = EDGE_CURVE ( 'NONE', #7996, #838, #52, .T. ) ;
#1361 = CARTESIAN_POINT ( 'NONE',  ( 2.315515325655292056, -9.170261595515670550, 3.319999999999998952 ) ) ;
#1362 = PLANE ( 'NONE',  #3625 ) ;
#1363 = CARTESIAN_POINT ( 'NONE',  ( 0.1651700160415829344, 5.848665993130350849, 3.719999999999999307 ) ) ;
#1364 = EDGE_CURVE ( 'NONE', #4840, #3927, #696, .T. ) ;
#1365 = DIRECTION ( 'NONE',  ( -0.7071067811865467956, 0.000000000000000000, -0.7071067811865483499 ) ) ;
#1366 = CARTESIAN_POINT ( 'NONE',  ( 1.553751428585090189, -5.298566276559209420, 3.319999999999999840 ) ) ;
#1367 = CARTESIAN_POINT ( 'NONE',  ( 2.672588160371159649, -5.349210733409683449, 3.720000000000000195 ) ) ;
#1368 = ORIENTED_EDGE ( 'NONE', *, *, #6199, .T. ) ;
#1369 = DIRECTION ( 'NONE',  ( -1.000000000000000000, -2.775557561562891351E-16, 0.000000000000000000 ) ) ;
#1370 = EDGE_CURVE ( 'NONE', #2726, #3632, #1481, .T. ) ;
#1371 = DIRECTION ( 'NONE',  ( -1.000000000000000000, -0.000000000000000000, -0.000000000000000000 ) ) ;
#1372 = VERTEX_POINT ( 'NONE', #5635 ) ;
#1373 = ORIENTED_EDGE ( 'NONE', *, *, #1370, .F. ) ;
#1374 = DIRECTION ( 'NONE',  ( 1.000000000000000000, -0.000000000000000000, 0.000000000000000000 ) ) ;
#1375 = DIRECTION ( 'NONE',  ( -1.257045997084642858E-16, 1.000000000000000000, 0.000000000000000000 ) ) ;
#1376 = FILL_AREA_STYLE ('',( #3179 ) ) ;
#1377 = CARTESIAN_POINT ( 'NONE',  ( 4.670976802750296919, 6.603421475906941396, 3.719999999999999307 ) ) ;
#1378 = FACE_OUTER_BOUND ( 'NONE', #2745, .T. ) ;
#1379 = VECTOR ( 'NONE', #4246, 1000.000000000000000 ) ;
#1380 = DIRECTION ( 'NONE',  ( 1.000000000000000000, 0.000000000000000000, 0.000000000000000000 ) ) ;
#1381 = B_SPLINE_CURVE_WITH_KNOTS ( 'NONE', 3,
 ( #3319, #213, #2703, #5195, #7685, #945, #3476, #4134, #446, #1639, #5313 ),
 .UNSPECIFIED., .F., .F.,
 ( 4, 1, 1, 1, 1, 1, 1, 1, 4 ),
 ( 0.000000000000000000, 0.1496270988372160327, 0.2827135597320806215, 0.4054430627062985404, 0.5201329455049316097, 0.6339143440074570535, 0.7476241818749123080, 0.8684823930754067556, 1.000000000000000000 ),
 .UNSPECIFIED. ) ;
#1382 = ORIENTED_EDGE ( 'NONE', *, *, #5294, .F. ) ;
#1383 = DIRECTION ( 'NONE',  ( 0.000000000000000000, 1.000000000000000000, 0.000000000000000000 ) ) ;
#1384 = ORIENTED_EDGE ( 'NONE', *, *, #2026, .T. ) ;
#1385 = CARTESIAN_POINT ( 'NONE',  ( 11.29999999999999538, 17.60000000000000142, 3.520000000000008455 ) ) ;
#1386 = CARTESIAN_POINT ( 'NONE',  ( 13.29999999999999716, 10.90000000000000036, 3.720000000000000195 ) ) ;
#1387 = ORIENTED_EDGE ( 'NONE', *, *, #4342, .T. ) ;
#1388 = CARTESIAN_POINT ( 'NONE',  ( 3.053354779411764586, -0.1312614889705868149, 3.319999999999999840 ) ) ;
#1389 = CARTESIAN_POINT ( 'NONE',  ( -0.2636642156862746278, -3.261029411764704289, 3.720000000000000195 ) ) ;
#1390 = VECTOR ( 'NONE', #5353, 1000.000000000000000 ) ;
#1391 = CARTESIAN_POINT ( 'NONE',  ( 11.50000000000000178, 17.60000000000000142, 3.520000000000001350 ) ) ;
#1392 = CARTESIAN_POINT ( 'NONE',  ( 9.800000000000000711, -3.900000000000000799, 1.180000000000000160 ) ) ;
#1393 = AXIS2_PLACEMENT_3D ( 'NONE', #3184, #7630, #82 ) ;
#1394 = CARTESIAN_POINT ( 'NONE',  ( -3.600000000000004086, -13.60000000000000497, 1.180000000000000160 ) ) ;
#1395 = CIRCLE ( 'NONE', #7266, 0.7999999999999986011 ) ;
#1396 = B_SPLINE_CURVE_WITH_KNOTS ( 'NONE', 3,
 ( #8060, #7455, #3252, #5735, #2478, #1864, #6229, #4354, #6839, #3130, #1243, #5610, #25, #2513, #5001, #4393, #1287, #1947, #4435, #6922, #1326, #5863, #4632, #7614, #1454 ),
 .UNSPECIFIED., .F., .F.,
 ( 4, 1, 1, 1, 1, 1, 1, 1, 1, 1, 1, 1, 1, 1, 1, 1, 1, 1, 1, 1, 1, 1, 4 ),
 ( 0.000000000000000000, 0.06300202702274274036, 0.1231823281343510795, 0.1540270774783762953, 0.1879021004696256603, 0.2244192687643597195, 0.2644132353837061467, 0.3066277958067271103, 0.3496183315070043873, 0.3942512573830674882, 0.4404161950753398558, 0.4866257509523431168, 0.5321520143407508785, 0.5766172517371286332, 0.6208656786737264399, 0.6647477656681417546, 0.7089981331124451946, 0.7538536684785596131, 0.7994100991946472279, 0.8466051383819981346, 0.8956120797803162059, 0.9465014450144753066, 1.000000000000000000 ),
 .UNSPECIFIED. ) ;
#1397 = VERTEX_POINT ( 'NONE', #1352 ) ;
#1398 = AXIS2_PLACEMENT_3D ( 'NONE', #3502, #1462, #5831 ) ;
#1399 = EDGE_LOOP ( 'NONE', ( #3976, #7188, #4987, #2987 ) ) ;
#1400 = CARTESIAN_POINT ( 'NONE',  ( 4.576445481037232810, -5.833092317784414504, 3.319999999999999396 ) ) ;
#1401 = LINE ( 'NONE', #2626, #4907 ) ;
#1402 = CARTESIAN_POINT ( 'NONE',  ( 4.424908088235294024, 0.3733436734068640850, 3.319999999999999840 ) ) ;
#1403 = EDGE_CURVE ( 'NONE', #1936, #7643, #5638, .T. ) ;
#1404 = VECTOR ( 'NONE', #5674, 1000.000000000000000 ) ;
#1405 = DIRECTION ( 'NONE',  ( 0.000000000000000000, 0.000000000000000000, -1.000000000000000000 ) ) ;
#1406 = DIRECTION ( 'NONE',  ( 1.000000000000000000, 0.000000000000000000, 0.000000000000000000 ) ) ;
#1407 = CARTESIAN_POINT ( 'NONE',  ( 11.69999999999999751, 15.80000000000000071, 3.720000000000000195 ) ) ;
#1408 = AXIS2_PLACEMENT_3D ( 'NONE', #6638, #4111, #3534 ) ;
#1409 = ADVANCED_FACE ( 'NONE', ( #2583 ), #1946, .T. ) ;
#1410 = CARTESIAN_POINT ( 'NONE',  ( -0.3387856704039460820, -13.45440581543365610, 3.719999999999998863 ) ) ;
#1411 = CARTESIAN_POINT ( 'NONE',  ( 1.883217834515139355, -5.284872614925824941, 3.320000000000000728 ) ) ;
#1412 = ADVANCED_FACE ( 'NONE', ( #5672 ), #7029, .T. ) ;
#1413 = CARTESIAN_POINT ( 'NONE',  ( 4.675496803454073813, -6.591321839957387851, 3.719999999999999751 ) ) ;
#1414 = ORIENTED_EDGE ( 'NONE', *, *, #3648, .F. ) ;
#1415 = CARTESIAN_POINT ( 'NONE',  ( -0.6321831313066192948, -3.093102164451828617, 3.720000000000001084 ) ) ;
#1416 = DIRECTION ( 'NONE',  ( -1.000000000000000000, 0.000000000000000000, -0.000000000000000000 ) ) ;
#1417 = EDGE_CURVE ( 'NONE', #3884, #2088, #6909, .T. ) ;
#1418 = EDGE_LOOP ( 'NONE', ( #463, #7499, #7203, #533 ) ) ;
#1419 = ORIENTED_EDGE ( 'NONE', *, *, #3295, .F. ) ;
#1420 = AXIS2_PLACEMENT_3D ( 'NONE', #188, #1685, #2758 ) ;
#1421 = EDGE_CURVE ( 'NONE', #6856, #325, #4541, .T. ) ;
#1422 = CARTESIAN_POINT ( 'NONE',  ( 10.69999999999999751, 13.19999999999999929, 2.720000000000000195 ) ) ;
#1423 = DIRECTION ( 'NONE',  ( 1.000000000000000000, 0.000000000000000000, 0.000000000000000000 ) ) ;
#1424 = LINE ( 'NONE', #1914, #4633 ) ;
#1425 = FACE_OUTER_BOUND ( 'NONE', #852, .T. ) ;
#1426 = CARTESIAN_POINT ( 'NONE',  ( -13.50000000000000355, -3.899999999999999467, 2.400000000000000355 ) ) ;
#1427 = CARTESIAN_POINT ( 'NONE',  ( 12.50000000000000000, 10.69999999999999751, 1.180000000000000160 ) ) ;
#1428 = B_SPLINE_CURVE_WITH_KNOTS ( 'NONE', 3,
 ( #4474, #4437, #1949, #6965, #1290, #761, #1415, #150, #3091, #3827, #4513 ),
 .UNSPECIFIED., .F., .F.,
 ( 4, 1, 1, 1, 1, 1, 1, 1, 4 ),
 ( 0.000000000000000000, 0.1463295087365604485, 0.2794937139539293569, 0.4002637426777958529, 0.5173694038893403846, 0.6315987502037564427, 0.7474332714039008119, 0.8682170732963948590, 1.000000000000000000 ),
 .UNSPECIFIED. ) ;
#1429 = VECTOR ( 'NONE', #6212, 1000.000000000000000 ) ;
#1430 = ORIENTED_EDGE ( 'NONE', *, *, #6802, .T. ) ;
#1431 = DIRECTION ( 'NONE',  ( -0.000000000000000000, -0.000000000000000000, 1.000000000000000000 ) ) ;
#1432 = EDGE_LOOP ( 'NONE', ( #8011, #5821, #6381, #2942 ) ) ;
#1433 = LINE ( 'NONE', #6326, #4398 ) ;
#1434 = CARTESIAN_POINT ( 'NONE',  ( -0.5209001282846290604, -3.201846765083113500, 3.320000000000001172 ) ) ;
#1435 = ORIENTED_EDGE ( 'NONE', *, *, #4462, .F. ) ;
#1436 = DIRECTION ( 'NONE',  ( -0.000000000000000000, 0.000000000000000000, 1.000000000000000000 ) ) ;
#1437 = LINE ( 'NONE', #5720, #80 ) ;
#1438 = CARTESIAN_POINT ( 'NONE',  ( 11.70000000000000107, 15.80000000000000426, -2.000000000000000000 ) ) ;
#1439 = VECTOR ( 'NONE', #5516, 999.9999999999998863 ) ;
#1440 = DIRECTION ( 'NONE',  ( -0.000000000000000000, 1.000000000000000000, -0.000000000000000000 ) ) ;
#1441 = CARTESIAN_POINT ( 'NONE',  ( -11.70000000000000462, -15.80000000000000071, -2.000000000000000000 ) ) ;
#1442 = ORIENTED_EDGE ( 'NONE', *, *, #4718, .T. ) ;
#1443 = ORIENTED_EDGE ( 'NONE', *, *, #19, .T. ) ;
#1444 = CARTESIAN_POINT ( 'NONE',  ( 4.670976802750296031, -6.392289308406781778, 3.719999999999999307 ) ) ;
#1445 = FACE_OUTER_BOUND ( 'NONE', #5397, .T. ) ;
#1446 = PLANE ( 'NONE',  #2317 ) ;
#1447 = CARTESIAN_POINT ( 'NONE',  ( 2.705151222730521443, -11.43212497994910315, 3.720000000000001084 ) ) ;
#1448 = DIRECTION ( 'NONE',  ( -0.000000000000000000, -0.000000000000000000, 1.000000000000000000 ) ) ;
#1449 = CARTESIAN_POINT ( 'NONE',  ( -1.300000000000004263, 13.19999999999999929, 3.520000000000008455 ) ) ;
#1450 = EDGE_CURVE ( 'NONE', #2378, #3106, #5763, .T. ) ;
#1451 = ORIENTED_EDGE ( 'NONE', *, *, #457, .T. ) ;
#1452 = DIRECTION ( 'NONE',  ( 1.000000000000000000, 0.000000000000000000, 0.000000000000000000 ) ) ;
#1453 = CARTESIAN_POINT ( 'NONE',  ( 12.50000000000000000, -3.099999999999999645, 1.180000000000000160 ) ) ;
#1454 = CARTESIAN_POINT ( 'NONE',  ( 0.9011833639705878474, -9.797794117647057988, 3.720000000000000195 ) ) ;
#1455 = ORIENTED_EDGE ( 'NONE', *, *, #7591, .T. ) ;
#1456 = CARTESIAN_POINT ( 'NONE',  ( -11.70000000000000107, 15.80000000000000071, -0.5000000000000000000 ) ) ;
#1457 = DIRECTION ( 'NONE',  ( -0.000000000000000000, -0.000000000000000000, 1.000000000000000000 ) ) ;
#1458 = EDGE_CURVE ( 'NONE', #770, #2099, #5074, .T. ) ;
#1459 = VERTEX_POINT ( 'NONE', #212 ) ;
#1460 = ORIENTED_EDGE ( 'NONE', *, *, #5340, .F. ) ;
#1461 = DIRECTION ( 'NONE',  ( 0.000000000000000000, 0.000000000000000000, 1.000000000000000000 ) ) ;
#1462 = DIRECTION ( 'NONE',  ( -0.000000000000000000, 0.000000000000000000, 1.000000000000000000 ) ) ;
#1463 = AXIS2_PLACEMENT_3D ( 'NONE', #1242, #3786, #1862 ) ;
#1464 = VECTOR ( 'NONE', #1637, 1000.000000000000000 ) ;
#1465 = CARTESIAN_POINT ( 'NONE',  ( 1.062979278766168045, 5.089871690956689676, 3.320000000000001616 ) ) ;
#1466 = VERTEX_POINT ( 'NONE', #6292 ) ;
#1467 = EDGE_CURVE ( 'NONE', #6648, #6856, #6689, .T. ) ;
#1468 = CARTESIAN_POINT ( 'NONE',  ( -0.3703828845875279385, -1.429913209860735002, 3.719999999999999751 ) ) ;
#1469 = ADVANCED_FACE ( 'NONE', ( #6333 ), #136, .T. ) ;
#1470 = VECTOR ( 'NONE', #6879, 1000.000000000000000 ) ;
#1471 = VERTEX_POINT ( 'NONE', #2171 ) ;
#1472 = CARTESIAN_POINT ( 'NONE',  ( 4.029911706819156336, -8.560489399009712841, 3.720000000000000639 ) ) ;
#1473 = ORIENTED_EDGE ( 'NONE', *, *, #5903, .T. ) ;
#1474 = CARTESIAN_POINT ( 'NONE',  ( 0.8401748656908839541, 3.980606346774965054, 3.720000000000000195 ) ) ;
#1475 = CARTESIAN_POINT ( 'NONE',  ( 4.535136223212367312, -0.6366925080274890014, 3.319999999999998952 ) ) ;
#1476 = ORIENTED_EDGE ( 'NONE', *, *, #3561, .T. ) ;
#1477 = CARTESIAN_POINT ( 'NONE',  ( 4.535136223212367312, -0.6366925080274890014, 3.719999999999999307 ) ) ;
#1478 = LINE ( 'NONE', #3970, #5171 ) ;
#1479 = B_SPLINE_CURVE_WITH_KNOTS ( 'NONE', 3,
 ( #7551, #2571, #3267, #5750, #5100, #162, #6405, #6934, #1339, #727, #2648, #5138, #361, #3350, #7750, #7140, #247, #856, #2773 ),
 .UNSPECIFIED., .F., .F.,
 ( 4, 1, 1, 1, 1, 1, 1, 1, 1, 1, 1, 1, 1, 1, 1, 1, 4 ),
 ( 0.000000000000000000, 0.07998687184711987530, 0.1559865130290785662, 0.2277006833242030681, 0.2961486476827291381, 0.3608880826660946783, 0.4217378579292103691, 0.4798847986416893141, 0.5355057445050774856, 0.5892689189416134843, 0.6422809993223053127, 0.6946689085360283622, 0.7481243169006164262, 0.8040541819839501780, 0.8644630359991968271, 0.9290926937957373344, 1.000000000000000000 ),
 .UNSPECIFIED. ) ;
#1480 = CARTESIAN_POINT ( 'NONE',  ( 3.816051211593602943, -6.477089618486742140, 3.319999999999999396 ) ) ;
#1481 = LINE ( 'NONE', #2013, #954 ) ;
#1482 = CARTESIAN_POINT ( 'NONE',  ( 3.816051211593602499, 6.518621165826983699, 3.719999999999999307 ) ) ;
#1483 = ADVANCED_FACE ( 'NONE', ( #4775 ), #6501, .F. ) ;
#1484 = ORIENTED_EDGE ( 'NONE', *, *, #6800, .T. ) ;
#1485 = ORIENTED_EDGE ( 'NONE', *, *, #6556, .T. ) ;
#1486 = AXIS2_PLACEMENT_3D ( 'NONE', #7242, #1656, #5365 ) ;
#1487 = CARTESIAN_POINT ( 'NONE',  ( 13.49999999999999645, -15.80000000000000071, 3.520000000000001350 ) ) ;
#1488 = AXIS2_PLACEMENT_3D ( 'NONE', #7453, #3167, #4353 ) ;
#1489 = CARTESIAN_POINT ( 'NONE',  ( 4.536616064929916092, 2.908310214389167037, 3.719999999999997087 ) ) ;
#1490 = CARTESIAN_POINT ( 'NONE',  ( 12.20000000000000107, -3.300000000000000711, -2.000000000000000000 ) ) ;
#1491 = DIRECTION ( 'NONE',  ( -0.000000000000000000, -0.000000000000000000, 1.000000000000000000 ) ) ;
#1492 = CARTESIAN_POINT ( 'NONE',  ( 4.112569194110244020, 8.052246023171647948, 3.319999999999999396 ) ) ;
#1493 = CARTESIAN_POINT ( 'NONE',  ( 1.062979278766168045, 5.089871690956689676, 3.720000000000001972 ) ) ;
#1494 = AXIS2_PLACEMENT_3D ( 'NONE', #2121, #6526, #1507 ) ;
#1495 = CARTESIAN_POINT ( 'NONE',  ( -0.6697905033347774095, -13.23700290155031389, 3.319999999999999840 ) ) ;
#1496 = FACE_OUTER_BOUND ( 'NONE', #7421, .T. ) ;
#1497 = B_SPLINE_SURFACE_WITH_KNOTS ( 'NONE', 3, 1, ( 
 ( #208, #7062 ),
 ( #6535, #3356 ),
 ( #905, #2859 ),
 ( #941, #2210 ),
 ( #862, #2740 ),
 ( #7268, #979 ),
 ( #1020, #2778 ),
 ( #7755, #4013 ),
 ( #6498, #326 ),
 ( #3399, #3471 ),
 ( #4091, #2167 ) ),
 .UNSPECIFIED., .F., .F., .F.,
 ( 4, 1, 1, 1, 1, 1, 1, 1, 4 ),
 ( 2, 2 ),
 ( 0.000000000000000000, 0.06346397018966870585, 0.1293326129708573524, 0.2043576948965484807, 0.2982694572853490933, 0.4194562280064449422, 0.5721569652140962026, 0.7628712668034081101, 1.000000000000000000 ),
 ( 0.000000000000000000, 1.000000000000000000 ),
 .UNSPECIFIED. ) ;
#1498 = CARTESIAN_POINT ( 'NONE',  ( 2.207046322889365975, -4.121537142162652323, 3.720000000000000639 ) ) ;
#1499 = ORIENTED_EDGE ( 'NONE', *, *, #7898, .T. ) ;
#1500 = CARTESIAN_POINT ( 'NONE',  ( 2.500351106119487188, -5.320252202141409370, 3.319999999999999396 ) ) ;
#1501 = CARTESIAN_POINT ( 'NONE',  ( 4.599999999999999645, -2.757640165441175295, 3.720000000000000639 ) ) ;
#1502 = B_SPLINE_CURVE_WITH_KNOTS ( 'NONE', 3,
 ( #6070, #517, #2971, #5455, #3010, #4800, #1172, #2437, #6114, #5985, #2360, #3048, #4838, #3581, #3664 ),
 .UNSPECIFIED., .F., .F.,
 ( 4, 1, 1, 1, 1, 1, 1, 1, 1, 1, 1, 1, 4 ),
 ( 0.000000000000000000, 0.08291963688059321436, 0.1588916064393524896, 0.2291120832283457809, 0.2943789722942755094, 0.3552227454872642909, 0.4135120807972566537, 0.4697072908392677659, 0.5248100291663855277, 0.6345563989241332914, 0.7499326764144844670, 0.8711479335753136155, 1.000000000000000000 ),
 .UNSPECIFIED. ) ;
#1503 = CARTESIAN_POINT ( 'NONE',  ( -0.6916666666666668739, -13.08806295955882248, 3.319999999999999840 ) ) ;
#1504 = ORIENTED_EDGE ( 'NONE', *, *, #5340, .T. ) ;
#1505 = PLANE ( 'NONE',  #216 ) ;
#1506 = CARTESIAN_POINT ( 'NONE',  ( 0.08827652974940966568, -6.694496061819402932, 3.719999999999999751 ) ) ;
#1507 = DIRECTION ( 'NONE',  ( 0.000000000000000000, 0.000000000000000000, 1.000000000000000000 ) ) ;
#1508 = EDGE_CURVE ( 'NONE', #6494, #3831, #7078, .T. ) ;
#1509 = CARTESIAN_POINT ( 'NONE',  ( -0.6265358321838214728, -1.707931921208672987, 3.320000000000000728 ) ) ;
#1510 = COLOUR_RGB ( '',1.000000000000000000, 1.000000000000000000, 1.000000000000000000 ) ;
#1511 = ORIENTED_EDGE ( 'NONE', *, *, #4125, .T. ) ;
#1512 = CARTESIAN_POINT ( 'NONE',  ( -13.30000000000000426, -3.700000000000000178, 2.400000000000000355 ) ) ;
#1513 = EDGE_LOOP ( 'NONE', ( #5782, #4415, #7302, #1871 ) ) ;
#1514 = CARTESIAN_POINT ( 'NONE',  ( 4.558044763804675270, 2.855239479219574328, 3.720000000000001084 ) ) ;
#1515 = CARTESIAN_POINT ( 'NONE',  ( 0.3659679270342620638, -8.809046985882316605, 3.720000000000001528 ) ) ;
#1516 = ORIENTED_EDGE ( 'NONE', *, *, #2724, .T. ) ;
#1517 = CARTESIAN_POINT ( 'NONE',  ( -13.50000000000000355, -2.500000000000000444, 2.400000000000000355 ) ) ;
#1518 = LINE ( 'NONE', #5800, #5415 ) ;
#1519 = EDGE_CURVE ( 'NONE', #6625, #6017, #5774, .T. ) ;
#1520 = CARTESIAN_POINT ( 'NONE',  ( 3.595964893866836043, -5.878541142941905662, 3.319999999999999396 ) ) ;
#1521 = AXIS2_PLACEMENT_3D ( 'NONE', #2581, #253, #2741 ) ;
#1522 = CARTESIAN_POINT ( 'NONE',  ( 1.261231859225221408, 8.842900560934019438, 3.719999999999999751 ) ) ;
#1523 = FACE_OUTER_BOUND ( 'NONE', #5715, .T. ) ;
#1524 = ORIENTED_EDGE ( 'NONE', *, *, #4670, .T. ) ;
#1525 = ORIENTED_EDGE ( 'NONE', *, *, #4315, .T. ) ;
#1526 = CIRCLE ( 'NONE', #7654, 0.8000000000000020428 ) ;
#1527 = FACE_OUTER_BOUND ( 'NONE', #6107, .T. ) ;
#1528 = DIRECTION ( 'NONE',  ( -0.000000000000000000, -0.7071067811865475727, -0.7071067811865475727 ) ) ;
#1529 = CARTESIAN_POINT ( 'NONE',  ( -13.50000000000000355, -3.700000000000000178, 2.400000000000000355 ) ) ;
#1530 = EDGE_CURVE ( 'NONE', #1833, #7460, #5883, .T. ) ;
#1531 = VECTOR ( 'NONE', #3026, 1000.000000000000000 ) ;
#1532 = LINE ( 'NONE', #4028, #7561 ) ;
#1533 = DIRECTION ( 'NONE',  ( 0.000000000000000000, 1.000000000000000000, 0.000000000000000000 ) ) ;
#1534 = CARTESIAN_POINT ( 'NONE',  ( 0.5167474395479868532, -7.627951735273429179, 3.319999999999999396 ) ) ;
#1535 = AXIS2_PLACEMENT_3D ( 'NONE', #529, #3025, #6972 ) ;
#1536 = AXIS2_PLACEMENT_3D ( 'NONE', #2589, #7252, #1086 ) ;
#1537 = AXIS2_PLACEMENT_3D ( 'NONE', #6468, #6388, #1406 ) ;
#1538 = DIRECTION ( 'NONE',  ( 2.096811509994361095E-16, 0.7071067811865486830, -0.7071067811865464625 ) ) ;
#1539 = CARTESIAN_POINT ( 'NONE',  ( -11.69999999999999751, 16.60000000000000142, -1.500000000000000000 ) ) ;
#1540 = VECTOR ( 'NONE', #6112, 1000.000000000000000 ) ;
#1541 = ORIENTED_EDGE ( 'NONE', *, *, #6653, .F. ) ;
#1542 = CARTESIAN_POINT ( 'NONE',  ( -0.6916666666666668739, -13.08806295955882248, 3.319999999999999840 ) ) ;
#1543 = VERTEX_POINT ( 'NONE', #7870 ) ;
#1544 = CARTESIAN_POINT ( 'NONE',  ( 2.837718034825559066, -5.386928447180573620, 3.319999999999999840 ) ) ;
#1545 = DIRECTION ( 'NONE',  ( -1.000000000000000000, -1.482669637587014767E-16, -0.000000000000000000 ) ) ;
#1546 = CARTESIAN_POINT ( 'NONE',  ( 4.589937152665778619, -2.993989820046238037, 3.720000000000001084 ) ) ;
#1547 = DIRECTION ( 'NONE',  ( -1.000000000000000000, 0.000000000000000000, -0.000000000000000000 ) ) ;
#1548 = PLANE ( 'NONE',  #2442 ) ;
#1549 = CARTESIAN_POINT ( 'NONE',  ( 0.5167474395479867422, 5.367759049040298436, 3.320000000000001172 ) ) ;
#1550 = CARTESIAN_POINT ( 'NONE',  ( 9.099999999999996092, 10.10000000000000142, 1.180000000000000160 ) ) ;
#1551 = VECTOR ( 'NONE', #3501, 1000.000000000000114 ) ;
#1552 = EDGE_CURVE ( 'NONE', #5223, #460, #1023, .T. ) ;
#1553 = VERTEX_POINT ( 'NONE', #3475 ) ;
#1554 = CYLINDRICAL_SURFACE ( 'NONE', #2952, 0.2999999999999999334 ) ;
#1555 = VERTEX_POINT ( 'NONE', #328 ) ;
#1556 = FACE_BOUND ( 'NONE', #735, .T. ) ;
#1557 = DIRECTION ( 'NONE',  ( 0.000000000000000000, 1.000000000000000000, 0.000000000000000000 ) ) ;
#1558 = ORIENTED_EDGE ( 'NONE', *, *, #7231, .T. ) ;
#1559 = CARTESIAN_POINT ( 'NONE',  ( 1.384159298394786797, 3.857007144860677972, 3.319999999999998952 ) ) ;
#1560 = SURFACE_STYLE_USAGE ( .BOTH. , #292 ) ;
#1561 = CARTESIAN_POINT ( 'NONE',  ( 4.429771752450980316, -2.249387254901959121, 3.319999999999999840 ) ) ;
#1562 = CARTESIAN_POINT ( 'NONE',  ( -0.5266806422855280223, 7.695403046215496090, 3.720000000000000195 ) ) ;
#1563 = LINE ( 'NONE', #4700, #876 ) ;
#1564 = EDGE_CURVE ( 'NONE', #1853, #7655, #1879, .T. ) ;
#1565 = ORIENTED_EDGE ( 'NONE', *, *, #4033, .F. ) ;
#1566 = ORIENTED_EDGE ( 'NONE', *, *, #7842, .F. ) ;
#1567 = CARTESIAN_POINT ( 'NONE',  ( 2.006871473906586711, 4.988338476769349050, 3.720000000000000195 ) ) ;
#1568 = CARTESIAN_POINT ( 'NONE',  ( 4.599736752102543846, 2.584904392107866489, 3.719999999999999307 ) ) ;
#1569 = CIRCLE ( 'NONE', #5732, 1.799999999999999600 ) ;
#1570 = FACE_OUTER_BOUND ( 'NONE', #2093, .T. ) ;
#1571 = DIRECTION ( 'NONE',  ( -0.000000000000000000, 0.000000000000000000, -1.000000000000000000 ) ) ;
#1572 = CARTESIAN_POINT ( 'NONE',  ( 0.3144049315891143115, -7.414604544859658475, 3.719999999999999751 ) ) ;
#1573 = EDGE_CURVE ( 'NONE', #496, #3098, #7917, .T. ) ;
#1574 = ADVANCED_FACE ( 'NONE', ( #5312 ), #6005, .T. ) ;
#1575 = CARTESIAN_POINT ( 'NONE',  ( -0.6906399380423565715, -13.11453293245350693, 3.319999999999999396 ) ) ;
#1576 = CARTESIAN_POINT ( 'NONE',  ( -12.50000000000000000, -3.700000000000000178, 2.720000000000000195 ) ) ;
#1577 = VERTEX_POINT ( 'NONE', #408 ) ;
#1578 = VERTEX_POINT ( 'NONE', #982 ) ;
#1579 = CARTESIAN_POINT ( 'NONE',  ( -0.6658044171748163098, 1.554336689283740913, 3.319999999999999840 ) ) ;
#1580 = CARTESIAN_POINT ( 'NONE',  ( 1.505248522259038824, -9.872435397259151202, 3.319999999999999396 ) ) ;
#1581 = LINE ( 'NONE', #845, #4399 ) ;
#1582 = CARTESIAN_POINT ( 'NONE',  ( 4.599893199066662497, 2.411598531445268367, 3.720000000000001084 ) ) ;
#1583 = DIRECTION ( 'NONE',  ( -0.000000000000000000, -0.000000000000000000, 1.000000000000000000 ) ) ;
#1584 = CARTESIAN_POINT ( 'NONE',  ( 1.396190965030241760, -7.972187485425340725, 3.720000000000000639 ) ) ;
#1585 = CARTESIAN_POINT ( 'NONE',  ( 0.08827652974940969344, 6.301214722494322906, 3.319999999999999396 ) ) ;
#1586 = AXIS2_PLACEMENT_3D ( 'NONE', #3229, #731, #3185 ) ;
#1587 = DIRECTION ( 'NONE',  ( -1.000000000000000000, 0.000000000000000000, 0.000000000000000000 ) ) ;
#1588 = ORIENTED_EDGE ( 'NONE', *, *, #4807, .F. ) ;
#1589 = CARTESIAN_POINT ( 'NONE',  ( -0.6916666666666668739, -11.82837392769607554, 3.319999999999999840 ) ) ;
#1590 = ORIENTED_EDGE ( 'NONE', *, *, #2466, .F. ) ;
#1591 = CARTESIAN_POINT ( 'NONE',  ( -13.30000000000001137, 15.80000000000000071, -2.000000000000000000 ) ) ;
#1592 = CARTESIAN_POINT ( 'NONE',  ( 1.883173295279584769, -9.172994873133347937, 3.320000000000000284 ) ) ;
#1593 = VERTEX_POINT ( 'NONE', #257 ) ;
#1594 = CARTESIAN_POINT ( 'NONE',  ( 1.986996400122548856, 3.820465686274513661, 3.720000000000000195 ) ) ;
#1595 = DIRECTION ( 'NONE',  ( -0.7071067811865517916, 0.000000000000000000, -0.7071067811865433539 ) ) ;
#1596 = ADVANCED_FACE ( 'NONE', ( #2743 ), #5232, .F. ) ;
#1597 = CARTESIAN_POINT ( 'NONE',  ( 4.575653381375558659, -12.56040798296248084, 3.319999999999999840 ) ) ;
#1598 = FACE_OUTER_BOUND ( 'NONE', #3753, .T. ) ;
#1599 = ORIENTED_EDGE ( 'NONE', *, *, #5597, .T. ) ;
#1600 = ORIENTED_EDGE ( 'NONE', *, *, #5948, .T. ) ;
#1601 = CARTESIAN_POINT ( 'NONE',  ( -0.5266806422855275782, -5.300307738098230637, 3.319999999999999840 ) ) ;
#1602 = LINE ( 'NONE', #2342, #4779 ) ;
#1603 = VECTOR ( 'NONE', #4672, 1000.000000000000000 ) ;
#1604 = CARTESIAN_POINT ( 'NONE',  ( 3.792337689382959898, 5.979472151925861567, 3.320000000000001172 ) ) ;
#1605 = LINE ( 'NONE', #4102, #2733 ) ;
#1606 = EDGE_CURVE ( 'NONE', #4110, #7788, #1220, .T. ) ;
#1607 = CARTESIAN_POINT ( 'NONE',  ( 1.874290189447912036, -8.007517598670993664, 3.319999999999999840 ) ) ;
#1608 = VECTOR ( 'NONE', #6056, 1000.000000000000000 ) ;
#1609 = ORIENTED_EDGE ( 'NONE', *, *, #6983, .F. ) ;
#1610 = ORIENTED_EDGE ( 'NONE', *, *, #23, .T. ) ;
#1611 = CARTESIAN_POINT ( 'NONE',  ( 0.3924810674875682248, -11.16651720353779531, 3.720000000000000639 ) ) ;
#1612 = CARTESIAN_POINT ( 'NONE',  ( -0.4791056565309638193, -1.505305900092980265, 3.719999999999999751 ) ) ;
#1613 = EDGE_CURVE ( 'NONE', #955, #3183, #7954, .T. ) ;
#1614 = ORIENTED_EDGE ( 'NONE', *, *, #5890, .T. ) ;
#1615 = ORIENTED_EDGE ( 'NONE', *, *, #6031, .T. ) ;
#1616 = CARTESIAN_POINT ( 'NONE',  ( -0.5603410428609399974, 1.348914557508526846, 3.719999999999999751 ) ) ;
#1617 = ADVANCED_FACE ( 'NONE', ( #2985 ), #7388, .T. ) ;
#1618 = FACE_OUTER_BOUND ( 'NONE', #5446, .T. ) ;
#1619 = CARTESIAN_POINT ( 'NONE',  ( 4.599886081696021201, -2.802249297449238785, 3.720000000000000195 ) ) ;
#1620 = CARTESIAN_POINT ( 'NONE',  ( 0.1643382352941175073, 1.944307215073531214, 3.319999999999999840 ) ) ;
#1621 = CARTESIAN_POINT ( 'NONE',  ( 13.29999999999999716, 15.80000000000000071, 3.720000000000000195 ) ) ;
#1622 = CARTESIAN_POINT ( 'NONE',  ( 4.575512131854021725, -2.429801679228236644, 3.720000000000002860 ) ) ;
#1623 = VECTOR ( 'NONE', #2236, 1000.000000000000000 ) ;
#1624 = CARTESIAN_POINT ( 'NONE',  ( 3.819839896776485944, 6.397882500131513162, 3.319999999999999396 ) ) ;
#1625 = EDGE_CURVE ( 'NONE', #1833, #3844, #4608, .T. ) ;
#1626 = B_SPLINE_CURVE_WITH_KNOTS ( 'NONE', 3,
 ( #2105, #7650, #2068, #103, #4466, #4585, #4548, #5081, #6342, #7074, #3782, #6425, #4505, #7037, #2590, #1447, #7570, #3902, #1982 ),
 .UNSPECIFIED., .F., .F.,
 ( 4, 1, 1, 1, 1, 1, 1, 1, 1, 1, 1, 1, 1, 1, 1, 1, 4 ),
 ( 0.000000000000000000, 0.06715869771736025784, 0.1310049450012813477, 0.1920481908404234050, 0.2506541085325177942, 0.3072741734421705617, 0.3629269889293813001, 0.4179493061046470337, 0.4729518037497598137, 0.5289314897966772566, 0.5866072545323071097, 0.6464733947934858671, 0.7089524840438320430, 0.7747995756143556401, 0.8448165005350715129, 0.9198980928252361577, 1.000000000000000000 ),
 .UNSPECIFIED. ) ;
#1627 = CARTESIAN_POINT ( 'NONE',  ( -0.5644151706192481743, -1.597481066871424993, 3.319999999999999840 ) ) ;
#1628 = ORIENTED_EDGE ( 'NONE', *, *, #5261, .T. ) ;
#1629 = CARTESIAN_POINT ( 'NONE',  ( 1.876348039215686159, -11.89038564644607732, 3.720000000000000195 ) ) ;
#1630 = ORIENTED_EDGE ( 'NONE', *, *, #7297, .T. ) ;
#1631 = DIRECTION ( 'NONE',  ( 0.000000000000000000, 0.000000000000000000, 1.000000000000000000 ) ) ;
#1632 = DIRECTION ( 'NONE',  ( -0.000000000000000000, 0.000000000000000000, 1.000000000000000000 ) ) ;
#1633 = ORIENTED_EDGE ( 'NONE', *, *, #2963, .T. ) ;
#1634 = CARTESIAN_POINT ( 'NONE',  ( -12.50000000000000178, -15.80000000000000426, -1.500000000000000000 ) ) ;
#1635 = DIRECTION ( 'NONE',  ( 0.000000000000000000, 0.000000000000000000, 1.000000000000000000 ) ) ;
#1636 = CIRCLE ( 'NONE', #4756, 1.799999999999999600 ) ;
#1637 = DIRECTION ( 'NONE',  ( -0.000000000000000000, -0.000000000000000000, 1.000000000000000000 ) ) ;
#1638 = CARTESIAN_POINT ( 'NONE',  ( 4.599912902043759466, -12.86390266370022317, 3.319999999999999840 ) ) ;
#1639 = CARTESIAN_POINT ( 'NONE',  ( -0.6906399380423565715, -13.11453293245350693, 3.719999999999999751 ) ) ;
#1640 = ORIENTED_EDGE ( 'NONE', *, *, #3377, .F. ) ;
#1641 = ORIENTED_EDGE ( 'NONE', *, *, #3557, .T. ) ;
#1642 = CARTESIAN_POINT ( 'NONE',  ( 1.935927925857843235, 4.987745098039218838, 3.720000000000000195 ) ) ;
#1643 = DIRECTION ( 'NONE',  ( 0.000000000000000000, 0.000000000000000000, 1.000000000000000000 ) ) ;
#1644 = DIRECTION ( 'NONE',  ( 0.000000000000000000, 0.000000000000000000, -1.000000000000000000 ) ) ;
#1645 = DIRECTION ( 'NONE',  ( 0.000000000000000000, 0.000000000000000000, -1.000000000000000000 ) ) ;
#1646 = CARTESIAN_POINT ( 'NONE',  ( 0.9111222575578870053, -7.852334575879552858, 3.320000000000001172 ) ) ;
#1647 = ORIENTED_EDGE ( 'NONE', *, *, #6166, .F. ) ;
#1648 = VECTOR ( 'NONE', #2053, 1000.000000000000000 ) ;
#1649 = ORIENTED_EDGE ( 'NONE', *, *, #5939, .T. ) ;
#1650 = EDGE_CURVE ( 'NONE', #559, #3464, #704, .T. ) ;
#1651 = CARTESIAN_POINT ( 'NONE',  ( 0.6349132957885100792, -11.01629028374063779, 3.319999999999998952 ) ) ;
#1652 = CARTESIAN_POINT ( 'NONE',  ( -0.6905776508824017501, -2.096499597300987450, 3.720000000000000195 ) ) ;
#1653 = ORIENTED_EDGE ( 'NONE', *, *, #2364, .F. ) ;
#1654 = DIRECTION ( 'NONE',  ( -0.000000000000000000, 0.000000000000000000, -1.000000000000000000 ) ) ;
#1655 = VECTOR ( 'NONE', #8000, 1000.000000000000000 ) ;
#1656 = DIRECTION ( 'NONE',  ( 0.000000000000000000, 0.000000000000000000, 1.000000000000000000 ) ) ;
#1657 = CARTESIAN_POINT ( 'NONE',  ( -3.700000000000003730, -2.399999999999999467, 1.180000000000000160 ) ) ;
#1658 = VECTOR ( 'NONE', #4448, 1000.000000000000000 ) ;
#1659 = AXIS2_PLACEMENT_3D ( 'NONE', #7155, #3443, #4623 ) ;
#1660 = CIRCLE ( 'NONE', #1924, 0.2999999999999999334 ) ;
#1661 = EDGE_CURVE ( 'NONE', #2936, #7946, #3064, .T. ) ;
#1662 = CARTESIAN_POINT ( 'NONE',  ( 0.000000000000000000, -17.60000000000000142, -2.000000000000000000 ) ) ;
#1663 = CARTESIAN_POINT ( 'NONE',  ( 3.942403272426543648, -4.769624719783777778, 3.319999999999999840 ) ) ;
#1664 = CARTESIAN_POINT ( 'NONE',  ( -12.50000000000000000, -16.60000000000000497, -2.000000000000000000 ) ) ;
#1665 = CARTESIAN_POINT ( 'NONE',  ( 2.546343318312898507, -10.81824113880305127, 3.720000000000001528 ) ) ;
#1666 = CARTESIAN_POINT ( 'NONE',  ( -0.2636642156862746278, 2.964460784313727171, 3.720000000000000195 ) ) ;
#1667 = EDGE_CURVE ( 'NONE', #6420, #2785, #6087, .T. ) ;
#1668 = VECTOR ( 'NONE', #1779, 1000.000000000000000 ) ;
#1669 = ORIENTED_EDGE ( 'NONE', *, *, #1613, .T. ) ;
#1670 = EDGE_CURVE ( 'NONE', #6940, #2916, #1660, .T. ) ;
#1671 = CARTESIAN_POINT ( 'NONE',  ( 2.918494823187900433, -9.094351888577770993, 3.720000000000000195 ) ) ;
#1672 = ORIENTED_EDGE ( 'NONE', *, *, #365, .F. ) ;
#1673 = CARTESIAN_POINT ( 'NONE',  ( 1.732709692194672302, -11.31013095131832991, 3.319999999999999840 ) ) ;
#1674 = CARTESIAN_POINT ( 'NONE',  ( 1.883173295279584769, -9.172994873133347937, 3.320000000000000284 ) ) ;
#1675 = ORIENTED_EDGE ( 'NONE', *, *, #7931, .F. ) ;
#1676 = CARTESIAN_POINT ( 'NONE',  ( -0.1262612786687403177, 8.252900450589415016, 3.320000000000000728 ) ) ;
#1677 = CARTESIAN_POINT ( 'NONE',  ( -0.3086531096813723840, -13.45526960784313530, 3.319999999999999840 ) ) ;
#1678 = LINE ( 'NONE', #2450, #2767 ) ;
#1679 = CARTESIAN_POINT ( 'NONE',  ( -0.7647935289299603312, 6.690809434259391786, 3.720000000000000195 ) ) ;
#1680 = PLANE ( 'NONE',  #2831 ) ;
#1681 = ORIENTED_EDGE ( 'NONE', *, *, #516, .F. ) ;
#1682 = EDGE_LOOP ( 'NONE', ( #1304, #4478, #3910, #4304 ) ) ;
#1683 = CARTESIAN_POINT ( 'NONE',  ( 8.499999999999994671, 10.10000000000000142, 2.720000000000000195 ) ) ;
#1684 = DIRECTION ( 'NONE',  ( -1.000000000000000000, 0.000000000000000000, 0.000000000000000000 ) ) ;
#1685 = DIRECTION ( 'NONE',  ( -0.000000000000000000, -0.000000000000000000, 1.000000000000000000 ) ) ;
#1686 = CARTESIAN_POINT ( 'NONE',  ( 4.428555836397059409, 2.964460784313727171, 3.720000000000000195 ) ) ;
#1687 = LINE ( 'NONE', #578, #2476 ) ;
#1688 = PLANE ( 'NONE',  #4084 ) ;
#1689 = B_SPLINE_CURVE_WITH_KNOTS ( 'NONE', 3,
 ( #713, #635, #6803, #3825, #4472, #1206, #110, #3089, #6353, #6963, #3701, #6187, #3863, #1367, #590, #5573, #759, #5650, #66 ),
 .UNSPECIFIED., .F., .F.,
 ( 4, 1, 1, 1, 1, 1, 1, 1, 1, 1, 1, 1, 1, 1, 1, 1, 4 ),
 ( 0.000000000000000000, 0.07149656788989817990, 0.1372347993065043958, 0.1988748477493298972, 0.2572054886636668258, 0.3135581160319533267, 0.3694722243070937551, 0.4248811919614343124, 0.4816446580183226245, 0.5394105037031807770, 0.5988117855067704998, 0.6604311747885499573, 0.7247911273548535149, 0.7911318479775063528, 0.8588418682783206526, 0.9285850992271063031, 1.000000000000000000 ),
 .UNSPECIFIED. ) ;
#1690 = ORIENTED_EDGE ( 'NONE', *, *, #272, .F. ) ;
#1691 = EDGE_LOOP ( 'NONE', ( #4929, #1384, #861, #2263 ) ) ;
#1692 = LINE ( 'NONE', #5399, #7901 ) ;
#1693 = CARTESIAN_POINT ( 'NONE',  ( -12.50000000000000000, 5.500000000000001776, 2.720000000000000195 ) ) ;
#1694 = EDGE_LOOP ( 'NONE', ( #1161, #6322, #6567, #1050 ) ) ;
#1695 = PRODUCT_DEFINITION_SHAPE ( 'NONE', 'NONE',  #5620 ) ;
#1696 = ORIENTED_EDGE ( 'NONE', *, *, #2853, .T. ) ;
#1697 = FACE_OUTER_BOUND ( 'NONE', #3121, .T. ) ;
#1698 = LINE ( 'NONE', #6678, #7198 ) ;
#1699 = EDGE_CURVE ( 'NONE', #2483, #1027, #1840, .T. ) ;
#1700 = CARTESIAN_POINT ( 'NONE',  ( -5.300000000000004263, -13.60000000000000497, 2.720000000000000195 ) ) ;
#1701 = CARTESIAN_POINT ( 'NONE',  ( 4.575729019196170810, 2.131596470832125334, 3.319999999999999396 ) ) ;
#1702 = CARTESIAN_POINT ( 'NONE',  ( 3.540637442984556404, -4.482582812732663236, 3.320000000000001616 ) ) ;
#1703 = DIRECTION ( 'NONE',  ( 1.000000000000000000, 0.000000000000000000, 0.000000000000000000 ) ) ;
#1704 = CARTESIAN_POINT ( 'NONE',  ( 2.546343318312898507, -10.81824113880305127, 3.320000000000001616 ) ) ;
#1705 = EDGE_CURVE ( 'NONE', #7125, #1553, #606, .T. ) ;
#1706 = CARTESIAN_POINT ( 'NONE',  ( 0.4560462274989662279, -9.845932091744630910, 3.319999999999998952 ) ) ;
#1707 = ORIENTED_EDGE ( 'NONE', *, *, #4504, .F. ) ;
#1708 = LINE ( 'NONE', #7341, #601 ) ;
#1709 = EDGE_LOOP ( 'NONE', ( #7412, #2693, #5924, #2081 ) ) ;
#1710 = DIRECTION ( 'NONE',  ( -1.590367602192945402E-14, 2.571469964902343220E-16, 1.000000000000000000 ) ) ;
#1711 = CARTESIAN_POINT ( 'NONE',  ( 0.8701904552719087471, 7.561518018501292460, 3.720000000000000639 ) ) ;
#1712 = EDGE_CURVE ( 'NONE', #3038, #5054, #1758, .T. ) ;
#1713 = ORIENTED_EDGE ( 'NONE', *, *, #4101, .T. ) ;
#1714 = CARTESIAN_POINT ( 'NONE',  ( -0.3508528326112009821, 4.839849188730313223, 3.320000000000000728 ) ) ;
#1715 = LINE ( 'NONE', #3062, #1071 ) ;
#1716 = ADVANCED_FACE ( 'NONE', ( #4211 ), #6126, .T. ) ;
#1717 = DIRECTION ( 'NONE',  ( 0.000000000000000000, 1.000000000000000000, 0.000000000000000000 ) ) ;
#1718 = CARTESIAN_POINT ( 'NONE',  ( 2.500351106119488520, 7.675458582172316468, 3.319999999999999840 ) ) ;
#1719 = VECTOR ( 'NONE', #42, 1000.000000000000000 ) ;
#1720 = ORIENTED_EDGE ( 'NONE', *, *, #2108, .F. ) ;
#1721 = CARTESIAN_POINT ( 'NONE',  ( 0.2499247949663251367, 8.527059947136326201, 3.319999999999999840 ) ) ;
#1722 = ORIENTED_EDGE ( 'NONE', *, *, #2793, .F. ) ;
#1723 = CARTESIAN_POINT ( 'NONE',  ( 4.593240460903883715, -7.535845114191221938, 3.319999999999998952 ) ) ;
#1724 = CARTESIAN_POINT ( 'NONE',  ( -0.1262612786687399569, -4.742810333724312599, 3.719999999999999307 ) ) ;
#1725 = LINE ( 'NONE', #6823, #3506 ) ;
#1726 = DIRECTION ( 'NONE',  ( 1.000000000000000000, 0.000000000000000000, 0.000000000000000000 ) ) ;
#1727 = LINE ( 'NONE', #1193, #1439 ) ;
#1728 = AXIS2_PLACEMENT_3D ( 'NONE', #1757, #528, #3024 ) ;
#1729 = EDGE_CURVE ( 'NONE', #6845, #1471, #5621, .T. ) ;
#1730 = DIRECTION ( 'NONE',  ( -0.000000000000000000, 0.000000000000000000, 1.000000000000000000 ) ) ;
#1731 = ORIENTED_EDGE ( 'NONE', *, *, #2903, .F. ) ;
#1732 = ORIENTED_EDGE ( 'NONE', *, *, #3906, .F. ) ;
#1733 = VECTOR ( 'NONE', #3697, 1000.000000000000000 ) ;
#1734 = CARTESIAN_POINT ( 'NONE',  ( -0.4716627098345935742, 1.270499813555870494, 3.720000000000000639 ) ) ;
#1735 = DIRECTION ( 'NONE',  ( 0.000000000000000000, -1.000000000000000000, 4.057483087386067946E-13 ) ) ;
#1736 = VERTEX_POINT ( 'NONE', #2570 ) ;
#1737 = VERTEX_POINT ( 'NONE', #5749 ) ;
#1738 = CARTESIAN_POINT ( 'NONE',  ( 0.1203997042369237269, -6.988807842391528524, 3.319999999999999840 ) ) ;
#1739 = CARTESIAN_POINT ( 'NONE',  ( -0.5603410428609399974, 1.348914557508526846, 3.319999999999999396 ) ) ;
#1740 = DIRECTION ( 'NONE',  ( -8.673617379884034239E-17, -1.000000000000000000, 0.000000000000000000 ) ) ;
#1741 = LINE ( 'NONE', #4236, #3678 ) ;
#1742 = PRODUCT_RELATED_PRODUCT_CATEGORY ( 'part', '', ( #2797 ) ) ;
#1743 = CARTESIAN_POINT ( 'NONE',  ( -0.2208117484164772437, -10.24240354343839421, 3.320000000000001172 ) ) ;
#1744 = DIRECTION ( 'NONE',  ( 0.000000000000000000, -0.000000000000000000, -1.000000000000000000 ) ) ;
#1745 = ORIENTED_EDGE ( 'NONE', *, *, #3967, .T. ) ;
#1746 = CARTESIAN_POINT ( 'NONE',  ( 2.837718034825559510, 7.608782337133152218, 3.319999999999999396 ) ) ;
#1747 = CARTESIAN_POINT ( 'NONE',  ( -0.5191279660905038229, 2.908105627080483480, 3.719999999999999307 ) ) ;
#1748 = ORIENTED_EDGE ( 'NONE', *, *, #5644, .T. ) ;
#1749 = CIRCLE ( 'NONE', #2404, 1.600000000000000755 ) ;
#1750 = DIRECTION ( 'NONE',  ( 0.5773502691896323924, -0.5773502691896323924, -0.5773502691896122974 ) ) ;
#1751 = VERTEX_POINT ( 'NONE', #1999 ) ;
#1752 = ADVANCED_FACE ( 'NONE', ( #4410 ), #6894, .T. ) ;
#1753 = CARTESIAN_POINT ( 'NONE',  ( 1.841123431192528193, -11.55912536171849148, 3.720000000000000195 ) ) ;
#1754 = CARTESIAN_POINT ( 'NONE',  ( 1.553751428585089966, 7.697144507754512865, 3.319999999999998952 ) ) ;
#1755 = CARTESIAN_POINT ( 'NONE',  ( -0.6859008748015064105, 7.229051735239396592, 3.319999999999998952 ) ) ;
#1756 = ORIENTED_EDGE ( 'NONE', *, *, #1274, .F. ) ;
#1757 = CARTESIAN_POINT ( 'NONE',  ( 11.69999999999999751, -15.80000000000000071, -2.000000000000000000 ) ) ;
#1758 = LINE ( 'NONE', #3638, #4011 ) ;
#1759 = CARTESIAN_POINT ( 'NONE',  ( 3.816051211593602499, 6.518621165826983699, 3.319999999999998952 ) ) ;
#1760 = ORIENTED_EDGE ( 'NONE', *, *, #1223, .F. ) ;
#1761 = CARTESIAN_POINT ( 'NONE',  ( 3.817382062587413749, -6.843922325840508414, 3.720000000000000195 ) ) ;
#1762 = VERTEX_POINT ( 'NONE', #5790 ) ;
#1763 = EDGE_CURVE ( 'NONE', #3293, #6986, #682, .T. ) ;
#1764 = CARTESIAN_POINT ( 'NONE',  ( 4.676200771276228352, -6.794164315771696216, 3.319999999999999840 ) ) ;
#1765 = CARTESIAN_POINT ( 'NONE',  ( 1.569657018904940360, -4.121775428278729336, 3.720000000000001084 ) ) ;
#1766 = CARTESIAN_POINT ( 'NONE',  ( 4.558028615700148833, -2.359825200778526089, 3.720000000000001084 ) ) ;
#1767 = CARTESIAN_POINT ( 'NONE',  ( 4.505787159548751752, 1.976345591718288608, 3.719999999999998863 ) ) ;
#1768 = CARTESIAN_POINT ( 'NONE',  ( 4.431554698943212856, 4.991999154158729191, 3.719999999999999751 ) ) ;
#1769 = CARTESIAN_POINT ( 'NONE',  ( 2.508873867356993692, 8.841131379481861785, 3.720000000000001528 ) ) ;
#1770 = VECTOR ( 'NONE', #1436, 1000.000000000000000 ) ;
#1771 = EDGE_CURVE ( 'NONE', #7501, #6912, #6876, .T. ) ;
#1772 = VERTEX_POINT ( 'NONE', #6851 ) ;
#1773 = VERTEX_POINT ( 'NONE', #1426 ) ;
#1774 = ADVANCED_FACE ( 'NONE', ( #37 ), #2688, .F. ) ;
#1775 = DIRECTION ( 'NONE',  ( 0.000000000000000000, 1.000000000000000000, 0.000000000000000000 ) ) ;
#1776 = PLANE ( 'NONE',  #3213 ) ;
#1777 = ORIENTED_EDGE ( 'NONE', *, *, #7510, .T. ) ;
#1778 = ORIENTED_EDGE ( 'NONE', *, *, #2025, .T. ) ;
#1779 = DIRECTION ( 'NONE',  ( 1.000000000000000000, 0.000000000000000000, 0.000000000000000000 ) ) ;
#1780 = CARTESIAN_POINT ( 'NONE',  ( 12.50000000000000000, 15.80000000000000426, -2.000000000000000000 ) ) ;
#1781 = DIRECTION ( 'NONE',  ( 0.000000000000000000, 0.000000000000000000, -1.000000000000000000 ) ) ;
#1782 = AXIS2_PLACEMENT_3D ( 'NONE', #3846, #2618, #3932 ) ;
#1783 = CARTESIAN_POINT ( 'NONE',  ( -5.000000000000002665, 15.80000000000000426, 1.180000000000000160 ) ) ;
#1784 = VECTOR ( 'NONE', #2220, 1000.000000000000000 ) ;
#1785 = CARTESIAN_POINT ( 'NONE',  ( 0.7467241359920965271, -9.801269834383493418, 3.319999999999998952 ) ) ;
#1786 = ORIENTED_EDGE ( 'NONE', *, *, #1857, .F. ) ;
#1787 = CARTESIAN_POINT ( 'NONE',  ( 1.314597214444990003, -9.829791983697321101, 3.719999999999999307 ) ) ;
#1788 = CARTESIAN_POINT ( 'NONE',  ( -0.6375983277824996964, -11.16965049960953849, 3.319999999999999840 ) ) ;
#1789 = VECTOR ( 'NONE', #1452, 1000.000000000000000 ) ;
#1790 = CIRCLE ( 'NONE', #5693, 0.8000000000000020428 ) ;
#1791 = AXIS2_PLACEMENT_3D ( 'NONE', #7742, #4640, #315 ) ;
#1792 = VERTEX_POINT ( 'NONE', #647 ) ;
#1793 = DIRECTION ( 'NONE',  ( 1.000000000000000000, 0.000000000000000000, 0.000000000000000000 ) ) ;
#1794 = ORIENTED_EDGE ( 'NONE', *, *, #1712, .T. ) ;
#1796 = AXIS2_PLACEMENT_3D ( 'NONE', #6373, #44, #6286 ) ;
#1795 = CARTESIAN_POINT ( 'NONE',  ( 1.876348039215686381, -11.89038564644607909, 3.720000000000000195 ) ) ;
#1797 = CARTESIAN_POINT ( 'NONE',  ( 4.505400134665674905, -13.43135212303997506, 3.720000000000001084 ) ) ;
#1798 = VECTOR ( 'NONE', #7721, 1000.000000000000000 ) ;
#1799 = CARTESIAN_POINT ( 'NONE',  ( -0.03293378579303528342, 4.473060529900686255, 3.720000000000000195 ) ) ;
#1800 = DIRECTION ( 'NONE',  ( 0.000000000000000000, -0.000000000000000000, 1.000000000000000000 ) ) ;
#1801 = VECTOR ( 'NONE', #5813, 1000.000000000000114 ) ;
#1802 = CARTESIAN_POINT ( 'NONE',  ( 4.536527627813279118, -3.205935567610072479, 3.319999999999998952 ) ) ;
#1803 = CARTESIAN_POINT ( 'NONE',  ( 3.819839896776485944, 6.397882500131513162, 3.719999999999998863 ) ) ;
#1804 = ADVANCED_FACE ( 'NONE', ( #1378 ), #4424, .T. ) ;
#1805 = ORIENTED_EDGE ( 'NONE', *, *, #2912, .T. ) ;
#1806 = CARTESIAN_POINT ( 'NONE',  ( 3.792337689382959898, -7.016238632387868712, 3.320000000000001172 ) ) ;
#1807 = ORIENTED_EDGE ( 'NONE', *, *, #2259, .T. ) ;
#1808 = CARTESIAN_POINT ( 'NONE',  ( 4.441569564720878383, 0.3669105947799977674, 3.319999999999999840 ) ) ;
#1809 = CARTESIAN_POINT ( 'NONE',  ( 1.261231859225221408, -4.152810223379705512, 3.319999999999999396 ) ) ;
#1810 = DIRECTION ( 'NONE',  ( 0.000000000000000000, -1.000000000000000000, 0.000000000000000000 ) ) ;
#1811 = DIRECTION ( 'NONE',  ( -0.000000000000000000, -0.000000000000000000, 1.000000000000000000 ) ) ;
#1812 = DIRECTION ( 'NONE',  ( 1.000000000000000000, -0.000000000000000000, 0.000000000000000000 ) ) ;
#1813 = CARTESIAN_POINT ( 'NONE',  ( 4.261889006266473601, 7.859043793978589321, 3.320000000000000284 ) ) ;
#1814 = EDGE_CURVE ( 'NONE', #138, #4763, #1790, .T. ) ;
#1815 = ORIENTED_EDGE ( 'NONE', *, *, #800, .T. ) ;
#1816 = ORIENTED_EDGE ( 'NONE', *, *, #7604, .F. ) ;
#1817 = CARTESIAN_POINT ( 'NONE',  ( 0.1643382352941175351, -11.91470396752451144, 3.719999999999999751 ) ) ;
#1818 = DIRECTION ( 'NONE',  ( 0.000000000000000000, 0.000000000000000000, -1.000000000000000000 ) ) ;
#1819 = ORIENTED_EDGE ( 'NONE', *, *, #1069, .F. ) ;
#1820 = ADVANCED_FACE ( 'NONE', ( #2808 ), #6528, .F. ) ;
#1821 = ORIENTED_EDGE ( 'NONE', *, *, #2115, .T. ) ;
#1822 = CARTESIAN_POINT ( 'NONE',  ( 4.545881599059735656, 0.2742940497700653291, 3.720000000000000195 ) ) ;
#1823 = CARTESIAN_POINT ( 'NONE',  ( -0.000000000000000000, -17.60000000000000142, -1.800000000000010481 ) ) ;
#1824 = EDGE_CURVE ( 'NONE', #4571, #2203, #5673, .T. ) ;
#1825 = CARTESIAN_POINT ( 'NONE',  ( -1.500000000000003553, -2.399999999999999467, 2.720000000000000195 ) ) ;
#1826 = LINE ( 'NONE', #7536, #417 ) ;
#1827 = DIRECTION ( 'NONE',  ( 1.000000000000000000, 0.000000000000000000, -0.000000000000000000 ) ) ;
#1828 = ORIENTED_EDGE ( 'NONE', *, *, #4263, .T. ) ;
#1829 = CARTESIAN_POINT ( 'NONE',  ( 3.137180618666889576, 7.494376241520420479, 3.320000000000000284 ) ) ;
#1830 = EDGE_CURVE ( 'NONE', #325, #4745, #7673, .T. ) ;
#1831 = CARTESIAN_POINT ( 'NONE',  ( -0.5519358696179336166, -10.81455178264110017, 3.320000000000000284 ) ) ;
#1832 = B_SPLINE_CURVE_WITH_KNOTS ( 'NONE', 3,
 ( #1058, #3714, #3553, #566, #7308, #6041, #1183, #5423, #3637, #7953, #7429 ),
 .UNSPECIFIED., .F., .F.,
 ( 4, 1, 1, 1, 1, 1, 1, 1, 4 ),
 ( 0.000000000000000000, 0.1463295087365604485, 0.2794937139539293569, 0.4002637426777958529, 0.5173694038893403846, 0.6315987502037564427, 0.7474332714039008119, 0.8682170732963948590, 1.000000000000000000 ),
 .UNSPECIFIED. ) ;
#1833 = VERTEX_POINT ( 'NONE', #3391 ) ;
#1834 = AXIS2_PLACEMENT_3D ( 'NONE', #4863, #1812, #5438 ) ;
#1835 = ORIENTED_EDGE ( 'NONE', *, *, #1003, .T. ) ;
#1836 = LINE ( 'NONE', #525, #2035 ) ;
#1837 = CARTESIAN_POINT ( 'NONE',  ( -2.100000000000002753, 13.19999999999999929, 3.720000000000000195 ) ) ;
#1838 = CARTESIAN_POINT ( 'NONE',  ( -0.03293378579303528342, 4.473060529900686255, 3.319999999999999840 ) ) ;
#1839 = CARTESIAN_POINT ( 'NONE',  ( 4.599999999999999645, -2.757640165441175295, 3.319999999999999840 ) ) ;
#1840 = LINE ( 'NONE', #3715, #7524 ) ;
#1841 = CARTESIAN_POINT ( 'NONE',  ( 4.429771752450980316, 1.952818627450982003, 3.720000000000000195 ) ) ;
#1842 = EDGE_LOOP ( 'NONE', ( #6108, #5428, #7827, #1164 ) ) ;
#1843 = CARTESIAN_POINT ( 'NONE',  ( -0.7678912903691766934, 6.499223318166505337, 3.319999999999999840 ) ) ;
#1844 = EDGE_LOOP ( 'NONE', ( #1590, #585, #4500, #4818 ) ) ;
#1845 = DIRECTION ( 'NONE',  ( -0.000000000000000000, 1.000000000000000000, -0.000000000000000000 ) ) ;
#1846 = CARTESIAN_POINT ( 'NONE',  ( -0.2807895102048656999, -4.909588577961921274, 3.720000000000000639 ) ) ;
#1847 = CARTESIAN_POINT ( 'NONE',  ( 4.677818627450980316, 6.302150352328435012, 3.319999999999999840 ) ) ;
#1848 = DIRECTION ( 'NONE',  ( 1.000000000000000000, 0.000000000000000000, 0.000000000000000000 ) ) ;
#1849 = ADVANCED_FACE ( 'NONE', ( #4568 ), #2524, .T. ) ;
#1850 = CARTESIAN_POINT ( 'NONE',  ( 4.522619889024491080, 5.216160333055366749, 3.719999999999999307 ) ) ;
#1851 = CARTESIAN_POINT ( 'NONE',  ( 3.310245256455142560, 8.626165647008486204, 3.320000000000002061 ) ) ;
#1852 = EDGE_LOOP ( 'NONE', ( #6115, #7069, #1511, #3690, #5934, #5935, #6650, #7749 ) ) ;
#1853 = VERTEX_POINT ( 'NONE', #3961 ) ;
#1854 = CARTESIAN_POINT ( 'NONE',  ( 13.49999999999999645, -3.299999999999991385, 0.9800000000000081979 ) ) ;
#1855 = CARTESIAN_POINT ( 'NONE',  ( 4.575669785790121402, -13.26385939282577020, 3.319999999999998952 ) ) ;
#1856 = ORIENTED_EDGE ( 'NONE', *, *, #4761, .F. ) ;
#1857 = EDGE_CURVE ( 'NONE', #7240, #3679, #4524, .T. ) ;
#1858 = CARTESIAN_POINT ( 'NONE',  ( 4.673061466302259603, -6.989377139816411066, 3.719999999999999307 ) ) ;
#1859 = FACE_OUTER_BOUND ( 'NONE', #4402, .T. ) ;
#1860 = DIRECTION ( 'NONE',  ( 1.000000000000000000, 0.000000000000000000, 0.000000000000000000 ) ) ;
#1861 = ADVANCED_FACE ( 'NONE', ( #5910 ), #7686, .T. ) ;
#1862 = DIRECTION ( 'NONE',  ( 0.000000000000000000, 0.000000000000000000, -1.000000000000000000 ) ) ;
#1863 = ADVANCED_FACE ( 'NONE', ( #520 ), #567, .T. ) ;
#1864 = CARTESIAN_POINT ( 'NONE',  ( -0.6553355458517194920, -11.27614200691671975, 3.719999999999999307 ) ) ;
#1865 = B_SPLINE_CURVE_WITH_KNOTS ( 'NONE', 3,
 ( #69, #5576, #2555, #7009, #4963, #5091, #113, #4476, #7578, #3868, #5698, #6395, #5004, #762, #1868, #6271, #6313, #8063, #1905 ),
 .UNSPECIFIED., .F., .F.,
 ( 4, 1, 1, 1, 1, 1, 1, 1, 1, 1, 1, 1, 1, 1, 1, 1, 4 ),
 ( 0.000000000000000000, 0.07801658241315510833, 0.1520108989696596080, 0.2235235135621241320, 0.2913608410231871004, 0.3557436233543374571, 0.4173412190993511794, 0.4756446101987402697, 0.5316386042055218919, 0.5858325707155119799, 0.6390406953663664291, 0.6926000062315468275, 0.7470606306267163488, 0.8037278171866862886, 0.8639649962929042415, 0.9293068567077239495, 1.000000000000000000 ),
 .UNSPECIFIED. ) ;
#1866 = EDGE_LOOP ( 'NONE', ( #2989, #116, #2933, #5829, #4947 ) ) ;
#1867 = CARTESIAN_POINT ( 'NONE',  ( 3.821813725490196045, -6.660730698529407690, 3.319999999999999840 ) ) ;
#1868 = CARTESIAN_POINT ( 'NONE',  ( 0.1573584998753235487, 6.871817297604182251, 3.720000000000000639 ) ) ;
#1869 = ORIENTED_EDGE ( 'NONE', *, *, #2573, .T. ) ;
#1870 = CIRCLE ( 'NONE', #2262, 0.8000000000000003775 ) ;
#1871 = ORIENTED_EDGE ( 'NONE', *, *, #5059, .F. ) ;
#1872 = EDGE_CURVE ( 'NONE', #5228, #2403, #435, .T. ) ;
#1873 = DIRECTION ( 'NONE',  ( 0.000000000000000000, 0.000000000000000000, -1.000000000000000000 ) ) ;
#1874 = CARTESIAN_POINT ( 'NONE',  ( 0.3793862580545635521, 7.246384824975100614, 3.720000000000001528 ) ) ;
#1875 = CARTESIAN_POINT ( 'NONE',  ( 0.5982294429459225071, -5.566738192462320711, 3.720000000000001084 ) ) ;
#1876 = DIRECTION ( 'NONE',  ( -1.000000000000000000, 0.000000000000000000, 0.000000000000000000 ) ) ;
#1877 = CARTESIAN_POINT ( 'NONE',  ( 3.041169989447176203, 5.136150589587440862, 3.320000000000000284 ) ) ;
#1878 = CARTESIAN_POINT ( 'NONE',  ( 2.837718034825559510, 7.608782337133152218, 3.319999999999999396 ) ) ;
#1879 = B_SPLINE_CURVE_WITH_KNOTS ( 'NONE', 3,
 ( #5384, #7108, #1679, #371, #4617, #2864, #1562, #3439, #2289, #2901, #3518, #7184, #5346, #3402, #2249, #1522, #6576, #294, #5921 ),
 .UNSPECIFIED., .F., .F.,
 ( 4, 1, 1, 1, 1, 1, 1, 1, 1, 1, 1, 1, 1, 1, 1, 1, 4 ),
 ( 0.000000000000000000, 0.07077019184625307768, 0.1375336611081275640, 0.2006169793581458749, 0.2605909862899949414, 0.3180484184502688771, 0.3738017586695282501, 0.4280094535277582657, 0.4819743408048481337, 0.5367224813496767055, 0.5930029318567960894, 0.6511908046063097366, 0.7126164670794574718, 0.7776415481961820308, 0.8467913329680990531, 0.9207926398634125320, 1.000000000000000000 ),
 .UNSPECIFIED. ) ;
#1880 = EDGE_LOOP ( 'NONE', ( #6248, #1653, #7565, #3766 ) ) ;
#1881 = DIRECTION ( 'NONE',  ( -0.000000000000000000, -1.000000000000000000, -0.000000000000000000 ) ) ;
#1882 = CARTESIAN_POINT ( 'NONE',  ( 3.695472489205327449, -7.311899932428668869, 3.720000000000001084 ) ) ;
#1883 = EDGE_LOOP ( 'NONE', ( #6177, #7236, #4380, #7267 ) ) ;
#1884 = CARTESIAN_POINT ( 'NONE',  ( -0.6916666666666668739, 2.540106081495100199, 3.319999999999999840 ) ) ;
#1885 = CARTESIAN_POINT ( 'NONE',  ( -0.4148385620766564807, -5.095074423745654890, 3.720000000000000195 ) ) ;
#1886 = CARTESIAN_POINT ( 'NONE',  ( 0.3924810674875682248, -11.16651720353779531, 3.320000000000001172 ) ) ;
#1887 = DIRECTION ( 'NONE',  ( 0.000000000000000000, -0.000000000000000000, 1.000000000000000000 ) ) ;
#1888 = FACE_OUTER_BOUND ( 'NONE', #1140, .T. ) ;
#1889 = DIRECTION ( 'NONE',  ( -0.000000000000000000, -0.000000000000000000, 1.000000000000000000 ) ) ;
#1890 = ORIENTED_EDGE ( 'NONE', *, *, #1421, .F. ) ;
#1891 = VERTEX_POINT ( 'NONE', #5654 ) ;
#1892 = DIRECTION ( 'NONE',  ( 0.000000000000000000, 0.000000000000000000, 1.000000000000000000 ) ) ;
#1893 = CARTESIAN_POINT ( 'NONE',  ( 12.50000000000000000, -3.099999999999998757, -2.000000000000000000 ) ) ;
#1894 = FACE_OUTER_BOUND ( 'NONE', #5197, .T. ) ;
#1895 = EDGE_LOOP ( 'NONE', ( #3134, #7631, #483, #7032 ) ) ;
#1896 = CARTESIAN_POINT ( 'NONE',  ( 11.29999999999999538, 16.60000000000000497, 1.180000000000000160 ) ) ;
#1897 = DIRECTION ( 'NONE',  ( 0.7071067811865597852, 0.000000000000000000, -0.7071067811865352493 ) ) ;
#1898 = ADVANCED_FACE ( 'NONE', ( #1330 ), #2060, .T. ) ;
#1899 = DIRECTION ( 'NONE',  ( 0.000000000000000000, 0.000000000000000000, -1.000000000000000000 ) ) ;
#1900 = DIRECTION ( 'NONE',  ( 0.000000000000000000, -0.000000000000000000, 1.000000000000000000 ) ) ;
#1901 = B_SPLINE_CURVE_WITH_KNOTS ( 'NONE', 3,
 ( #313, #7089, #4043, #1546, #5714, #279, #5104, #7589, #2763, #4449, #7740 ),
 .UNSPECIFIED., .F., .F.,
 ( 4, 1, 1, 1, 1, 1, 1, 1, 4 ),
 ( 0.000000000000000000, 0.2307313715838278656, 0.4202245970738951453, 0.5733066572504014191, 0.6969176508348614574, 0.7916874715686683661, 0.8673325780455298784, 0.9320749550736062705, 1.000000000000000000 ),
 .UNSPECIFIED. ) ;
#1902 = ORIENTED_EDGE ( 'NONE', *, *, #5102, .T. ) ;
#1903 = CARTESIAN_POINT ( 'NONE',  ( -0.7694852941176472116, 6.400639552696082646, 3.319999999999999840 ) ) ;
#1904 = AXIS2_PLACEMENT_3D ( 'NONE', #7115, #3244, #6340 ) ;
#1905 = CARTESIAN_POINT ( 'NONE',  ( 0.08651960784313711406, 6.364162071078435012, 3.720000000000000195 ) ) ;
#1906 = EDGE_CURVE ( 'NONE', #40, #6285, #3829, .T. ) ;
#1907 = AXIS2_PLACEMENT_3D ( 'NONE', #3216, #678, #118 ) ;
#1908 = ORIENTED_EDGE ( 'NONE', *, *, #3206, .T. ) ;
#1909 = AXIS2_PLACEMENT_3D ( 'NONE', #2294, #1528, #1684 ) ;
#1910 = ORIENTED_EDGE ( 'NONE', *, *, #3063, .T. ) ;
#1911 = CARTESIAN_POINT ( 'NONE',  ( -11.69999999999999929, -15.80000000000000426, -1.000000000000001110 ) ) ;
#1912 = DIRECTION ( 'NONE',  ( 0.000000000000000000, 0.000000000000000000, -1.000000000000000000 ) ) ;
#1913 = VECTOR ( 'NONE', #5426, 1000.000000000000000 ) ;
#1914 = CARTESIAN_POINT ( 'NONE',  ( 13.00000000000000533, -15.80000000000000071, -1.000000000000001110 ) ) ;
#1915 = EDGE_CURVE ( 'NONE', #6409, #3513, #1395, .T. ) ;
#1916 = LINE ( 'NONE', #6893, #6935 ) ;
#1917 = AXIS2_PLACEMENT_3D ( 'NONE', #6364, #6970, #2603 ) ;
#1918 = DIRECTION ( 'NONE',  ( -0.000000000000000000, -0.000000000000000000, -1.000000000000000000 ) ) ;
#1919 = CARTESIAN_POINT ( 'NONE',  ( -13.50000000000000355, -3.899999999999999467, 3.520000000000001350 ) ) ;
#1920 = EDGE_CURVE ( 'NONE', #465, #4052, #2481, .T. ) ;
#1921 = CIRCLE ( 'NONE', #3361, 0.2999999999999999334 ) ;
#1922 = ORIENTED_EDGE ( 'NONE', *, *, #4849, .T. ) ;
#1923 = AXIS2_PLACEMENT_3D ( 'NONE', #5432, #3644, #7999 ) ;
#1924 = AXIS2_PLACEMENT_3D ( 'NONE', #2452, #445, #2940 ) ;
#1925 = DIRECTION ( 'NONE',  ( 0.000000000000000000, -0.000000000000000000, 1.000000000000000000 ) ) ;
#1926 = LINE ( 'NONE', #4681, #2375 ) ;
#1927 = ORIENTED_EDGE ( 'NONE', *, *, #228, .T. ) ;
#1928 = AXIS2_PLACEMENT_3D ( 'NONE', #2712, #4465, #3324 ) ;
#1929 = PLANE ( 'NONE',  #7907 ) ;
#1930 = CARTESIAN_POINT ( 'NONE',  ( -0.6903292029477906544, -2.886666560321077046, 3.720000000000000195 ) ) ;
#1931 = CARTESIAN_POINT ( 'NONE',  ( 0.1643382352941175073, 1.952818627450982003, 3.720000000000000195 ) ) ;
#1932 = LINE ( 'NONE', #619, #6076 ) ;
#1933 = CARTESIAN_POINT ( 'NONE',  ( 1.367406743332829411, 7.677094390814788838, 3.319999999999999840 ) ) ;
#1934 = CARTESIAN_POINT ( 'NONE',  ( 4.599909338284354554, -0.1377398732530867864, 3.720000000000000639 ) ) ;
#1935 = EDGE_LOOP ( 'NONE', ( #5950, #1293, #3366, #3657, #4580, #1186, #2426, #7676, #1828, #1628, #4148, #3011 ) ) ;
#1936 = VERTEX_POINT ( 'NONE', #2638 ) ;
#1937 = CARTESIAN_POINT ( 'NONE',  ( 4.112569194110244908, -4.943464761142078778, 3.720000000000001084 ) ) ;
#1938 = DIRECTION ( 'NONE',  ( 1.000000000000000000, 0.000000000000000000, 0.000000000000000000 ) ) ;
#1939 = DIRECTION ( 'NONE',  ( -0.000000000000000000, -0.000000000000000000, -1.000000000000000000 ) ) ;
#1940 = CARTESIAN_POINT ( 'NONE',  ( 4.029911706819156336, -8.560489399009712841, 3.719999999999999307 ) ) ;
#1941 = FACE_OUTER_BOUND ( 'NONE', #3887, .T. ) ;
#1942 = CARTESIAN_POINT ( 'NONE',  ( 0.1203997042369234632, 6.006902941922199091, 3.720000000000001084 ) ) ;
#1943 = VECTOR ( 'NONE', #1131, 1000.000000000000000 ) ;
#1944 = LINE ( 'NONE', #4433, #7523 ) ;
#1945 = PLANE ( 'NONE',  #7970 ) ;
#1946 = B_SPLINE_SURFACE_WITH_KNOTS ( 'NONE', 3, 1, ( 
 ( #827, #2621 ),
 ( #3895, #6379 ),
 ( #7638, #2537 ),
 ( #4578, #7599 ),
 ( #3318, #2660 ),
 ( #740, #2097 ),
 ( #3973, #3278 ),
 ( #6984, #659 ),
 ( #7522, #7684 ),
 ( #5025, #1934 ),
 ( #2057, #3192 ) ),
 .UNSPECIFIED., .F., .F., .F.,
 ( 4, 1, 1, 1, 1, 1, 1, 1, 4 ),
 ( 2, 2 ),
 ( 0.000000000000000000, 0.08581052323156927730, 0.1664713142941957602, 0.2522149113308205237, 0.3521401181476014886, 0.4707674687807260061, 0.6163780376647948200, 0.7906655240305081600, 1.000000000000000000 ),
 ( 0.000000000000000000, 1.000000000000000000 ),
 .UNSPECIFIED. ) ;
#1947 = CARTESIAN_POINT ( 'NONE',  ( 0.08097657195622182114, -9.997314392699767183, 3.719999999999999751 ) ) ;
#1948 = ORIENTED_EDGE ( 'NONE', *, *, #3689, .F. ) ;
#1949 = CARTESIAN_POINT ( 'NONE',  ( -0.3583353062056645610, -3.257026147506943747, 3.720000000000000639 ) ) ;
#1950 = EDGE_CURVE ( 'NONE', #5186, #381, #3790, .T. ) ;
#1951 = LINE ( 'NONE', #5938, #5305 ) ;
#1952 = ORIENTED_EDGE ( 'NONE', *, *, #7107, .F. ) ;
#1953 = ORIENTED_EDGE ( 'NONE', *, *, #7761, .T. ) ;
#1954 = VECTOR ( 'NONE', #6264, 1000.000000000000000 ) ;
#1955 = DIRECTION ( 'NONE',  ( 1.000000000000000000, 8.673617379884034239E-17, 0.000000000000000000 ) ) ;
#1956 = DIRECTION ( 'NONE',  ( -0.000000000000000000, -0.000000000000000000, 1.000000000000000000 ) ) ;
#1957 = SURFACE_STYLE_FILL_AREA ( #1376 ) ;
#1958 = EDGE_CURVE ( 'NONE', #786, #992, #1865, .T. ) ;
#1959 = DIRECTION ( 'NONE',  ( 0.7071067811865352493, -0.7071067811865597852, 0.000000000000000000 ) ) ;
#1960 = CARTESIAN_POINT ( 'NONE',  ( 3.314867614684271047, 5.267655203267875841, 3.720000000000000639 ) ) ;
#1961 = DIRECTION ( 'NONE',  ( -1.000000000000000000, 0.000000000000000000, 0.000000000000000000 ) ) ;
#1962 = ORIENTED_EDGE ( 'NONE', *, *, #3268, .T. ) ;
#1963 = EDGE_CURVE ( 'NONE', #7809, #3441, #675, .T. ) ;
#1964 = DIRECTION ( 'NONE',  ( -0.000000000000000000, -0.000000000000000000, -1.000000000000000000 ) ) ;
#1965 = DIRECTION ( 'NONE',  ( 1.000000000000000000, -0.000000000000000000, -0.000000000000000000 ) ) ;
#1966 = ORIENTED_EDGE ( 'NONE', *, *, #556, .F. ) ;
#1967 = LINE ( 'NONE', #2613, #5050 ) ;
#1968 = CARTESIAN_POINT ( 'NONE',  ( -0.6877659055272353772, -2.942861847250256790, 3.720000000000000195 ) ) ;
#1969 = CARTESIAN_POINT ( 'NONE',  ( 4.424908088235294024, -0.7307081035539197966, 3.720000000000000195 ) ) ;
#1970 = LINE ( 'NONE', #5760, #3867 ) ;
#1971 = EDGE_CURVE ( 'NONE', #6940, #3313, #3093, .T. ) ;
#1972 = CARTESIAN_POINT ( 'NONE',  ( 1.986996400122548856, 3.820465686274513661, 3.719999999999999751 ) ) ;
#1973 = DIRECTION ( 'NONE',  ( -0.5773502691896390537, -0.5773502691896190697, 0.5773502691896190697 ) ) ;
#1974 = CARTESIAN_POINT ( 'NONE',  ( 1.893370863970587958, -4.117034313725486783, 3.319999999999999840 ) ) ;
#1975 = EDGE_LOOP ( 'NONE', ( #7322, #7813, #4105, #373 ) ) ;
#1976 = VERTEX_POINT ( 'NONE', #7497 ) ;
#1977 = CARTESIAN_POINT ( 'NONE',  ( 4.261889006266472713, -5.136666990335138294, 3.720000000000000195 ) ) ;
#1978 = CARTESIAN_POINT ( 'NONE',  ( 4.441730784980797431, 2.963270188898546209, 3.719999999999997531 ) ) ;
#1979 = LINE ( 'NONE', #5200, #7913 ) ;
#1980 = ADVANCED_FACE ( 'NONE', ( #5739 ), #4397, .T. ) ;
#1981 = VECTOR ( 'NONE', #431, 1000.000000000000000 ) ;
#1982 = CARTESIAN_POINT ( 'NONE',  ( 2.732352941176470651, -11.92078354779411598, 3.720000000000000195 ) ) ;
#1983 = CARTESIAN_POINT ( 'NONE',  ( 4.600000000000000533, -0.1811140471813708352, 3.720000000000000639 ) ) ;
#1984 = DIRECTION ( 'NONE',  ( -0.000000000000000000, -0.000000000000000000, 1.000000000000000000 ) ) ;
#1985 = CARTESIAN_POINT ( 'NONE',  ( -0.3387856704039460820, -13.45440581543365610, 3.320000000000000284 ) ) ;
#1986 = CARTESIAN_POINT ( 'NONE',  ( 1.749716334588011124, -5.285961579385778819, 3.320000000000000728 ) ) ;
#1987 = LINE ( 'NONE', #3168, #3117 ) ;
#1988 = ORIENTED_EDGE ( 'NONE', *, *, #1573, .T. ) ;
#1989 = FACE_OUTER_BOUND ( 'NONE', #2799, .T. ) ;
#1990 = CARTESIAN_POINT ( 'NONE',  ( 11.69999999999999751, -17.40000000000000213, 3.720000000000000195 ) ) ;
#1991 = B_SPLINE_CURVE_WITH_KNOTS ( 'NONE', 3,
 ( #7819, #1506, #243, #7134, #2276, #932, #4683, #5870, #4119, #7172, #6440, #2805, #3424, #4759, #1584, #968, #5256, #3997, #2235 ),
 .UNSPECIFIED., .F., .F.,
 ( 4, 1, 1, 1, 1, 1, 1, 1, 1, 1, 1, 1, 1, 1, 1, 1, 4 ),
 ( 0.000000000000000000, 0.07205748326946212479, 0.1383846133461962002, 0.2008197347184779991, 0.2598038300101355169, 0.3168503838887136159, 0.3728482335114458035, 0.4283531432337641665, 0.4848110048265390493, 0.5426269460141155410, 0.6014573603993190742, 0.6628287376421635457, 0.7267901150654367814, 0.7927359298324763159, 0.8605160265926915519, 0.9294173656588030630, 1.000000000000000000 ),
 .UNSPECIFIED. ) ;
#1992 = VERTEX_POINT ( 'NONE', #152 ) ;
#1993 = VERTEX_POINT ( 'NONE', #7618 ) ;
#1994 = CIRCLE ( 'NONE', #7598, 0.2999999999999999334 ) ;
#1995 = CARTESIAN_POINT ( 'NONE',  ( -1.500000000000003553, -2.399999999999999467, 1.180000000000000160 ) ) ;
#1996 = DIRECTION ( 'NONE',  ( 0.000000000000000000, -1.000000000000000000, 0.000000000000000000 ) ) ;
#1997 = CARTESIAN_POINT ( 'NONE',  ( -11.70000000000000462, 15.80000000000000071, 3.720000000000000195 ) ) ;
#1998 = CARTESIAN_POINT ( 'NONE',  ( 4.493348393666128260, 7.413504652496997416, 3.719999999999999751 ) ) ;
#1999 = CARTESIAN_POINT ( 'NONE',  ( 3.053354779411764586, -0.1482843137254885590, 3.720000000000000195 ) ) ;
#2000 = CARTESIAN_POINT ( 'NONE',  ( -1.800000000000003597, -4.599999999999999645, 2.720000000000000195 ) ) ;
#2001 = AXIS2_PLACEMENT_3D ( 'NONE', #943, #7271, #7149 ) ;
#2002 = ADVANCED_FACE ( 'NONE', ( #4357 ), #2033, .F. ) ;
#2003 = ORIENTED_EDGE ( 'NONE', *, *, #2070, .F. ) ;
#2004 = LINE ( 'NONE', #6975, #5048 ) ;
#2005 = CARTESIAN_POINT ( 'NONE',  ( 1.261231859225221408, 8.842900560934019438, 3.319999999999999396 ) ) ;
#2006 = EDGE_LOOP ( 'NONE', ( #2192, #4294, #6009, #3432 ) ) ;
#2007 = CARTESIAN_POINT ( 'NONE',  ( -0.6674336935153163397, 2.727099477895984059, 3.320000000000000284 ) ) ;
#2008 = LINE ( 'NONE', #7633, #5182 ) ;
#2009 = ORIENTED_EDGE ( 'NONE', *, *, #7500, .T. ) ;
#2010 = DIRECTION ( 'NONE',  ( 0.3637033427133551378, 0.9315148299942045407, 0.000000000000000000 ) ) ;
#2011 = DIRECTION ( 'NONE',  ( -1.000000000000000000, 0.000000000000000000, 0.000000000000000000 ) ) ;
#2012 = CARTESIAN_POINT ( 'NONE',  ( 1.951734834558823239, 7.711397058823532547, 3.319999999999999840 ) ) ;
#2013 = CARTESIAN_POINT ( 'NONE',  ( -11.70000000000007567, 16.59999999999999076, -1.500000000000000000 ) ) ;
#2014 = LINE ( 'NONE', #3896, #2067 ) ;
#2015 = ADVANCED_FACE ( 'NONE', ( #6886 ), #639, .T. ) ;
#2016 = ORIENTED_EDGE ( 'NONE', *, *, #3758, .F. ) ;
#2017 = VERTEX_POINT ( 'NONE', #7541 ) ;
#2018 = CARTESIAN_POINT ( 'NONE',  ( 4.677818627450980316, -6.693560431985290826, 3.319999999999999840 ) ) ;
#2019 = CARTESIAN_POINT ( 'NONE',  ( -3.600000000000005862, 8.900000000000000355, 1.180000000000000160 ) ) ;
#2020 = VECTOR ( 'NONE', #7671, 1000.000000000000000 ) ;
#2021 = CARTESIAN_POINT ( 'NONE',  ( 3.183552149108344942, 5.197708689601661547, 3.320000000000001172 ) ) ;
#2022 = CARTESIAN_POINT ( 'NONE',  ( 4.186240696848508414, -8.394996592414681658, 3.319999999999998952 ) ) ;
#2023 = CARTESIAN_POINT ( 'NONE',  ( -0.2636642156862746278, 2.964460784313727171, 3.319999999999999840 ) ) ;
#2024 = LINE ( 'NONE', #269, #1333 ) ;
#2025 = EDGE_CURVE ( 'NONE', #7643, #5718, #1951, .T. ) ;
#2026 = EDGE_CURVE ( 'NONE', #72, #1027, #4113, .T. ) ;
#2027 = DIRECTION ( 'NONE',  ( -0.000000000000000000, -0.000000000000000000, -1.000000000000000000 ) ) ;
#2028 = CARTESIAN_POINT ( 'NONE',  ( 1.024465089744439616, -5.384467850784414367, 3.320000000000000284 ) ) ;
#2029 = CARTESIAN_POINT ( 'NONE',  ( 4.424908088235294024, -0.7307081035539197966, 3.319999999999999840 ) ) ;
#2030 = AXIS2_PLACEMENT_3D ( 'NONE', #7345, #6813, #1218 ) ;
#2031 = ORIENTED_EDGE ( 'NONE', *, *, #114, .T. ) ;
#2032 = CARTESIAN_POINT ( 'NONE',  ( -13.50000000000000355, -2.500000000000000444, 1.000000000000000888 ) ) ;
#2033 = PLANE ( 'NONE',  #1264 ) ;
#2034 = ORIENTED_EDGE ( 'NONE', *, *, #8051, .T. ) ;
#2035 = VECTOR ( 'NONE', #7987, 1000.000000000000000 ) ;
#2036 = ORIENTED_EDGE ( 'NONE', *, *, #5703, .F. ) ;
#2037 = CARTESIAN_POINT ( 'NONE',  ( 0.9790019914215682961, -10.96507352941176272, 3.319999999999999840 ) ) ;
#2038 = CARTESIAN_POINT ( 'NONE',  ( 13.50099999999999412, -2.500000000000000444, 2.400000000000000355 ) ) ;
#2039 = CARTESIAN_POINT ( 'NONE',  ( 1.553751428585090189, -5.298566276559209420, 3.720000000000000195 ) ) ;
#2040 = ORIENTED_EDGE ( 'NONE', *, *, #794, .T. ) ;
#2041 = CARTESIAN_POINT ( 'NONE',  ( -12.50000000000000000, -15.80000000000000426, 2.720000000000000195 ) ) ;
#2042 = CARTESIAN_POINT ( 'NONE',  ( 3.695472489205327893, 5.683810851885056969, 3.320000000000001172 ) ) ;
#2043 = CARTESIAN_POINT ( 'NONE',  ( -5.300000000000004263, -16.60000000000000497, 1.180000000000000160 ) ) ;
#2044 = VECTOR ( 'NONE', #3073, 1000.000000000000000 ) ;
#2045 = ORIENTED_EDGE ( 'NONE', *, *, #2307, .F. ) ;
#2046 = AXIS2_PLACEMENT_3D ( 'NONE', #124, #6896, #1380 ) ;
#2047 = DIRECTION ( 'NONE',  ( 0.000000000000000000, -1.000000000000000000, 0.000000000000000000 ) ) ;
#2048 = VERTEX_POINT ( 'NONE', #6521 ) ;
#2049 = CARTESIAN_POINT ( 'NONE',  ( -0.5191279660905038229, 2.908105627080483480, 3.319999999999998952 ) ) ;
#2050 = CARTESIAN_POINT ( 'NONE',  ( 4.600000000000000533, -0.1811140471813708352, 3.320000000000000284 ) ) ;
#2051 = ORIENTED_EDGE ( 'NONE', *, *, #4024, .F. ) ;
#2052 = DIRECTION ( 'NONE',  ( 1.000000000000000000, 0.000000000000000000, 0.000000000000000000 ) ) ;
#2053 = DIRECTION ( 'NONE',  ( -0.000000000000000000, -0.000000000000000000, 1.000000000000000000 ) ) ;
#2054 = CIRCLE ( 'NONE', #345, 0.7999999999999986011 ) ;
#2055 = CARTESIAN_POINT ( 'NONE',  ( 2.628261615045362820, 3.855353856323473494, 3.719999999999999751 ) ) ;
#2056 = EDGE_CURVE ( 'NONE', #7226, #1372, #3335, .T. ) ;
#2057 = CARTESIAN_POINT ( 'NONE',  ( 4.600000000000000533, -0.1811140471813708352, 3.320000000000000284 ) ) ;
#2058 = CARTESIAN_POINT ( 'NONE',  ( 2.992843763966192672, 7.557583318804179662, 3.720000000000000639 ) ) ;
#2059 = CIRCLE ( 'NONE', #609, 0.2999999999999999334 ) ;
#2060 = CONICAL_SURFACE ( 'NONE', #6221, 1.600000000000000755, 0.7853981633974492782 ) ;
#2061 = ORIENTED_EDGE ( 'NONE', *, *, #7800, .T. ) ;
#2062 = VECTOR ( 'NONE', #119, 1000.000000000000000 ) ;
#2063 = ORIENTED_EDGE ( 'NONE', *, *, #7888, .F. ) ;
#2064 = CARTESIAN_POINT ( 'NONE',  ( 4.029911706819155448, 4.435221385304011221, 3.719999999999999751 ) ) ;
#2065 = CARTESIAN_POINT ( 'NONE',  ( -1.500000000000003775, -4.899999999999999467, 1.180000000000000160 ) ) ;
#2066 = DIRECTION ( 'NONE',  ( 1.000000000000000000, -0.000000000000000000, 0.000000000000000000 ) ) ;
#2067 = VECTOR ( 'NONE', #785, 1000.000000000000000 ) ;
#2068 = CARTESIAN_POINT ( 'NONE',  ( 1.111951502419930904, -9.801975420596745536, 3.720000000000000639 ) ) ;
#2069 = CARTESIAN_POINT ( 'NONE',  ( 4.493348393666128260, 7.413504652496997416, 3.319999999999999396 ) ) ;
#2070 = EDGE_CURVE ( 'NONE', #3575, #6697, #7665, .T. ) ;
#2071 = CARTESIAN_POINT ( 'NONE',  ( 0.09165065479024403494, 6.180325897354459030, 3.719999999999999307 ) ) ;
#2072 = CARTESIAN_POINT ( 'NONE',  ( -0.5435821929177808709, -13.40168562523410678, 3.719999999999999307 ) ) ;
#2073 = CARTESIAN_POINT ( 'NONE',  ( 0.3793862580545630525, -5.749325959338624337, 3.319999999999999840 ) ) ;
#2074 = EDGE_CURVE ( 'NONE', #4787, #3398, #5781, .T. ) ;
#2075 = DIRECTION ( 'NONE',  ( 1.000000000000000000, 0.000000000000000000, 0.000000000000000000 ) ) ;
#2076 = ORIENTED_EDGE ( 'NONE', *, *, #2665, .F. ) ;
#2077 = CARTESIAN_POINT ( 'NONE',  ( 2.672588160371159649, -5.349210733409683449, 3.319999999999999840 ) ) ;
#2078 = EDGE_CURVE ( 'NONE', #2997, #5524, #3952, .T. ) ;
#2079 = CARTESIAN_POINT ( 'NONE',  ( 4.504828475912121100, -3.240154589817924702, 3.319999999999999840 ) ) ;
#2080 = ORIENTED_EDGE ( 'NONE', *, *, #6148, .T. ) ;
#2081 = ORIENTED_EDGE ( 'NONE', *, *, #6936, .T. ) ;
#2082 = AXIS2_PLACEMENT_3D ( 'NONE', #3381, #925, #5248 ) ;
#2083 = CARTESIAN_POINT ( 'NONE',  ( 1.935927925857843235, -8.007965686274506112, 3.319999999999999840 ) ) ;
#2084 = CARTESIAN_POINT ( 'NONE',  ( 0.1168372491556373544, 6.716619682156159676, 3.319999999999999396 ) ) ;
#2085 = DIRECTION ( 'NONE',  ( 0.7071067811865483499, -0.7071067811865467956, 0.000000000000000000 ) ) ;
#2086 = EDGE_CURVE ( 'NONE', #5077, #3470, #7046, .T. ) ;
#2087 = CARTESIAN_POINT ( 'NONE',  ( -0.1380905708865673709, -1.337731883084837703, 3.319999999999998952 ) ) ;
#2088 = VERTEX_POINT ( 'NONE', #3421 ) ;
#2089 = CARTESIAN_POINT ( 'NONE',  ( 4.318756282232527610, -8.208437179940135664, 3.719999999999999307 ) ) ;
#2090 = ORIENTED_EDGE ( 'NONE', *, *, #2074, .F. ) ;
#2091 = CARTESIAN_POINT ( 'NONE',  ( 11.49999999999999645, 13.19999999999999929, 3.720000000000000195 ) ) ;
#2092 = CARTESIAN_POINT ( 'NONE',  ( 4.578361860732077737, -0.5034652992515117331, 3.319999999999998952 ) ) ;
#2093 = EDGE_LOOP ( 'NONE', ( #1342, #6783, #6745, #2469 ) ) ;
#2094 = CARTESIAN_POINT ( 'NONE',  ( 4.599351801395302530, -0.3032843649979909961, 3.720000000000001972 ) ) ;
#2095 = CARTESIAN_POINT ( 'NONE',  ( -3.500000000000003109, 17.10000000000000497, -1.000000000000001110 ) ) ;
#2096 = CARTESIAN_POINT ( 'NONE',  ( 3.500820289539123831, -5.765350220342056353, 3.319999999999999396 ) ) ;
#2097 = CARTESIAN_POINT ( 'NONE',  ( 4.570242275100565799, 0.2158258089998628393, 3.720000000000000639 ) ) ;
#2098 = LINE ( 'NONE', #4579, #5570 ) ;
#2099 = VERTEX_POINT ( 'NONE', #2114 ) ;
#2100 = ORIENTED_EDGE ( 'NONE', *, *, #1316, .T. ) ;
#2101 = EDGE_CURVE ( 'NONE', #3632, #7483, #5329, .T. ) ;
#2102 = CARTESIAN_POINT ( 'NONE',  ( 4.388927285258672484, -5.349877870210875130, 3.320000000000000728 ) ) ;
#2103 = CARTESIAN_POINT ( 'NONE',  ( 4.504493070247988840, 2.942070855261859741, 3.320000000000001172 ) ) ;
#2104 = CYLINDRICAL_SURFACE ( 'NONE', #1904, 0.8000000000000003775 ) ;
#2105 = CARTESIAN_POINT ( 'NONE',  ( 0.9011833639705878474, -9.797794117647057988, 3.720000000000000195 ) ) ;
#2106 = CARTESIAN_POINT ( 'NONE',  ( 10.69999999999999574, 12.59999999999999964, 2.720000000000000195 ) ) ;
#2107 = CARTESIAN_POINT ( 'NONE',  ( -2.100000000000004530, 16.29999999999999716, 1.180000000000000160 ) ) ;
#2108 = EDGE_CURVE ( 'NONE', #940, #6912, #1581, .T. ) ;
#2109 = CARTESIAN_POINT ( 'NONE',  ( -0.4752198769493778951, -13.43257408392957153, 3.719999999999997975 ) ) ;
#2110 = CARTESIAN_POINT ( 'NONE',  ( 0.2161872585927950563, -5.984733963209365015, 3.719999999999999307 ) ) ;
#2111 = CARTESIAN_POINT ( 'NONE',  ( 0.9790019914215682961, -10.96507352941176272, 3.319999999999999840 ) ) ;
#2112 = ORIENTED_EDGE ( 'NONE', *, *, #2466, .T. ) ;
#2113 = CARTESIAN_POINT ( 'NONE',  ( -0.2283057055341195518, 1.141285522392322616, 3.720000000000000195 ) ) ;
#2114 = CARTESIAN_POINT ( 'NONE',  ( -2.400000000000004352, 16.29999999999999716, 2.720000000000000195 ) ) ;
#2115 = EDGE_CURVE ( 'NONE', #1593, #5316, #5288, .T. ) ;
#2116 = EDGE_LOOP ( 'NONE', ( #3897, #1615, #236, #6676 ) ) ;
#2117 = EDGE_CURVE ( 'NONE', #5316, #2936, #1137, .T. ) ;
#2118 = ORIENTED_EDGE ( 'NONE', *, *, #4215, .T. ) ;
#2119 = CARTESIAN_POINT ( 'NONE',  ( 9.800000000000000711, -4.800000000000000711, 1.180000000000000160 ) ) ;
#2120 = CARTESIAN_POINT ( 'NONE',  ( 4.558028615700148833, -2.359825200778526089, 3.320000000000000728 ) ) ;
#2121 = CARTESIAN_POINT ( 'NONE',  ( -3.300000000000004263, -16.60000000000000497, 1.180000000000000160 ) ) ;
#2122 = B_SPLINE_CURVE_WITH_KNOTS ( 'NONE', 3,
 ( #4956, #1122, #2546, #5036, #2394, #1739, #1240, #4873, #7368, #1168, #5607 ),
 .UNSPECIFIED., .F., .F.,
 ( 4, 1, 1, 1, 1, 1, 1, 1, 4 ),
 ( 0.000000000000000000, 0.1599730367684607524, 0.2980369452549108678, 0.4190414817417271176, 0.5290716882652989339, 0.6342876325762824008, 0.7437291757241517587, 0.8640925132873834569, 1.000000000000000000 ),
 .UNSPECIFIED. ) ;
#2123 = CARTESIAN_POINT ( 'NONE',  ( -0.08492455575980373261, -1.321643305759802489, 3.719999999999998863 ) ) ;
#2124 = VECTOR ( 'NONE', #3128, 1000.000000000000000 ) ;
#2125 = EDGE_LOOP ( 'NONE', ( #6550, #5492, #4607, #7590, #5398, #7773, #4649, #3691 ) ) ;
#2126 = ADVANCED_FACE ( 'NONE', ( #191 ), #7419, .T. ) ;
#2127 = DIRECTION ( 'NONE',  ( 1.000000000000000000, 0.000000000000000000, 0.000000000000000000 ) ) ;
#2128 = ORIENTED_EDGE ( 'NONE', *, *, #3547, .T. ) ;
#2129 = CARTESIAN_POINT ( 'NONE',  ( 1.876348039215686159, -11.89038564644607732, 3.319999999999999840 ) ) ;
#2130 = LINE ( 'NONE', #2856, #5431 ) ;
#2131 = ORIENTED_EDGE ( 'NONE', *, *, #1872, .T. ) ;
#2132 = CARTESIAN_POINT ( 'NONE',  ( 1.883173295279584769, 3.822715911180379678, 3.719999999999999751 ) ) ;
#2133 = DIRECTION ( 'NONE',  ( 0.000000000000000000, 0.7071067811865517916, -0.7071067811865433539 ) ) ;
#2134 = CARTESIAN_POINT ( 'NONE',  ( 4.536616064929916092, 2.908310214389167037, 3.319999999999998952 ) ) ;
#2135 = CARTESIAN_POINT ( 'NONE',  ( 4.599999999999999645, -2.757640165441175295, 3.319999999999999840 ) ) ;
#2136 = LINE ( 'NONE', #6660, #6480 ) ;
#2137 = EDGE_LOOP ( 'NONE', ( #5234, #139, #7587, #7910 ) ) ;
#2138 = ORIENTED_EDGE ( 'NONE', *, *, #5553, .F. ) ;
#2139 = VECTOR ( 'NONE', #3593, 1000.000000000000000 ) ;
#2140 = PLANE ( 'NONE',  #1659 ) ;
#2141 = DIRECTION ( 'NONE',  ( 0.000000000000000000, -0.000000000000000000, 1.000000000000000000 ) ) ;
#2142 = DIRECTION ( 'NONE',  ( 0.000000000000000000, -0.000000000000000000, 1.000000000000000000 ) ) ;
#2143 = CARTESIAN_POINT ( 'NONE',  ( -0.5819956713689760086, 2.862091252051493839, 3.720000000000001972 ) ) ;
#2144 = CARTESIAN_POINT ( 'NONE',  ( 4.670976802750296919, 6.603421475906941396, 3.319999999999998952 ) ) ;
#2145 = CARTESIAN_POINT ( 'NONE',  ( 11.49999999999999467, 17.40000000000000213, 3.720000000000000195 ) ) ;
#2146 = CARTESIAN_POINT ( 'NONE',  ( -0.6697905033347774095, -13.23700290155031389, 3.319999999999999840 ) ) ;
#2147 = CARTESIAN_POINT ( 'NONE',  ( 0.08651960784313711406, -6.631548713235291714, 3.319999999999999840 ) ) ;
#2148 = ORIENTED_EDGE ( 'NONE', *, *, #3822, .F. ) ;
#2149 = DIRECTION ( 'NONE',  ( -0.9425425453382622054, -0.3340861419264045673, 0.000000000000000000 ) ) ;
#2150 = EDGE_LOOP ( 'NONE', ( #6090, #5663, #4440, #4486 ) ) ;
#2151 = CARTESIAN_POINT ( 'NONE',  ( -0.2283057055341195518, 1.141285522392322616, 3.319999999999999840 ) ) ;
#2152 = EDGE_CURVE ( 'NONE', #5911, #5956, #7738, .T. ) ;
#2153 = CARTESIAN_POINT ( 'NONE',  ( 4.428555836397059409, -3.261029411764704289, 3.319999999999999840 ) ) ;
#2154 = CARTESIAN_POINT ( 'NONE',  ( 0.4693278649279637449, 8.636832881882462232, 3.719999999999998863 ) ) ;
#2155 = DIRECTION ( 'NONE',  ( -1.257045997084642858E-16, 1.000000000000000000, 0.000000000000000000 ) ) ;
#2156 = CARTESIAN_POINT ( 'NONE',  ( 4.599944102566072779, -2.711811040142298346, 3.319999999999999840 ) ) ;
#2157 = CARTESIAN_POINT ( 'NONE',  ( -1.500000000000003553, -2.399999999999999467, 1.180000000000000160 ) ) ;
#2158 = EDGE_CURVE ( 'NONE', #760, #5223, #4636, .T. ) ;
#2159 = CARTESIAN_POINT ( 'NONE',  ( -0.3703828845875279385, -1.429913209860735002, 3.320000000000000728 ) ) ;
#2160 = VERTEX_POINT ( 'NONE', #7244 ) ;
#2161 = FACE_OUTER_BOUND ( 'NONE', #4906, .T. ) ;
#2162 = VERTEX_POINT ( 'NONE', #5527 ) ;
#2163 = DIRECTION ( 'NONE',  ( -0.7071067811865517916, 0.000000000000000000, 0.7071067811865433539 ) ) ;
#2164 = CARTESIAN_POINT ( 'NONE',  ( 1.104262143940900609, -9.085710503816260442, 3.319999999999999396 ) ) ;
#2165 = EDGE_CURVE ( 'NONE', #2017, #6688, #1043, .T. ) ;
#2166 = VERTEX_POINT ( 'NONE', #5406 ) ;
#2167 = CARTESIAN_POINT ( 'NONE',  ( 4.600000000000000533, -12.91297104779411775, 3.720000000000000639 ) ) ;
#2168 = DIRECTION ( 'NONE',  ( -0.000000000000000000, 1.000000000000000000, -0.000000000000000000 ) ) ;
#2169 = EDGE_CURVE ( 'NONE', #193, #1993, #4270, .T. ) ;
#2170 = CIRCLE ( 'NONE', #4902, 0.6000000000000015321 ) ;
#2171 = CARTESIAN_POINT ( 'NONE',  ( 11.70000000000000107, -16.60000000000000142, -2.000000000000000000 ) ) ;
#2172 = DIRECTION ( 'NONE',  ( 0.000000000000000000, 0.000000000000000000, -1.000000000000000000 ) ) ;
#2173 = AXIS2_PLACEMENT_3D ( 'NONE', #4845, #3017, #6077 ) ;
#2174 = EDGE_LOOP ( 'NONE', ( #6168, #6927, #2774, #1201 ) ) ;
#2175 = ORIENTED_EDGE ( 'NONE', *, *, #2026, .F. ) ;
#2176 = CIRCLE ( 'NONE', #6216, 0.8000000000000003775 ) ;
#2177 = CARTESIAN_POINT ( 'NONE',  ( 2.145222136040061400, 4.989495655152266451, 3.719999999999999751 ) ) ;
#2178 = CARTESIAN_POINT ( 'NONE',  ( -0.6859008748015062995, -5.766659049074329246, 3.319999999999999396 ) ) ;
#2179 = CARTESIAN_POINT ( 'NONE',  ( 0.1651700160415829344, 5.848665993130350849, 3.719999999999997531 ) ) ;
#2180 = LINE ( 'NONE', #2790, #2221 ) ;
#2181 = CARTESIAN_POINT ( 'NONE',  ( 3.942403272426543648, 8.226086064529949837, 3.319999999999999840 ) ) ;
#2182 = VECTOR ( 'NONE', #7445, 1000.000000000000000 ) ;
#2183 = CARTESIAN_POINT ( 'NONE',  ( 0.09165065479024392392, -6.815384886959264144, 3.719999999999998419 ) ) ;
#2184 = AXIS2_PLACEMENT_3D ( 'NONE', #7778, #5824, #3296 ) ;
#2185 = AXIS2_PLACEMENT_3D ( 'NONE', #3540, #475, #6071 ) ;
#2186 = VECTOR ( 'NONE', #7632, 1000.000000000000000 ) ;
#2187 = PLANE ( 'NONE',  #7000 ) ;
#2188 = PLANE ( 'NONE',  #7387 ) ;
#2189 = AXIS2_PLACEMENT_3D ( 'NONE', #2661, #5848, #1312 ) ;
#2190 = ORIENTED_EDGE ( 'NONE', *, *, #6256, .F. ) ;
#2191 = CARTESIAN_POINT ( 'NONE',  ( 1.999654359078481436, -4.118560019133944650, 3.720000000000000195 ) ) ;
#2192 = ORIENTED_EDGE ( 'NONE', *, *, #1667, .T. ) ;
#2193 = CARTESIAN_POINT ( 'NONE',  ( 11.70000000000000107, 17.10000000000000853, -1.000000000000001110 ) ) ;
#2194 = CARTESIAN_POINT ( 'NONE',  ( 2.705151222730521443, -11.43212497994910315, 3.320000000000000728 ) ) ;
#2195 = DIRECTION ( 'NONE',  ( 0.000000000000000000, 0.000000000000000000, 1.000000000000000000 ) ) ;
#2196 = DIRECTION ( 'NONE',  ( -1.000000000000000000, -0.000000000000000000, -0.000000000000000000 ) ) ;
#2197 = B_SPLINE_CURVE_WITH_KNOTS ( 'NONE', 3,
 ( #497, #1808, #574, #2990, #6706, #2945, #5591, #4181, #4940, #7, #6050 ),
 .UNSPECIFIED., .F., .F.,
 ( 4, 1, 1, 1, 1, 1, 1, 1, 4 ),
 ( 0.000000000000000000, 0.08581052323156927730, 0.1664713142941957602, 0.2522149113308205237, 0.3521401181476014886, 0.4707674687807260061, 0.6163780376647948200, 0.7906655240305081600, 1.000000000000000000 ),
 .UNSPECIFIED. ) ;
#2198 = ADVANCED_FACE ( 'NONE', ( #7852 ), #6679, .T. ) ;
#2199 = DIRECTION ( 'NONE',  ( 0.000000000000000000, -1.000000000000000000, 0.000000000000000000 ) ) ;
#2200 = CARTESIAN_POINT ( 'NONE',  ( 4.599944102566072779, -2.711811040142298346, 3.720000000000002860 ) ) ;
#2201 = CARTESIAN_POINT ( 'NONE',  ( -13.00000000000000533, 15.79999999999998472, -1.000000000000001110 ) ) ;
#2202 = CARTESIAN_POINT ( 'NONE',  ( -0.6265358321838214728, -1.707931921208672987, 3.320000000000000728 ) ) ;
#2203 = VERTEX_POINT ( 'NONE', #6722 ) ;
#2204 = CARTESIAN_POINT ( 'NONE',  ( 4.431554698943214632, -8.003711630154999312, 3.720000000000001528 ) ) ;
#2205 = VERTEX_POINT ( 'NONE', #1001 ) ;
#2206 = EDGE_CURVE ( 'NONE', #7197, #7461, #7976, .T. ) ;
#2207 = CARTESIAN_POINT ( 'NONE',  ( 4.442968788260365010, 1.953935161384096508, 3.319999999999999840 ) ) ;
#2208 = CARTESIAN_POINT ( 'NONE',  ( -0.5839902617161962795, -7.711026250558245643, 3.319999999999999840 ) ) ;
#2209 = EDGE_LOOP ( 'NONE', ( #608, #653, #2245, #3405 ) ) ;
#2210 = CARTESIAN_POINT ( 'NONE',  ( 4.504518981260971167, -12.39222551189736166, 3.720000000000001084 ) ) ;
#2211 =( NAMED_UNIT ( * ) SI_UNIT ( $, .STERADIAN. ) SOLID_ANGLE_UNIT ( ) );
#2212 = CARTESIAN_POINT ( 'NONE',  ( 9.500000000000001776, -3.600000000000000977, 2.720000000000000195 ) ) ;
#2213 = CARTESIAN_POINT ( 'NONE',  ( 4.589954729084238849, -12.65559033855338811, 3.320000000000000728 ) ) ;
#2214 = CARTESIAN_POINT ( 'NONE',  ( 1.986996400122549300, -9.175245098039214398, 3.320000000000000284 ) ) ;
#2215 = ADVANCED_FACE ( 'NONE', ( #7416 ), #6641, .F. ) ;
#2216 = EDGE_LOOP ( 'NONE', ( #411, #6447, #1119, #149 ) ) ;
#2217 = ORIENTED_EDGE ( 'NONE', *, *, #6199, .F. ) ;
#2218 = EDGE_CURVE ( 'NONE', #3479, #3293, #470, .T. ) ;
#2219 = CARTESIAN_POINT ( 'NONE',  ( -0.4148385620766564807, -5.095074423745654890, 3.319999999999999840 ) ) ;
#2220 = DIRECTION ( 'NONE',  ( -0.000000000000000000, -0.000000000000000000, -1.000000000000000000 ) ) ;
#2221 = VECTOR ( 'NONE', #3981, 1000.000000000000000 ) ;
#2222 = CARTESIAN_POINT ( 'NONE',  ( 3.535695553811073477, 5.448401150122715642, 3.320000000000000284 ) ) ;
#2223 = PLANE ( 'NONE',  #6520 ) ;
#2224 = CARTESIAN_POINT ( 'NONE',  ( 0.6368783199567772391, -7.715384150494173809, 3.319999999999999840 ) ) ;
#2225 = VERTEX_POINT ( 'NONE', #3660 ) ;
#2226 = ADVANCED_FACE ( 'NONE', ( #1082 ), #513, .T. ) ;
#2227 = CARTESIAN_POINT ( 'NONE',  ( 0.9367773255665651222, -10.96614091364548571, 3.719999999999998419 ) ) ;
#2228 = DIRECTION ( 'NONE',  ( 0.000000000000000000, 0.000000000000000000, -1.000000000000000000 ) ) ;
#2229 = EDGE_LOOP ( 'NONE', ( #1835, #6360, #2217, #2931 ) ) ;
#2230 = CARTESIAN_POINT ( 'NONE',  ( 2.992843763966191339, -5.438127465509547953, 3.719999999999997531 ) ) ;
#2231 = DIRECTION ( 'NONE',  ( 1.000000000000000000, 0.000000000000000000, 0.000000000000000000 ) ) ;
#2232 = CARTESIAN_POINT ( 'NONE',  ( -11.69999999999999929, 16.60000000000000142, 2.720000000000000195 ) ) ;
#2233 = CARTESIAN_POINT ( 'NONE',  ( 4.535754101653028947, 2.011541552786932474, 3.720000000000000639 ) ) ;
#2234 = DIRECTION ( 'NONE',  ( -0.000000000000000000, -0.000000000000000000, 1.000000000000000000 ) ) ;
#2235 = CARTESIAN_POINT ( 'NONE',  ( 1.935927925857843235, -8.007965686274506112, 3.720000000000000195 ) ) ;
#2236 = DIRECTION ( 'NONE',  ( 0.000000000000000000, 0.000000000000000000, 1.000000000000000000 ) ) ;
#2237 = DIRECTION ( 'NONE',  ( 0.000000000000000000, 0.000000000000000000, -1.000000000000000000 ) ) ;
#2238 = EDGE_CURVE ( 'NONE', #2562, #523, #3499, .T. ) ;
#2239 = ORIENTED_EDGE ( 'NONE', *, *, #2056, .F. ) ;
#2240 = VECTOR ( 'NONE', #353, 1000.000000000000000 ) ;
#2241 = CARTESIAN_POINT ( 'NONE',  ( 4.599630733987603470, -13.04853303498810568, 3.319999999999999840 ) ) ;
#2242 = ORIENTED_EDGE ( 'NONE', *, *, #2315, .F. ) ;
#2243 = CARTESIAN_POINT ( 'NONE',  ( 4.599999999999999645, 2.456207873774511441, 3.319999999999999840 ) ) ;
#2244 = CARTESIAN_POINT ( 'NONE',  ( -0.3508528326112014817, -8.155861595583418833, 3.320000000000000728 ) ) ;
#2245 = ORIENTED_EDGE ( 'NONE', *, *, #4718, .F. ) ;
#2246 = CARTESIAN_POINT ( 'NONE',  ( 11.29999999999999716, 13.19999999999999929, 3.520000000000008455 ) ) ;
#2247 = CARTESIAN_POINT ( 'NONE',  ( -0.3508528326112009821, 4.839849188730313223, 3.320000000000000728 ) ) ;
#2248 = DIRECTION ( 'NONE',  ( -0.000000000000000000, 1.000000000000000000, -0.000000000000000000 ) ) ;
#2249 = CARTESIAN_POINT ( 'NONE',  ( 0.9752670516640307152, 8.793861687721383547, 3.720000000000001084 ) ) ;
#2250 = VECTOR ( 'NONE', #5569, 1000.000000000000000 ) ;
#2251 = LINE ( 'NONE', #6502, #6867 ) ;
#2252 = EDGE_CURVE ( 'NONE', #4340, #2562, #4663, .T. ) ;
#2253 = ORIENTED_EDGE ( 'NONE', *, *, #3427, .T. ) ;
#2254 = EDGE_LOOP ( 'NONE', ( #1672, #5704, #3336, #6421 ) ) ;
#2255 = CARTESIAN_POINT ( 'NONE',  ( 0.4693278649279637449, -4.358877902431265383, 3.319999999999999840 ) ) ;
#2256 = DIRECTION ( 'NONE',  ( -1.000000000000000000, -2.891205793294679312E-16, 0.000000000000000000 ) ) ;
#2257 = FACE_OUTER_BOUND ( 'NONE', #581, .T. ) ;
#2258 = CARTESIAN_POINT ( 'NONE',  ( 11.29999999999999361, 17.59999999999999787, 3.520000000000006235 ) ) ;
#2259 = EDGE_CURVE ( 'NONE', #3830, #115, #6023, .T. ) ;
#2260 = CARTESIAN_POINT ( 'NONE',  ( 1.752482942289506074, -8.006632097018135497, 3.719999999999999307 ) ) ;
#2261 = EDGE_CURVE ( 'NONE', #6494, #5228, #2273, .T. ) ;
#2262 = AXIS2_PLACEMENT_3D ( 'NONE', #2619, #7597, #6332 ) ;
#2263 = ORIENTED_EDGE ( 'NONE', *, *, #6100, .T. ) ;
#2264 = ORIENTED_EDGE ( 'NONE', *, *, #6760, .T. ) ;
#2265 = FACE_OUTER_BOUND ( 'NONE', #7905, .T. ) ;
#2266 = CARTESIAN_POINT ( 'NONE',  ( -13.30000000000000426, 0.000000000000000000, 3.720000000000000195 ) ) ;
#2267 = ORIENTED_EDGE ( 'NONE', *, *, #7049, .F. ) ;
#2268 = EDGE_CURVE ( 'NONE', #1233, #6361, #6147, .T. ) ;
#2269 = ORIENTED_EDGE ( 'NONE', *, *, #3538, .F. ) ;
#2270 = CARTESIAN_POINT ( 'NONE',  ( 1.935927925857843235, -8.007965686274506112, 3.319999999999999840 ) ) ;
#2271 = DIRECTION ( 'NONE',  ( -0.000000000000000000, 0.000000000000000000, 1.000000000000000000 ) ) ;
#2272 = ADVANCED_FACE ( 'NONE', ( #4234 ), #5964, .F. ) ;
#2273 = LINE ( 'NONE', #1700, #4920 ) ;
#2274 = CARTESIAN_POINT ( 'NONE',  ( 13.49999999999999645, 0.000000000000000000, 3.520000000000001350 ) ) ;
#2275 = CARTESIAN_POINT ( 'NONE',  ( 3.310245256455140783, -4.369545137305242299, 3.320000000000000284 ) ) ;
#2276 = CARTESIAN_POINT ( 'NONE',  ( 0.1651700160415826013, -7.147044791183374990, 3.720000000000000639 ) ) ;
#2277 = CARTESIAN_POINT ( 'NONE',  ( 1.111951502419930904, -9.801975420596745536, 3.320000000000000284 ) ) ;
#2278 = CARTESIAN_POINT ( 'NONE',  ( -0.6903879525857190558, 2.574270766563547586, 3.319999999999999840 ) ) ;
#2279 = ORIENTED_EDGE ( 'NONE', *, *, #2641, .T. ) ;
#2280 = CARTESIAN_POINT ( 'NONE',  ( -11.70000000000000107, 16.40000000000000213, 2.720000000000000195 ) ) ;
#2281 = EDGE_LOOP ( 'NONE', ( #189, #6444, #6273, #5266 ) ) ;
#2282 = CARTESIAN_POINT ( 'NONE',  ( -0.06830911308056908382, 8.299787495473607279, 3.320000000000000728 ) ) ;
#2283 = CARTESIAN_POINT ( 'NONE',  ( 1.986996400122548856, -9.175245098039212621, 3.319999999999999840 ) ) ;
#2284 = ORIENTED_EDGE ( 'NONE', *, *, #1872, .F. ) ;
#2285 = CARTESIAN_POINT ( 'NONE',  ( -11.70000000000000462, 15.80000000000000071, -1.800000000000010481 ) ) ;
#2286 = CARTESIAN_POINT ( 'NONE',  ( -2.400000000000004352, 16.60000000000000142, 1.180000000000000160 ) ) ;
#2287 =( GEOMETRIC_REPRESENTATION_CONTEXT ( 3 ) GLOBAL_UNCERTAINTY_ASSIGNED_CONTEXT ( ( #6999 ) ) GLOBAL_UNIT_ASSIGNED_CONTEXT ( ( #5707, #6401, #7623 ) ) REPRESENTATION_CONTEXT ( 'NONE', 'WORKASPACE' ) );
#2288 = CARTESIAN_POINT ( 'NONE',  ( 12.20000000000000107, -3.300000000000000711, 2.720000000000000195 ) ) ;
#2289 = CARTESIAN_POINT ( 'NONE',  ( -0.2807895102048653113, 8.086122206351804564, 3.719999999999999751 ) ) ;
#2290 = LINE ( 'NONE', #5922, #6347 ) ;
#2291 = ORIENTED_EDGE ( 'NONE', *, *, #7351, .T. ) ;
#2292 = ORIENTED_EDGE ( 'NONE', *, *, #7458, .T. ) ;
#2293 = PLANE ( 'NONE',  #5180 ) ;
#2294 = CARTESIAN_POINT ( 'NONE',  ( 0.000000000000000000, 17.40000000000000213, 3.720000000000000195 ) ) ;
#2295 = CARTESIAN_POINT ( 'NONE',  ( 11.70000000000000107, 15.80000000000000426, -0.5000000000000000000 ) ) ;
#2296 = EDGE_CURVE ( 'NONE', #1762, #6768, #2357, .T. ) ;
#2297 = VECTOR ( 'NONE', #2498, 1000.000000000000000 ) ;
#2298 = CARTESIAN_POINT ( 'NONE',  ( -1.800000000000003597, -4.599999999999999645, 1.180000000000000160 ) ) ;
#2299 = LINE ( 'NONE', #4103, #2516 ) ;
#2300 = VECTOR ( 'NONE', #5952, 1000.000000000000000 ) ;
#2301 = AXIS2_PLACEMENT_3D ( 'NONE', #4520, #2563, #5657 ) ;
#2302 = ORIENTED_EDGE ( 'NONE', *, *, #1958, .T. ) ;
#2303 = VECTOR ( 'NONE', #5727, 1000.000000000000000 ) ;
#2304 = ORIENTED_EDGE ( 'NONE', *, *, #6668, .F. ) ;
#2305 = CARTESIAN_POINT ( 'NONE',  ( 8.499999999999994671, 10.70000000000000107, 1.180000000000000160 ) ) ;
#2306 = DIRECTION ( 'NONE',  ( 1.000000000000000000, 0.000000000000000000, 0.000000000000000000 ) ) ;
#2307 = EDGE_CURVE ( 'NONE', #4230, #4179, #430, .T. ) ;
#2308 = VECTOR ( 'NONE', #5512, 1000.000000000000000 ) ;
#2309 = EDGE_LOOP ( 'NONE', ( #5480, #7180, #6269, #744, #7334, #4844 ) ) ;
#2310 = FACE_OUTER_BOUND ( 'NONE', #1399, .T. ) ;
#2311 = VECTOR ( 'NONE', #1557, 1000.000000000000000 ) ;
#2312 = DIRECTION ( 'NONE',  ( -0.000000000000000000, -0.000000000000000000, -1.000000000000000000 ) ) ;
#2313 = CARTESIAN_POINT ( 'NONE',  ( -4.200000000000005507, 16.29999999999999716, -2.000000000000000000 ) ) ;
#2314 = AXIS2_PLACEMENT_3D ( 'NONE', #2341, #1106, #1189 ) ;
#2315 = EDGE_CURVE ( 'NONE', #4952, #81, #6765, .T. ) ;
#2316 = VECTOR ( 'NONE', #7816, 1000.000000000000000 ) ;
#2317 = AXIS2_PLACEMENT_3D ( 'NONE', #3286, #2066, #6955 ) ;
#2318 = FACE_OUTER_BOUND ( 'NONE', #804, .T. ) ;
#2319 = EDGE_CURVE ( 'NONE', #2813, #1773, #5488, .T. ) ;
#2320 = CARTESIAN_POINT ( 'NONE',  ( 0.1981011932888828431, -9.936531625956538605, 3.320000000000000284 ) ) ;
#2321 = PLANE ( 'NONE',  #7660 ) ;
#2322 = CARTESIAN_POINT ( 'NONE',  ( 1.951734834558823239, 7.711397058823532547, 3.319999999999999840 ) ) ;
#2323 = CARTESIAN_POINT ( 'NONE',  ( 0.3233045617263969884, -9.886739658996839708, 3.719999999999999307 ) ) ;
#2324 = AXIS2_PLACEMENT_3D ( 'NONE', #2962, #7936, #7413 ) ;
#2325 = ORIENTED_EDGE ( 'NONE', *, *, #6228, .F. ) ;
#2326 = CARTESIAN_POINT ( 'NONE',  ( 4.558513880666894558, -13.33810115153652021, 3.720000000000001528 ) ) ;
#2327 = ORIENTED_EDGE ( 'NONE', *, *, #763, .T. ) ;
#2328 = EDGE_CURVE ( 'NONE', #5615, #4532, #3492, .T. ) ;
#2329 = CARTESIAN_POINT ( 'NONE',  ( 0.000000000000000000, 17.40000000000000213, 3.720000000000000195 ) ) ;
#2330 = CARTESIAN_POINT ( 'NONE',  ( -13.50000000000000355, 5.699999999999998401, 3.520000000000001350 ) ) ;
#2331 = ORIENTED_EDGE ( 'NONE', *, *, #1625, .F. ) ;
#2332 = CARTESIAN_POINT ( 'NONE',  ( 0.4693278649279637449, 8.636832881882462232, 3.320000000000000284 ) ) ;
#2333 = CARTESIAN_POINT ( 'NONE',  ( 0.1564578703581391839, 4.319202680805410921, 3.319999999999999840 ) ) ;
#2334 = ORIENTED_EDGE ( 'NONE', *, *, #4743, .F. ) ;
#2335 = DIRECTION ( 'NONE',  ( 1.000000000000000000, 0.000000000000000000, 0.000000000000000000 ) ) ;
#2336 = DIRECTION ( 'NONE',  ( -0.000000000000000000, -0.000000000000000000, 1.000000000000000000 ) ) ;
#2337 = CARTESIAN_POINT ( 'NONE',  ( 3.677485567709203984, 6.990566170017372016, 3.320000000000000284 ) ) ;
#2338 = EDGE_LOOP ( 'NONE', ( #5363, #7882, #2304, #7019 ) ) ;
#2339 = CARTESIAN_POINT ( 'NONE',  ( 0.04975960708691136436, 8.401680215228761739, 3.320000000000000284 ) ) ;
#2340 = VERTEX_POINT ( 'NONE', #175 ) ;
#2341 = CARTESIAN_POINT ( 'NONE',  ( 13.00000000000000533, 15.80000000000000071, -1.000000000000001110 ) ) ;
#2342 = CARTESIAN_POINT ( 'NONE',  ( -11.69999999999999929, 16.60000000000000142, 2.720000000000000195 ) ) ;
#2343 = AXIS2_PLACEMENT_3D ( 'NONE', #499, #1810, #6209 ) ;
#2344 = CARTESIAN_POINT ( 'NONE',  ( 4.429771752450980316, -2.249387254901959121, 3.720000000000000195 ) ) ;
#2345 = CARTESIAN_POINT ( 'NONE',  ( 3.821813725490196045, 6.334980085784317261, 3.319999999999999840 ) ) ;
#2346 = DIRECTION ( 'NONE',  ( 0.000000000000000000, 0.000000000000000000, 1.000000000000000000 ) ) ;
#2347 = CARTESIAN_POINT ( 'NONE',  ( 2.508873867356993692, 8.841131379481861785, 3.320000000000001172 ) ) ;
#2348 = EDGE_CURVE ( 'NONE', #4401, #2960, #5075, .T. ) ;
#2349 = ORIENTED_EDGE ( 'NONE', *, *, #1705, .T. ) ;
#2350 = ORIENTED_EDGE ( 'NONE', *, *, #3517, .F. ) ;
#2351 = CARTESIAN_POINT ( 'NONE',  ( 13.29999999999999716, 0.000000000000000000, 3.720000000000000195 ) ) ;
#2352 = FACE_OUTER_BOUND ( 'NONE', #3762, .T. ) ;
#2353 = VERTEX_POINT ( 'NONE', #137 ) ;
#2354 = CARTESIAN_POINT ( 'NONE',  ( 4.522619889024490192, -7.779550451258359089, 3.719999999999997975 ) ) ;
#2355 = CARTESIAN_POINT ( 'NONE',  ( 12.50000000000000355, -15.80000000000000071, -1.500000000000000000 ) ) ;
#2356 = CARTESIAN_POINT ( 'NONE',  ( 2.668470661242713149, -11.21070071526512102, 3.319999999999999396 ) ) ;
#2357 = LINE ( 'NONE', #549, #1540 ) ;
#2358 = EDGE_CURVE ( 'NONE', #4569, #343, #7030, .T. ) ;
#2359 = CARTESIAN_POINT ( 'NONE',  ( 13.00000000000000533, 15.80000000000000071, -1.000000000000001110 ) ) ;
#2360 = CARTESIAN_POINT ( 'NONE',  ( 1.494883483122620538, -11.08506671632211393, 3.719999999999999751 ) ) ;
#2361 = DIRECTION ( 'NONE',  ( 0.000000000000000000, 0.000000000000000000, -1.000000000000000000 ) ) ;
#2362 = CARTESIAN_POINT ( 'NONE',  ( 12.50000000000000355, -15.80000000000000071, -0.5000000000000000000 ) ) ;
#2363 = CARTESIAN_POINT ( 'NONE',  ( -0.5892383358283133088, -10.93606830835254939, 3.319999999999999396 ) ) ;
#2364 = EDGE_CURVE ( 'NONE', #5272, #6609, #5803, .T. ) ;
#2365 = ORIENTED_EDGE ( 'NONE', *, *, #5209, .T. ) ;
#2366 = LINE ( 'NONE', #2280, #6735 ) ;
#2367 = VERTEX_POINT ( 'NONE', #1353 ) ;
#2368 = DIRECTION ( 'NONE',  ( -1.000000000000000000, -2.135044278125299923E-14, 0.000000000000000000 ) ) ;
#2369 = CARTESIAN_POINT ( 'NONE',  ( 1.024465089744439839, 7.611242933529308807, 3.720000000000000639 ) ) ;
#2370 = CARTESIAN_POINT ( 'NONE',  ( 12.50000000000000000, -15.80000000000000071, 2.720000000000000195 ) ) ;
#2371 = ORIENTED_EDGE ( 'NONE', *, *, #4842, .F. ) ;
#2372 = DIRECTION ( 'NONE',  ( -0.000000000000000000, -0.000000000000000000, -1.000000000000000000 ) ) ;
#2373 = DIRECTION ( 'NONE',  ( 0.000000000000000000, 0.7071067811865517916, 0.7071067811865433539 ) ) ;
#2374 = DIRECTION ( 'NONE',  ( 0.000000000000000000, 1.000000000000000000, 0.000000000000000000 ) ) ;
#2375 = VECTOR ( 'NONE', #4719, 1000.000000000000000 ) ;
#2376 = ORIENTED_EDGE ( 'NONE', *, *, #1530, .T. ) ;
#2377 = CARTESIAN_POINT ( 'NONE',  ( 2.885129675213251588, -7.907318041715490686, 3.319999999999999396 ) ) ;
#2378 = VERTEX_POINT ( 'NONE', #5152 ) ;
#2379 = LINE ( 'NONE', #4821, #485 ) ;
#2380 = DIRECTION ( 'NONE',  ( 0.000000000000000000, 0.000000000000000000, -1.000000000000000000 ) ) ;
#2381 = CARTESIAN_POINT ( 'NONE',  ( 9.099999999999997868, -3.299999999999998490, 3.720000000000000195 ) ) ;
#2382 = DIRECTION ( 'NONE',  ( -0.000000000000000000, -0.000000000000000000, 1.000000000000000000 ) ) ;
#2383 = LINE ( 'NONE', #4185, #5992 ) ;
#2384 = AXIS2_PLACEMENT_3D ( 'NONE', #6850, #5619, #7547 ) ;
#2385 = CARTESIAN_POINT ( 'NONE',  ( 4.493348393666128260, 7.413504652496997416, 3.319999999999999396 ) ) ;
#2386 = ORIENTED_EDGE ( 'NONE', *, *, #3994, .T. ) ;
#2387 = ORIENTED_EDGE ( 'NONE', *, *, #4222, .T. ) ;
#2388 = AXIS2_PLACEMENT_3D ( 'NONE', #1449, #1984, #145 ) ;
#2389 = DIRECTION ( 'NONE',  ( -1.000000000000000000, 0.000000000000000000, 0.000000000000000000 ) ) ;
#2390 = LINE ( 'NONE', #5640, #5424 ) ;
#2391 = ORIENTED_EDGE ( 'NONE', *, *, #2465, .T. ) ;
#2392 = ORIENTED_EDGE ( 'NONE', *, *, #8038, .T. ) ;
#2393 = CARTESIAN_POINT ( 'NONE',  ( 1.874290189447912036, -8.007517598670993664, 3.319999999999999840 ) ) ;
#2394 = CARTESIAN_POINT ( 'NONE',  ( -0.4716627098345935742, 1.270499813555870494, 3.320000000000000284 ) ) ;
#2395 = VECTOR ( 'NONE', #1311, 1000.000000000000000 ) ;
#2396 = DIRECTION ( 'NONE',  ( 0.000000000000000000, 0.000000000000000000, -1.000000000000000000 ) ) ;
#2397 = PLANE ( 'NONE',  #6527 ) ;
#2398 = CARTESIAN_POINT ( 'NONE',  ( 0.4560462274989662279, -9.845932091744630910, 3.319999999999998952 ) ) ;
#2399 = VERTEX_POINT ( 'NONE', #742 ) ;
#2400 = LINE ( 'NONE', #3583, #2668 ) ;
#2401 = EDGE_CURVE ( 'NONE', #1737, #5460, #5114, .T. ) ;
#2402 = CARTESIAN_POINT ( 'NONE',  ( -0.2208117484164772437, -10.24240354343839421, 3.720000000000001972 ) ) ;
#2403 = VERTEX_POINT ( 'NONE', #1394 ) ;
#2404 = AXIS2_PLACEMENT_3D ( 'NONE', #1997, #3795, #6365 ) ;
#2405 = CARTESIAN_POINT ( 'NONE',  ( 4.575669785790121402, -13.26385939282577020, 3.719999999999999307 ) ) ;
#2406 = ORIENTED_EDGE ( 'NONE', *, *, #2665, .T. ) ;
#2407 = CARTESIAN_POINT ( 'NONE',  ( 1.682008802342621179, -11.24419920193286515, 3.719999999999999751 ) ) ;
#2408 = FACE_OUTER_BOUND ( 'NONE', #31, .T. ) ;
#2409 = CARTESIAN_POINT ( 'NONE',  ( -0.7270713678500889676, 5.807470412875842314, 3.319999999999999840 ) ) ;
#2410 = EDGE_CURVE ( 'NONE', #8055, #4394, #2098, .T. ) ;
#2411 = LINE ( 'NONE', #6162, #6699 ) ;
#2412 = DIRECTION ( 'NONE',  ( 0.000000000000000000, -0.7071067811865475727, 0.7071067811865475727 ) ) ;
#2413 = CARTESIAN_POINT ( 'NONE',  ( 3.137180618666889576, 7.494376241520420479, 3.719999999999999751 ) ) ;
#2414 = ORIENTED_EDGE ( 'NONE', *, *, #158, .T. ) ;
#2415 = EDGE_CURVE ( 'NONE', #3313, #6648, #5764, .T. ) ;
#2416 = CARTESIAN_POINT ( 'NONE',  ( 3.041169989447175759, -7.859560194726286753, 3.720000000000001084 ) ) ;
#2417 = EDGE_LOOP ( 'NONE', ( #3962, #2897, #3993, #1640, #5590, #3258 ) ) ;
#2418 = CARTESIAN_POINT ( 'NONE',  ( 10.69999999999999751, 12.40000000000000213, 3.720000000000000195 ) ) ;
#2419 = CARTESIAN_POINT ( 'NONE',  ( -0.7647935289299603312, -6.304901350054332276, 3.719999999999999307 ) ) ;
#2420 = CARTESIAN_POINT ( 'NONE',  ( 0.1653056041911797336, -11.86077711596988848, 3.320000000000000284 ) ) ;
#2421 = CARTESIAN_POINT ( 'NONE',  ( -11.70000000000000107, 12.59999999999999964, 2.720000000000000195 ) ) ;
#2422 = EDGE_CURVE ( 'NONE', #2399, #786, #6836, .T. ) ;
#2423 = CARTESIAN_POINT ( 'NONE',  ( 0.1643382352941175073, -2.249387254901959121, 3.720000000000000195 ) ) ;
#2424 = DIRECTION ( 'NONE',  ( 0.000000000000000000, -0.000000000000000000, -1.000000000000000000 ) ) ;
#2425 = ORIENTED_EDGE ( 'NONE', *, *, #6237, .F. ) ;
#2426 = ORIENTED_EDGE ( 'NONE', *, *, #6068, .T. ) ;
#2427 = CARTESIAN_POINT ( 'NONE',  ( 2.207046322889365975, -4.121537142162652323, 3.320000000000000284 ) ) ;
#2428 = LINE ( 'NONE', #4869, #4389 ) ;
#2429 = ORIENTED_EDGE ( 'NONE', *, *, #3512, .T. ) ;
#2430 = EDGE_CURVE ( 'NONE', #6017, #2785, #4542, .T. ) ;
#2431 = VERTEX_POINT ( 'NONE', #1974 ) ;
#2432 = CARTESIAN_POINT ( 'NONE',  ( 0.08827652974940966568, -6.694496061819402932, 3.319999999999999396 ) ) ;
#2433 = PLANE ( 'NONE',  #7726 ) ;
#2434 = AXIS2_PLACEMENT_3D ( 'NONE', #2934, #7382, #2368 ) ;
#2435 = DIRECTION ( 'NONE',  ( 1.000000000000000000, 0.000000000000000000, 0.000000000000000000 ) ) ;
#2436 = FACE_OUTER_BOUND ( 'NONE', #5339, .T. ) ;
#2437 = CARTESIAN_POINT ( 'NONE',  ( 1.732709692194672302, -11.31013095131832991, 3.720000000000000195 ) ) ;
#2438 = ORIENTED_EDGE ( 'NONE', *, *, #5784, .F. ) ;
#2439 = CARTESIAN_POINT ( 'NONE',  ( 2.368837935621445734, -10.48687101556896550, 3.720000000000000195 ) ) ;
#2440 = CARTESIAN_POINT ( 'NONE',  ( 0.1981011932888828431, -9.936531625956538605, 3.720000000000001084 ) ) ;
#2441 = VECTOR ( 'NONE', #4544, 1000.000000000000000 ) ;
#2442 = AXIS2_PLACEMENT_3D ( 'NONE', #281, #6563, #3957 ) ;
#2443 = EDGE_CURVE ( 'NONE', #4927, #958, #2014, .T. ) ;
#2444 = ORIENTED_EDGE ( 'NONE', *, *, #2802, .F. ) ;
#2445 = CARTESIAN_POINT ( 'NONE',  ( 1.164529298768745447, -10.97293048921140013, 3.319999999999999840 ) ) ;
#2446 = ORIENTED_EDGE ( 'NONE', *, *, #5866, .F. ) ;
#2447 = FACE_OUTER_BOUND ( 'NONE', #5999, .T. ) ;
#2448 = CARTESIAN_POINT ( 'NONE',  ( 0.7280575301023726187, 7.500507990555669302, 3.319999999999998952 ) ) ;
#2449 = CARTESIAN_POINT ( 'NONE',  ( 1.876348039215686159, -11.89038564644607732, 3.319999999999999840 ) ) ;
#2450 = CARTESIAN_POINT ( 'NONE',  ( -5.300000000000004263, -16.60000000000000497, 1.180000000000000160 ) ) ;
#2451 = VECTOR ( 'NONE', #6426, 1000.000000000000000 ) ;
#2452 = CARTESIAN_POINT ( 'NONE',  ( -3.600000000000005862, 8.900000000000000355, 2.720000000000000195 ) ) ;
#2453 = CARTESIAN_POINT ( 'NONE',  ( 3.790240772047972495, 6.692307756220304604, 3.719999999999999307 ) ) ;
#2454 = EDGE_CURVE ( 'NONE', #3042, #3038, #2565, .T. ) ;
#2455 = ORIENTED_EDGE ( 'NONE', *, *, #7262, .T. ) ;
#2456 = CARTESIAN_POINT ( 'NONE',  ( 3.820291584535983720, -6.723651431562601033, 3.319999999999999396 ) ) ;
#2457 = ORIENTED_EDGE ( 'NONE', *, *, #4276, .F. ) ;
#2458 = CARTESIAN_POINT ( 'NONE',  ( 11.70000000000000107, -16.60000000000000497, -0.5000000000000000000 ) ) ;
#2459 = CARTESIAN_POINT ( 'NONE',  ( -0.1262612786687399569, -4.742810333724312599, 3.719999999999999751 ) ) ;
#2460 = B_SPLINE_SURFACE_WITH_KNOTS ( 'NONE', 3, 1, ( 
 ( #2283, #7753 ),
 ( #1592, #6614 ),
 ( #6652, #4089 ),
 ( #4728, #1018 ),
 ( #289, #250 ),
 ( #3469, #4693 ),
 ( #4652, #5342 ),
 ( #5915, #1515 ),
 ( #1054, #5303 ),
 ( #364, #5265 ),
 ( #7864, #2815 ),
 ( #2244, #7826 ),
 ( #2738, #4768 ),
 ( #6533, #5998 ),
 ( #3549, #7144 ),
 ( #4127, #4054 ),
 ( #4010, #5227 ),
 ( #403, #7715 ),
 ( #5955, #6571 ) ),
 .UNSPECIFIED., .F., .F., .F.,
 ( 4, 1, 1, 1, 1, 1, 1, 1, 1, 1, 1, 1, 1, 1, 1, 1, 4 ),
 ( 2, 2 ),
 ( 0.000000000000000000, 0.07255272313457271360, 0.1417418909686664619, 0.2077360430198710028, 0.2714290876032899313, 0.3325578037061184267, 0.3914575579804829286, 0.4488933542825400136, 0.5054700295189402670, 0.5615532413088397679, 0.6180923290137483317, 0.6752642379500596315, 0.7344520322322817263, 0.7959842728098599496, 0.8603756616731867979, 0.9280028065836891660, 1.000000000000000000 ),
 ( 0.000000000000000000, 1.000000000000000000 ),
 .UNSPECIFIED. ) ;
#2461 = CARTESIAN_POINT ( 'NONE',  ( 4.599844009141251355, -2.629746555506225381, 3.719999999999998419 ) ) ;
#2462 = CARTESIAN_POINT ( 'NONE',  ( 0.1643382352941175073, -2.240875842524508332, 3.720000000000000195 ) ) ;
#2463 = CARTESIAN_POINT ( 'NONE',  ( 4.641758464136102269, 5.723430397167328820, 3.720000000000000639 ) ) ;
#2464 = CARTESIAN_POINT ( 'NONE',  ( -5.600000000000004086, -16.30000000000000071, 1.180000000000000160 ) ) ;
#2465 = EDGE_CURVE ( 'NONE', #1114, #770, #741, .T. ) ;
#2466 = EDGE_CURVE ( 'NONE', #6768, #641, #1381, .T. ) ;
#2467 = ORIENTED_EDGE ( 'NONE', *, *, #1963, .T. ) ;
#2468 = VECTOR ( 'NONE', #6134, 1000.000000000000000 ) ;
#2469 = ORIENTED_EDGE ( 'NONE', *, *, #5495, .T. ) ;
#2470 = LINE ( 'NONE', #1116, #2182 ) ;
#2471 = CARTESIAN_POINT ( 'NONE',  ( -3.500000000000003109, 17.10000000000000497, -1.000000000000001110 ) ) ;
#2472 = VERTEX_POINT ( 'NONE', #909 ) ;
#2473 = FACE_OUTER_BOUND ( 'NONE', #1880, .T. ) ;
#2474 = CARTESIAN_POINT ( 'NONE',  ( -0.7270713678500889676, -7.188240371437884413, 3.720000000000000195 ) ) ;
#2475 = LINE ( 'NONE', #7974, #2250 ) ;
#2476 = VECTOR ( 'NONE', #1157, 999.9999999999998863 ) ;
#2477 = DIRECTION ( 'NONE',  ( 0.000000000000000000, 0.000000000000000000, -1.000000000000000000 ) ) ;
#2478 = CARTESIAN_POINT ( 'NONE',  ( -0.6685516761510745809, -11.37428239554581388, 3.720000000000000639 ) ) ;
#2479 = ORIENTED_EDGE ( 'NONE', *, *, #7664, .F. ) ;
#2480 = CARTESIAN_POINT ( 'NONE',  ( -12.30000000000000426, 15.80000000000000071, 3.720000000000000195 ) ) ;
#2481 = LINE ( 'NONE', #3255, #3751 ) ;
#2482 = B_SPLINE_CURVE_WITH_KNOTS ( 'NONE', 3,
 ( #231, #7696, #6429, #3250, #1324, #5085, #6349, #839, #5818, #4509, #757, #6471, #2445, #7535, #3290 ),
 .UNSPECIFIED., .F., .F.,
 ( 4, 1, 1, 1, 1, 1, 1, 1, 1, 1, 1, 1, 4 ),
 ( 0.000000000000000000, 0.08291963688059321436, 0.1588916064393524896, 0.2291120832283457809, 0.2943789722942755094, 0.3552227454872642909, 0.4135120807972566537, 0.4697072908392677659, 0.5248100291663855277, 0.6345563989241332914, 0.7499326764144844670, 0.8711479335753136155, 1.000000000000000000 ),
 .UNSPECIFIED. ) ;
#2483 = VERTEX_POINT ( 'NONE', #5347 ) ;
#2484 = ORIENTED_EDGE ( 'NONE', *, *, #5304, .F. ) ;
#2485 = DIRECTION ( 'NONE',  ( -1.000000000000000000, 0.000000000000000000, 0.000000000000000000 ) ) ;
#2486 = CARTESIAN_POINT ( 'NONE',  ( 0.4813877927264152423, 7.344948295241448655, 3.320000000000000284 ) ) ;
#2487 = CARTESIAN_POINT ( 'NONE',  ( 0.3659679270342623969, 4.186663798431411898, 3.320000000000000284 ) ) ;
#2488 = LINE ( 'NONE', #646, #3175 ) ;
#2489 = CARTESIAN_POINT ( 'NONE',  ( 1.883217834515139355, -5.284872614925824941, 3.320000000000000728 ) ) ;
#2490 = CARTESIAN_POINT ( 'NONE',  ( 3.137180618666889576, 7.494376241520420479, 3.320000000000000284 ) ) ;
#2491 = ORIENTED_EDGE ( 'NONE', *, *, #7406, .T. ) ;
#2492 = DIRECTION ( 'NONE',  ( -1.000000000000000000, 0.000000000000000000, 0.000000000000000000 ) ) ;
#2493 = CARTESIAN_POINT ( 'NONE',  ( 3.695472489205327449, -7.311899932428668869, 3.320000000000000284 ) ) ;
#2494 = ORIENTED_EDGE ( 'NONE', *, *, #3325, .T. ) ;
#2495 = DIRECTION ( 'NONE',  ( 3.469446951953613696E-16, -1.000000000000000000, -0.000000000000000000 ) ) ;
#2496 = CARTESIAN_POINT ( 'NONE',  ( 1.893370863970587958, -4.117034313725486783, 3.319999999999999840 ) ) ;
#2497 = DIRECTION ( 'NONE',  ( -0.7071067811865467956, -0.7071067811865483499, 0.000000000000000000 ) ) ;
#2498 = DIRECTION ( 'NONE',  ( -1.000000000000000000, 0.000000000000000000, 0.000000000000000000 ) ) ;
#2499 = CARTESIAN_POINT ( 'NONE',  ( -4.200000000000005507, 16.60000000000000142, 2.720000000000000195 ) ) ;
#2500 = EDGE_CURVE ( 'NONE', #5223, #4050, #2290, .T. ) ;
#2501 = LINE ( 'NONE', #7442, #4734 ) ;
#2502 = VERTEX_POINT ( 'NONE', #2941 ) ;
#2503 = ORIENTED_EDGE ( 'NONE', *, *, #1274, .T. ) ;
#2504 = CARTESIAN_POINT ( 'NONE',  ( -0.5603410428609399974, 1.348914557508526846, 3.719999999999999751 ) ) ;
#2505 = CARTESIAN_POINT ( 'NONE',  ( 4.589944902963966733, -13.16793386302839153, 3.320000000000000728 ) ) ;
#2506 = CARTESIAN_POINT ( 'NONE',  ( -12.49999999999999822, -15.80000000000000426, 2.720000000000000195 ) ) ;
#2507 = B_SPLINE_CURVE_WITH_KNOTS ( 'NONE', 3,
 ( #7672, #3303, #7815, #3577, #1580, #4076, #6557, #6066, #2964, #5789, #4834, #7937, #4679, #7328, #2356, #2194, #962, #3921, #2687 ),
 .UNSPECIFIED., .F., .F.,
 ( 4, 1, 1, 1, 1, 1, 1, 1, 1, 1, 1, 1, 1, 1, 1, 1, 4 ),
 ( 0.000000000000000000, 0.06715869771736025784, 0.1310049450012813477, 0.1920481908404234050, 0.2506541085325177942, 0.3072741734421705617, 0.3629269889293813001, 0.4179493061046470337, 0.4729518037497598137, 0.5289314897966772566, 0.5866072545323071097, 0.6464733947934858671, 0.7089524840438320430, 0.7747995756143556401, 0.8448165005350715129, 0.9198980928252361577, 1.000000000000000000 ),
 .UNSPECIFIED. ) ;
#2508 = ORIENTED_EDGE ( 'NONE', *, *, #5097, .T. ) ;
#2509 = LINE ( 'NONE', #3163, #6881 ) ;
#2510 = CARTESIAN_POINT ( 'NONE',  ( -11.69999999999999929, -3.100000000000001865, 2.720000000000000195 ) ) ;
#2511 = LINE ( 'NONE', #4999, #3944 ) ;
#2512 = EDGE_CURVE ( 'NONE', #2531, #7483, #7831, .T. ) ;
#2513 = CARTESIAN_POINT ( 'NONE',  ( -0.3029747910136457723, -10.34505071377148866, 3.720000000000000639 ) ) ;
#2514 = ORIENTED_EDGE ( 'NONE', *, *, #4597, .F. ) ;
#2515 = CARTESIAN_POINT ( 'NONE',  ( 3.500820289539123831, -5.765350220342056353, 3.319999999999999396 ) ) ;
#2516 = VECTOR ( 'NONE', #4826, 1000.000000000000000 ) ;
#2517 = EDGE_CURVE ( 'NONE', #2166, #202, #2136, .T. ) ;
#2518 = DIRECTION ( 'NONE',  ( -0.000000000000000000, 0.000000000000000000, -1.000000000000000000 ) ) ;
#2519 = ORIENTED_EDGE ( 'NONE', *, *, #1670, .T. ) ;
#2520 = ORIENTED_EDGE ( 'NONE', *, *, #107, .F. ) ;
#2521 = DIRECTION ( 'NONE',  ( 0.5773502691896257311, -0.5773502691896257311, 0.5773502691896257311 ) ) ;
#2522 = CARTESIAN_POINT ( 'NONE',  ( 12.50000000000000000, -3.600000000000000977, 2.720000000000000195 ) ) ;
#2523 = CARTESIAN_POINT ( 'NONE',  ( 2.207046322889366419, 8.874173642151074404, 3.720000000000000639 ) ) ;
#2524 = B_SPLINE_SURFACE_WITH_KNOTS ( 'NONE', 3, 1, ( 
 ( #853, #7710 ),
 ( #4723, #7213 ),
 ( #2769, #5990 ),
 ( #7054, #5295 ),
 ( #1509, #3505 ),
 ( #1627, #397 ),
 ( #245, #2889 ),
 ( #2159, #1468 ),
 ( #7787, #2732 ),
 ( #5258, #3462 ),
 ( #5222, #2123 ) ),
 .UNSPECIFIED., .F., .F., .F.,
 ( 4, 1, 1, 1, 1, 1, 1, 1, 4 ),
 ( 2, 2 ),
 ( 0.000000000000000000, 0.1526900113685664973, 0.2844114173373249455, 0.3997961775335154289, 0.5077722255950330998, 0.6149866776048752426, 0.7274695624405667083, 0.8539230481998415501, 1.000000000000000000 ),
 ( 0.000000000000000000, 1.000000000000000000 ),
 .UNSPECIFIED. ) ;
#2525 = CARTESIAN_POINT ( 'NONE',  ( 1.935927925857843235, 4.987745098039218838, 3.319999999999999840 ) ) ;
#2526 = DIRECTION ( 'NONE',  ( -1.000000000000000000, 0.000000000000000000, 0.000000000000000000 ) ) ;
#2527 = VECTOR ( 'NONE', #7496, 1000.000000000000000 ) ;
#2528 = ORIENTED_EDGE ( 'NONE', *, *, #4564, .F. ) ;
#2529 = CARTESIAN_POINT ( 'NONE',  ( 11.69999999999999751, -17.40000000000000924, -2.000000000000000000 ) ) ;
#2530 = LINE ( 'NONE', #3991, #3092 ) ;
#2531 = VERTEX_POINT ( 'NONE', #296 ) ;
#2532 = FACE_BOUND ( 'NONE', #1852, .T. ) ;
#2533 = CARTESIAN_POINT ( 'NONE',  ( 4.468109560808314562, -0.7148379793588833797, 3.319999999999998952 ) ) ;
#2534 = LINE ( 'NONE', #6980, #7880 ) ;
#2535 = DIRECTION ( 'NONE',  ( -0.7071067811865470176, 2.096811509994356411E-16, -0.7071067811865480168 ) ) ;
#2536 = CARTESIAN_POINT ( 'NONE',  ( 0.1573584998753235487, 6.871817297604182251, 3.320000000000000284 ) ) ;
#2537 = CARTESIAN_POINT ( 'NONE',  ( 4.473892615369948977, 0.3544305047672342002, 3.719999999999999307 ) ) ;
#2538 = ORIENTED_EDGE ( 'NONE', *, *, #60, .F. ) ;
#2539 = ORIENTED_EDGE ( 'NONE', *, *, #6960, .F. ) ;
#2540 = ADVANCED_FACE ( 'NONE', ( #1598 ), #4736, .F. ) ;
#2541 = FACE_OUTER_BOUND ( 'NONE', #8064, .T. ) ;
#2542 = LINE ( 'NONE', #583, #1250 ) ;
#2543 = DIRECTION ( 'NONE',  ( 0.000000000000000000, -0.7071067811865352493, 0.7071067811865597852 ) ) ;
#2544 = DIRECTION ( 'NONE',  ( -0.7071067811865474617, 0.000000000000000000, 0.7071067811865474617 ) ) ;
#2545 = CARTESIAN_POINT ( 'NONE',  ( 4.595140691490882112, 0.05131352188884390902, 3.720000000000000195 ) ) ;
#2546 = CARTESIAN_POINT ( 'NONE',  ( -0.2283057055341195518, 1.141285522392322616, 3.319999999999999840 ) ) ;
#2547 = CIRCLE ( 'NONE', #2030, 0.8000000000000020428 ) ;
#2548 = ADVANCED_FACE ( 'NONE', ( #1523 ), #1680, .T. ) ;
#2549 = DIRECTION ( 'NONE',  ( 1.000000000000000000, 0.000000000000000000, -0.000000000000000000 ) ) ;
#2550 = CARTESIAN_POINT ( 'NONE',  ( 11.69999999999999751, 17.40000000000000924, -2.000000000000000000 ) ) ;
#2551 = VECTOR ( 'NONE', #1955, 1000.000000000000000 ) ;
#2552 = VERTEX_POINT ( 'NONE', #2214 ) ;
#2553 = CARTESIAN_POINT ( 'NONE',  ( 3.270389720786871735, -5.577158578375275511, 3.719999999999997087 ) ) ;
#2554 = VECTOR ( 'NONE', #4419, 1000.000000000000000 ) ;
#2555 = CARTESIAN_POINT ( 'NONE',  ( 1.749716334588010680, 7.709749204927950572, 3.720000000000000639 ) ) ;
#2556 = VECTOR ( 'NONE', #5543, 1000.000000000000000 ) ;
#2557 = EDGE_CURVE ( 'NONE', #4372, #81, #6045, .T. ) ;
#2558 = CIRCLE ( 'NONE', #6208, 0.5999999999999998668 ) ;
#2559 = ORIENTED_EDGE ( 'NONE', *, *, #1167, .T. ) ;
#2560 = EDGE_CURVE ( 'NONE', #3754, #1028, #2251, .T. ) ;
#2561 = AXIS2_PLACEMENT_3D ( 'NONE', #6262, #7410, #1818 ) ;
#2562 = VERTEX_POINT ( 'NONE', #7272 ) ;
#2563 = DIRECTION ( 'NONE',  ( 0.000000000000000000, 1.000000000000000000, -0.000000000000000000 ) ) ;
#2564 = CARTESIAN_POINT ( 'NONE',  ( 0.1573584998753235487, 6.871817297604182251, 3.720000000000001528 ) ) ;
#2565 = CIRCLE ( 'NONE', #350, 1.600000000000007638 ) ;
#2566 = CARTESIAN_POINT ( 'NONE',  ( 0.8701904552719090802, -5.434192765812433379, 3.719999999999999751 ) ) ;
#2567 = VECTOR ( 'NONE', #4382, 1000.000000000000000 ) ;
#2568 = B_SPLINE_CURVE_WITH_KNOTS ( 'NONE', 3,
 ( #3626, #432, #6150, #7293, #7856, #394, #2275, #1702, #4758, #1663, #4160, #6643, #1045, #4197, #7575, #3787, #6308, #672, #6268 ),
 .UNSPECIFIED., .F., .F.,
 ( 4, 1, 1, 1, 1, 1, 1, 1, 1, 1, 1, 1, 1, 1, 1, 1, 4 ),
 ( 0.000000000000000000, 0.07382228342945415522, 0.1440501022091540406, 0.2107282076646930513, 0.2746787875331983542, 0.3359894966732780430, 0.3953132383740303180, 0.4526620807477487185, 0.5091377853370301354, 0.5651006441719411688, 0.6213201579575617917, 0.6784104757689226606, 0.7371470321365205525, 0.7979752356230530586, 0.8617276823459042445, 0.9289725806969629796, 1.000000000000000000 ),
 .UNSPECIFIED. ) ;
#2569 = CARTESIAN_POINT ( 'NONE',  ( 3.751816608296655531, 8.379903677557836161, 3.720000000000000195 ) ) ;
#2570 = CARTESIAN_POINT ( 'NONE',  ( 9.099999999999997868, -3.100000000000000089, 3.520000000000008455 ) ) ;
#2571 = CARTESIAN_POINT ( 'NONE',  ( 2.006871473906586711, -8.007372307544377676, 3.319999999999999840 ) ) ;
#2572 = ORIENTED_EDGE ( 'NONE', *, *, #5553, .T. ) ;
#2573 = EDGE_CURVE ( 'NONE', #1751, #6143, #2865, .T. ) ;
#2574 = AXIS2_PLACEMENT_3D ( 'NONE', #733, #5667, #3231 ) ;
#2575 = DIRECTION ( 'NONE',  ( -1.000000000000000000, 0.000000000000000000, 0.000000000000000000 ) ) ;
#2576 = CARTESIAN_POINT ( 'NONE',  ( 1.783049216106233459, 8.877060699195697069, 3.320000000000000728 ) ) ;
#2577 = EDGE_LOOP ( 'NONE', ( #8054, #2291, #3068, #2519, #185, #1630, #163, #366, #4296, #2635, #6035, #2825, #2118, #14, #1052, #7285, #2045, #1314, #1815, #1927, #4153, #4871, #6714, #3368, #1160, #421, #1681, #546, #5217, #4726, #7966, #5481, #6729, #177, #3214, #6772, #2739, #246, #2857, #3507, #4766, #5067, #7903, #3083, #7058, #2919, #7929, #3568, #7986, #1150 ) ) ;
#2578 = CARTESIAN_POINT ( 'NONE',  ( -4.000000000000003553, -2.699999999999999289, 2.720000000000000195 ) ) ;
#2579 = CARTESIAN_POINT ( 'NONE',  ( 4.504562011313455017, -0.6815578822067798193, 3.320000000000000728 ) ) ;
#2580 = CARTESIAN_POINT ( 'NONE',  ( 4.468109560808314562, -0.7148379793588833797, 3.719999999999999307 ) ) ;
#2581 = CARTESIAN_POINT ( 'NONE',  ( -5.000000000000000888, -3.100000000000000533, 0.000000000000000000 ) ) ;
#2582 = CARTESIAN_POINT ( 'NONE',  ( 0.1168372491556373544, 6.716619682156159676, 3.319999999999999396 ) ) ;
#2583 = FACE_OUTER_BOUND ( 'NONE', #4923, .T. ) ;
#2584 = CARTESIAN_POINT ( 'NONE',  ( 2.014586592403878829, 7.710939032736680687, 3.720000000000001084 ) ) ;
#2585 = EDGE_LOOP ( 'NONE', ( #5976, #7103, #1327, #4255 ) ) ;
#2586 = ORIENTED_EDGE ( 'NONE', *, *, #3561, .F. ) ;
#2587 = CARTESIAN_POINT ( 'NONE',  ( 2.793941042246974593, -4.204135628518201884, 3.720000000000000195 ) ) ;
#2588 = CARTESIAN_POINT ( 'NONE',  ( 0.1643382352941175073, -12.36580882352940947, 3.319999999999999840 ) ) ;
#2589 = CARTESIAN_POINT ( 'NONE',  ( 11.69999999999999751, -15.80000000000000071, -2.000000000000000000 ) ) ;
#2590 = CARTESIAN_POINT ( 'NONE',  ( 2.668470661242713149, -11.21070071526512102, 3.719999999999999751 ) ) ;
#2591 = CARTESIAN_POINT ( 'NONE',  ( 2.145222136040061844, -8.006215129161462940, 3.720000000000001528 ) ) ;
#2592 = CARTESIAN_POINT ( 'NONE',  ( -11.70000000000000462, 17.40000000000000213, 3.720000000000000195 ) ) ;
#2593 = LINE ( 'NONE', #3860, #479 ) ;
#2594 = DIRECTION ( 'NONE',  ( 0.000000000000000000, -0.7071067811865486830, -0.7071067811865464625 ) ) ;
#2595 = DIRECTION ( 'NONE',  ( 1.433655765270088355E-16, -1.000000000000000000, -0.000000000000000000 ) ) ;
#2596 = ORIENTED_EDGE ( 'NONE', *, *, #7832, .T. ) ;
#2597 = CARTESIAN_POINT ( 'NONE',  ( -11.70000000000000462, -15.80000000000000071, 3.720000000000000195 ) ) ;
#2598 = EDGE_CURVE ( 'NONE', #7461, #504, #7225, .T. ) ;
#2599 = DIRECTION ( 'NONE',  ( -1.000000000000000000, 0.000000000000000000, 0.000000000000000000 ) ) ;
#2600 = EDGE_LOOP ( 'NONE', ( #5511, #7216, #6579, #3029 ) ) ;
#2601 = EDGE_LOOP ( 'NONE', ( #1910, #6407, #4677, #383 ) ) ;
#2602 = CARTESIAN_POINT ( 'NONE',  ( 1.042090810732842154, -10.96774529953672683, 3.719999999999999751 ) ) ;
#2603 = DIRECTION ( 'NONE',  ( 1.000000000000000000, 8.673617379884034239E-17, 0.000000000000000000 ) ) ;
#2604 = DIRECTION ( 'NONE',  ( 0.000000000000000000, 1.000000000000000000, 0.000000000000000000 ) ) ;
#2605 = CARTESIAN_POINT ( 'NONE',  ( 4.504562011313455017, -0.6815578822067798193, 3.320000000000000728 ) ) ;
#2606 = ADVANCED_FACE ( 'NONE', ( #6624 ), #5270, .F. ) ;
#2607 = DIRECTION ( 'NONE',  ( 1.000000000000000000, -0.000000000000000000, 0.000000000000000000 ) ) ;
#2608 = DIRECTION ( 'NONE',  ( 0.000000000000000000, 0.000000000000000000, 1.000000000000000000 ) ) ;
#2609 = EDGE_LOOP ( 'NONE', ( #5531, #7662, #2076, #7602 ) ) ;
#2610 = DIRECTION ( 'NONE',  ( 0.000000000000000000, -0.000000000000000000, -1.000000000000000000 ) ) ;
#2611 = DIRECTION ( 'NONE',  ( 1.000000000000000000, 0.000000000000000000, 0.000000000000000000 ) ) ;
#2612 = ORIENTED_EDGE ( 'NONE', *, *, #1950, .T. ) ;
#2613 = CARTESIAN_POINT ( 'NONE',  ( 0.1643382352941175073, -11.91470396752450966, 3.720000000000000195 ) ) ;
#2614 = LINE ( 'NONE', #5069, #3752 ) ;
#2615 = EDGE_CURVE ( 'NONE', #614, #1891, #4661, .T. ) ;
#2616 = ORIENTED_EDGE ( 'NONE', *, *, #2959, .F. ) ;
#2617 = CARTESIAN_POINT ( 'NONE',  ( 11.69999999999999751, -15.80000000000000071, 3.720000000000000195 ) ) ;
#2618 = DIRECTION ( 'NONE',  ( 0.000000000000000000, 0.000000000000000000, -1.000000000000000000 ) ) ;
#2619 = CARTESIAN_POINT ( 'NONE',  ( 11.70000000000000107, 15.80000000000000426, -2.000000000000000000 ) ) ;
#2620 = EDGE_CURVE ( 'NONE', #6398, #1737, #1563, .T. ) ;
#2621 = CARTESIAN_POINT ( 'NONE',  ( 4.424908088235294024, 0.3733436734068640850, 3.719999999999999751 ) ) ;
#2622 = DIRECTION ( 'NONE',  ( -0.000000000000000000, -0.000000000000000000, 1.000000000000000000 ) ) ;
#2623 = VERTEX_POINT ( 'NONE', #6539 ) ;
#2624 = VERTEX_POINT ( 'NONE', #2822 ) ;
#2625 = CARTESIAN_POINT ( 'NONE',  ( 3.751816608296656863, -4.615807106755890565, 3.320000000000000728 ) ) ;
#2626 = CARTESIAN_POINT ( 'NONE',  ( -4.000000000000003553, -4.599999999999999645, 1.180000000000000160 ) ) ;
#2627 = CARTESIAN_POINT ( 'NONE',  ( 1.935927925857843235, 4.987745098039218838, 3.319999999999999840 ) ) ;
#2628 = VECTOR ( 'NONE', #6642, 1000.000000000000000 ) ;
#2629 = CARTESIAN_POINT ( 'NONE',  ( 9.099999999999997868, -2.500000000000000000, 1.180000000000000160 ) ) ;
#2630 = DIRECTION ( 'NONE',  ( 0.000000000000000000, 1.000000000000000000, 0.000000000000000000 ) ) ;
#2631 = DIRECTION ( 'NONE',  ( 0.000000000000000000, -0.000000000000000000, 1.000000000000000000 ) ) ;
#2632 = CARTESIAN_POINT ( 'NONE',  ( -0.5987466021290097640, -13.35638722387813360, 3.719999999999997087 ) ) ;
#2633 = LINE ( 'NONE', #3414, #1087 ) ;
#2634 = CARTESIAN_POINT ( 'NONE',  ( 4.576445481037232810, -5.833092317784414504, 3.719999999999999751 ) ) ;
#2635 = ORIENTED_EDGE ( 'NONE', *, *, #4962, .T. ) ;
#2636 = DIRECTION ( 'NONE',  ( -0.000000000000000000, -1.000000000000000000, -0.000000000000000000 ) ) ;
#2637 = VECTOR ( 'NONE', #6022, 1000.000000000000000 ) ;
#2638 = CARTESIAN_POINT ( 'NONE',  ( -4.400000000000003020, 6.600000000000001421, 3.720000000000000195 ) ) ;
#2639 = ORIENTED_EDGE ( 'NONE', *, *, #7785, .T. ) ;
#2640 = ORIENTED_EDGE ( 'NONE', *, *, #3763, .T. ) ;
#2641 = EDGE_CURVE ( 'NONE', #7788, #6988, #4095, .T. ) ;
#2642 = CARTESIAN_POINT ( 'NONE',  ( 11.69999999999999929, -16.60000000000000497, -1.500000000000000000 ) ) ;
#2643 = CARTESIAN_POINT ( 'NONE',  ( 0.08651960784313711406, 6.364162071078435012, 3.720000000000001084 ) ) ;
#2644 = CARTESIAN_POINT ( 'NONE',  ( 1.024465089744439616, -5.384467850784414367, 3.720000000000000639 ) ) ;
#2645 = ORIENTED_EDGE ( 'NONE', *, *, #1009, .F. ) ;
#2646 = CARTESIAN_POINT ( 'NONE',  ( 4.677818627450980316, 6.302150352328435012, 3.720000000000000195 ) ) ;
#2647 = DIRECTION ( 'NONE',  ( -1.000000000000000000, 0.000000000000000000, -0.000000000000000000 ) ) ;
#2648 = CARTESIAN_POINT ( 'NONE',  ( 3.433275238834903487, -7.645193793492789602, 3.320000000000001616 ) ) ;
#2649 = VECTOR ( 'NONE', #5722, 1000.000000000000000 ) ;
#2650 = ORIENTED_EDGE ( 'NONE', *, *, #3325, .F. ) ;
#2651 = CARTESIAN_POINT ( 'NONE',  ( -13.50000000000000355, 15.79999999999999893, 3.520000000000001350 ) ) ;
#2652 = EDGE_LOOP ( 'NONE', ( #3543, #4425, #3530, #4231 ) ) ;
#2653 = EDGE_CURVE ( 'NONE', #2562, #4598, #1025, .T. ) ;
#2654 = DIRECTION ( 'NONE',  ( 1.000000000000000000, 0.000000000000000000, -0.000000000000000000 ) ) ;
#2655 = CARTESIAN_POINT ( 'NONE',  ( -0.2961969039688158167, -3.259653733640624385, 3.720000000000000639 ) ) ;
#2656 = EDGE_LOOP ( 'NONE', ( #6833, #2242, #6718, #3707 ) ) ;
#2657 = CARTESIAN_POINT ( 'NONE',  ( -5.000000000000002665, 16.40000000000000568, 2.720000000000000195 ) ) ;
#2658 = CARTESIAN_POINT ( 'NONE',  ( -3.600000000000004086, -13.90000000000000391, 1.180000000000000160 ) ) ;
#2659 = CARTESIAN_POINT ( 'NONE',  ( 0.3793862580545635521, 7.246384824975100614, 3.320000000000000284 ) ) ;
#2660 = CARTESIAN_POINT ( 'NONE',  ( 4.545881599059735656, 0.2742940497700653291, 3.719999999999999751 ) ) ;
#2661 = CARTESIAN_POINT ( 'NONE',  ( -2.700000000000005507, 8.900000000000000355, 1.180000000000000160 ) ) ;
#2662 = EDGE_CURVE ( 'NONE', #1976, #3493, #6578, .T. ) ;
#2663 = ORIENTED_EDGE ( 'NONE', *, *, #4620, .F. ) ;
#2664 = ORIENTED_EDGE ( 'NONE', *, *, #4498, .T. ) ;
#2665 = EDGE_CURVE ( 'NONE', #521, #4787, #569, .T. ) ;
#2666 = CARTESIAN_POINT ( 'NONE',  ( 1.986996400122548856, 3.820465686274513661, 3.720000000000000195 ) ) ;
#2667 = DIRECTION ( 'NONE',  ( -1.000000000000000000, -1.482669637587014767E-16, 0.000000000000000000 ) ) ;
#2668 = VECTOR ( 'NONE', #6072, 1000.000000000000000 ) ;
#2669 = DIRECTION ( 'NONE',  ( -1.000000000000000000, 0.000000000000000000, 0.000000000000000000 ) ) ;
#2670 = CARTESIAN_POINT ( 'NONE',  ( 3.185488916432714923, -9.026341288928311002, 3.320000000000001172 ) ) ;
#2671 = DIRECTION ( 'NONE',  ( -0.000000000000000000, -0.000000000000000000, 1.000000000000000000 ) ) ;
#2672 = CARTESIAN_POINT ( 'NONE',  ( -11.70000000000000462, 16.40000000000000213, 1.180000000000000160 ) ) ;
#2673 = B_SPLINE_CURVE_WITH_KNOTS ( 'NONE', 3,
 ( #6306, #710, #5691, #4629, #6635, #2754, #4673, #2146, #7162, #1575, #340 ),
 .UNSPECIFIED., .F., .F.,
 ( 4, 1, 1, 1, 1, 1, 1, 1, 4 ),
 ( 0.000000000000000000, 0.1496270988372160327, 0.2827135597320806215, 0.4054430627062985404, 0.5201329455049316097, 0.6339143440074570535, 0.7476241818749123080, 0.8684823930754067556, 1.000000000000000000 ),
 .UNSPECIFIED. ) ;
#2674 = EDGE_CURVE ( 'NONE', #5953, #2403, #530, .T. ) ;
#2675 = CARTESIAN_POINT ( 'NONE',  ( -5.600000000000004086, -16.30000000000000071, 2.720000000000000195 ) ) ;
#2676 = CARTESIAN_POINT ( 'NONE',  ( 1.190849515199450481, -5.347918996679600134, 3.719999999999998419 ) ) ;
#2677 = CARTESIAN_POINT ( 'NONE',  ( 9.099999999999996092, 10.10000000000000142, 3.720000000000000195 ) ) ;
#2678 = ORIENTED_EDGE ( 'NONE', *, *, #4498, .F. ) ;
#2679 = CARTESIAN_POINT ( 'NONE',  ( -0.6883293878983266501, 1.680735994199329619, 3.319999999999999840 ) ) ;
#2680 = CARTESIAN_POINT ( 'NONE',  ( 4.558290901122947325, -3.152735213634149325, 3.319999999999999840 ) ) ;
#2681 = ORIENTED_EDGE ( 'NONE', *, *, #5359, .F. ) ;
#2682 = VECTOR ( 'NONE', #7621, 1000.000000000000000 ) ;
#2683 = ORIENTED_EDGE ( 'NONE', *, *, #457, .F. ) ;
#2684 = DIRECTION ( 'NONE',  ( 0.000000000000000000, -0.000000000000000000, -1.000000000000000000 ) ) ;
#2685 = CARTESIAN_POINT ( 'NONE',  ( -1.300000000000004263, 12.40000000000000213, 3.720000000000000195 ) ) ;
#2686 = CARTESIAN_POINT ( 'NONE',  ( 0.7280575301023723966, -5.495202793758052984, 3.720000000000000195 ) ) ;
#2687 = CARTESIAN_POINT ( 'NONE',  ( 2.732352941176470651, -11.92078354779411598, 3.319999999999999840 ) ) ;
#2688 = PLANE ( 'NONE',  #3364 ) ;
#2689 = EDGE_CURVE ( 'NONE', #4050, #4952, #1221, .T. ) ;
#2690 = VECTOR ( 'NONE', #1811, 1000.000000000000000 ) ;
#2691 = VERTEX_POINT ( 'NONE', #7955 ) ;
#2692 = FACE_OUTER_BOUND ( 'NONE', #2944, .T. ) ;
#2693 = ORIENTED_EDGE ( 'NONE', *, *, #2238, .T. ) ;
#2694 = CARTESIAN_POINT ( 'NONE',  ( 4.428555836397059409, 2.964460784313727171, 3.720000000000000195 ) ) ;
#2695 = CARTESIAN_POINT ( 'NONE',  ( -0.6321831313066192948, -3.093102164451828617, 3.320000000000000728 ) ) ;
#2696 = VERTEX_POINT ( 'NONE', #6816 ) ;
#2697 = DIRECTION ( 'NONE',  ( 0.000000000000000000, 1.000000000000000000, 0.000000000000000000 ) ) ;
#2698 = LINE ( 'NONE', #3893, #1648 ) ;
#2699 = VECTOR ( 'NONE', #6758, 1000.000000000000000 ) ;
#2700 = CARTESIAN_POINT ( 'NONE',  ( 4.427339920343137614, -12.36580882352940947, 3.319999999999999840 ) ) ;
#2701 = DIRECTION ( 'NONE',  ( 1.000000000000000000, 0.000000000000000000, 0.000000000000000000 ) ) ;
#2702 = CIRCLE ( 'NONE', #5562, 0.5999999999999998668 ) ;
#2703 = CARTESIAN_POINT ( 'NONE',  ( -0.3957197657110390621, -13.45277371918336939, 3.720000000000000639 ) ) ;
#2704 = EDGE_CURVE ( 'NONE', #2756, #4563, #7468, .T. ) ;
#2705 = AXIS2_PLACEMENT_3D ( 'NONE', #2305, #306, #270 ) ;
#2706 = VECTOR ( 'NONE', #1371, 1000.000000000000000 ) ;
#2707 = ORIENTED_EDGE ( 'NONE', *, *, #5890, .F. ) ;
#2708 = CONICAL_SURFACE ( 'NONE', #5959, 0.7999999999999986011, 0.7853981633974653764 ) ;
#2709 = VERTEX_POINT ( 'NONE', #4329 ) ;
#2710 = CARTESIAN_POINT ( 'NONE',  ( 4.261889006266472713, -5.136666990335138294, 3.319999999999999396 ) ) ;
#2711 = PLANE ( 'NONE',  #999 ) ;
#2712 = CARTESIAN_POINT ( 'NONE',  ( -5.000000000000000888, 4.899999999999999467, 0.000000000000000000 ) ) ;
#2713 = EDGE_CURVE ( 'NONE', #7396, #2696, #3065, .T. ) ;
#2714 = CARTESIAN_POINT ( 'NONE',  ( 3.185488916432714923, -9.026341288928311002, 3.720000000000000195 ) ) ;
#2715 = LINE ( 'NONE', #267, #755 ) ;
#2716 = CARTESIAN_POINT ( 'NONE',  ( 1.935927925857843235, 4.987745098039218838, 3.720000000000000195 ) ) ;
#2717 = VECTOR ( 'NONE', #7327, 1000.000000000000000 ) ;
#2718 = ADVANCED_FACE ( 'NONE', ( #5469 ), #3677, .T. ) ;
#2719 = CARTESIAN_POINT ( 'NONE',  ( 4.600000000000000533, -12.91297104779411775, 3.320000000000000284 ) ) ;
#2720 = CARTESIAN_POINT ( 'NONE',  ( 1.883217834515139355, -5.284872614925824941, 3.719999999999999307 ) ) ;
#2721 = CARTESIAN_POINT ( 'NONE',  ( 0.7395579345564770035, -10.98651452360902603, 3.320000000000001172 ) ) ;
#2722 = VERTEX_POINT ( 'NONE', #4213 ) ;
#2723 = LINE ( 'NONE', #7083, #4155 ) ;
#2724 = EDGE_CURVE ( 'NONE', #138, #2997, #6164, .T. ) ;
#2725 = DIRECTION ( 'NONE',  ( 0.000000000000000000, -0.000000000000000000, -1.000000000000000000 ) ) ;
#2726 = VERTEX_POINT ( 'NONE', #4293 ) ;
#2727 = ORIENTED_EDGE ( 'NONE', *, *, #4789, .F. ) ;
#2728 = AXIS2_PLACEMENT_3D ( 'NONE', #889, #7661, #4038 ) ;
#2729 = DIRECTION ( 'NONE',  ( -0.000000000000000000, 0.000000000000000000, -1.000000000000000000 ) ) ;
#2730 = CARTESIAN_POINT ( 'NONE',  ( 11.59333333333333194, -1.393333333333393487, 1.813333333333462249 ) ) ;
#2731 = CARTESIAN_POINT ( 'NONE',  ( 12.50000000000000711, 15.80000000000000071, -1.500000000000000000 ) ) ;
#2732 = CARTESIAN_POINT ( 'NONE',  ( -0.2372804648926430948, -1.367747754610546762, 3.719999999999998419 ) ) ;
#2733 = VECTOR ( 'NONE', #4067, 1000.000000000000000 ) ;
#2734 = ORIENTED_EDGE ( 'NONE', *, *, #4308, .F. ) ;
#2735 = DIRECTION ( 'NONE',  ( 0.000000000000000000, 0.000000000000000000, 1.000000000000000000 ) ) ;
#2736 = VERTEX_POINT ( 'NONE', #7432 ) ;
#2737 = CARTESIAN_POINT ( 'NONE',  ( -0.3508528326112009821, 4.839849188730313223, 3.720000000000001084 ) ) ;
#2738 = CARTESIAN_POINT ( 'NONE',  ( -0.4783067767883101840, -7.943131122465747040, 3.319999999999998508 ) ) ;
#2739 = ORIENTED_EDGE ( 'NONE', *, *, #2261, .F. ) ;
#2740 = CARTESIAN_POINT ( 'NONE',  ( 4.536551454078328938, -12.42960075587483004, 3.720000000000000195 ) ) ;
#2741 = DIRECTION ( 'NONE',  ( 1.000000000000000000, 0.000000000000000000, 0.000000000000000000 ) ) ;
#2742 = CARTESIAN_POINT ( 'NONE',  ( 2.992843763966191339, -5.438127465509547953, 3.319999999999998952 ) ) ;
#2743 = FACE_OUTER_BOUND ( 'NONE', #7342, .T. ) ;
#2744 = DIRECTION ( 'NONE',  ( -0.000000000000000000, -0.000000000000000000, -1.000000000000000000 ) ) ;
#2745 = EDGE_LOOP ( 'NONE', ( #3282, #7407, #5923, #3611 ) ) ;
#2746 = ORIENTED_EDGE ( 'NONE', *, *, #6556, .F. ) ;
#2747 = CARTESIAN_POINT ( 'NONE',  ( -13.30000000000000426, 5.500000000000000000, 6.240000000000000213 ) ) ;
#2748 = CARTESIAN_POINT ( 'NONE',  ( 13.49999999999999645, 15.80000000000000071, -1.800000000000010481 ) ) ;
#2749 = CARTESIAN_POINT ( 'NONE',  ( -1.500000000000003775, -4.899999999999999467, 1.180000000000000160 ) ) ;
#2750 = EDGE_CURVE ( 'NONE', #1593, #5718, #648, .T. ) ;
#2751 = CARTESIAN_POINT ( 'NONE',  ( 12.50000000000000000, -16.60000000000000142, -2.000000000000000000 ) ) ;
#2752 = DIRECTION ( 'NONE',  ( 1.000000000000000000, 0.000000000000000000, 0.000000000000000000 ) ) ;
#2753 = CARTESIAN_POINT ( 'NONE',  ( 8.499999999999994671, 10.10000000000000142, 3.520000000000008455 ) ) ;
#2754 = CARTESIAN_POINT ( 'NONE',  ( -0.5987466021290097640, -13.35638722387813360, 3.319999999999998952 ) ) ;
#2755 = CARTESIAN_POINT ( 'NONE',  ( 0.09081116922072930697, -6.449909638619353736, 3.719999999999997531 ) ) ;
#2756 = VERTEX_POINT ( 'NONE', #4855 ) ;
#2757 = ADVANCED_FACE ( 'NONE', ( #7349 ), #53, .T. ) ;
#2758 = DIRECTION ( 'NONE',  ( 1.000000000000000000, 0.000000000000000000, 0.000000000000000000 ) ) ;
#2759 = VERTEX_POINT ( 'NONE', #6321 ) ;
#2760 = CARTESIAN_POINT ( 'NONE',  ( -0.07641314338235286052, 1.090734145220590312, 3.319999999999999840 ) ) ;
#2761 = CARTESIAN_POINT ( 'NONE',  ( 4.441676628387185133, -3.259728861054607130, 3.320000000000000284 ) ) ;
#2762 = EDGE_CURVE ( 'NONE', #1992, #6702, #4446, .T. ) ;
#2763 = CARTESIAN_POINT ( 'NONE',  ( 4.467303429947890869, -3.257188697702243729, 3.719999999999998863 ) ) ;
#2764 = ADVANCED_FACE ( 'NONE', ( #5791 ), #812, .F. ) ;
#2765 = CARTESIAN_POINT ( 'NONE',  ( 10.69999999999999751, 12.59999999999999964, 3.520000000000008455 ) ) ;
#2766 = CARTESIAN_POINT ( 'NONE',  ( 4.599999999999999645, -2.757640165441175295, 3.319999999999999840 ) ) ;
#2767 = VECTOR ( 'NONE', #1145, 1000.000000000000000 ) ;
#2768 = CARTESIAN_POINT ( 'NONE',  ( 1.226054338099080931, 5.052794362021231223, 3.319999999999998508 ) ) ;
#2769 = CARTESIAN_POINT ( 'NONE',  ( -0.6885491716130018869, -1.988378552581034686, 3.320000000000000284 ) ) ;
#2770 = B_SPLINE_CURVE_WITH_KNOTS ( 'NONE', 3,
 ( #7355, #3601, #2419, #5629, #4298, #8041, #1154, #1885, #1846, #1724, #6170, #3683, #4219, #617, #5592, #535, #1765, #8, #6707 ),
 .UNSPECIFIED., .F., .F.,
 ( 4, 1, 1, 1, 1, 1, 1, 1, 1, 1, 1, 1, 1, 1, 1, 1, 4 ),
 ( 0.000000000000000000, 0.07077019184625327197, 0.1375336611081275362, 0.2006169793581458471, 0.2605909862899951079, 0.3180484184502688771, 0.3738017586695284167, 0.4280094535277584322, 0.4819743408048480782, 0.5367224813496765945, 0.5930029318567960894, 0.6511908046063097366, 0.7126164670794574718, 0.7776415481961820308, 0.8467913329680990531, 0.9207926398634125320, 1.000000000000000000 ),
 .UNSPECIFIED. ) ;
#2771 = B_SPLINE_CURVE_WITH_KNOTS ( 'NONE', 3,
 ( #5925, #332, #7189, #2828, #375, #7802, #1601, #2219, #2869, #1029, #3523, #5352, #2255, #4739, #6010, #414, #6132, #534, #3069 ),
 .UNSPECIFIED., .F., .F.,
 ( 4, 1, 1, 1, 1, 1, 1, 1, 1, 1, 1, 1, 1, 1, 1, 1, 4 ),
 ( 0.000000000000000000, 0.07077019184625327197, 0.1375336611081275362, 0.2006169793581458471, 0.2605909862899951079, 0.3180484184502688771, 0.3738017586695284167, 0.4280094535277584322, 0.4819743408048480782, 0.5367224813496765945, 0.5930029318567960894, 0.6511908046063097366, 0.7126164670794574718, 0.7776415481961820308, 0.8467913329680990531, 0.9207926398634125320, 1.000000000000000000 ),
 .UNSPECIFIED. ) ;
#2772 = ORIENTED_EDGE ( 'NONE', *, *, #5120, .T. ) ;
#2773 = CARTESIAN_POINT ( 'NONE',  ( 3.821813725490196045, -6.660730698529407690, 3.319999999999999840 ) ) ;
#2774 = ORIENTED_EDGE ( 'NONE', *, *, #3848, .F. ) ;
#2775 = FACE_BOUND ( 'NONE', #946, .T. ) ;
#2776 = DIRECTION ( 'NONE',  ( -1.000000000000000000, 0.000000000000000000, -0.000000000000000000 ) ) ;
#2777 = EDGE_LOOP ( 'NONE', ( #4284, #7824, #7872, #5711 ) ) ;
#2778 = CARTESIAN_POINT ( 'NONE',  ( 4.575653381375558659, -12.56040798296248084, 3.720000000000000195 ) ) ;
#2779 = CARTESIAN_POINT ( 'NONE',  ( -0.6683769651189270800, 5.536332959680291488, 3.320000000000000284 ) ) ;
#2780 = LINE ( 'NONE', #5231, #1084 ) ;
#2781 = AXIS2_PLACEMENT_3D ( 'NONE', #1392, #4422, #4496 ) ;
#2782 = CARTESIAN_POINT ( 'NONE',  ( 4.599755754264070795, -12.77537030374631932, 3.320000000000000728 ) ) ;
#2783 = CARTESIAN_POINT ( 'NONE',  ( -12.50000000000000178, 5.500000000000000000, 2.400000000000000355 ) ) ;
#2784 = ORIENTED_EDGE ( 'NONE', *, *, #6959, .T. ) ;
#2785 = VERTEX_POINT ( 'NONE', #7586 ) ;
#2786 = B_SPLINE_CURVE_WITH_KNOTS ( 'NONE', 3,
 ( #4996, #4431, #2591, #5643, #5606, #6834, #5082, #6798, #4386, #6878, #1239, #7450, #6223, #6343, #631, #5730, #3127, #5035, #6918 ),
 .UNSPECIFIED., .F., .F.,
 ( 4, 1, 1, 1, 1, 1, 1, 1, 1, 1, 1, 1, 1, 1, 1, 1, 4 ),
 ( 0.000000000000000000, 0.07998687184711987530, 0.1559865130290785662, 0.2277006833242030681, 0.2961486476827291381, 0.3608880826660946783, 0.4217378579292103691, 0.4798847986416893141, 0.5355057445050774856, 0.5892689189416134843, 0.6422809993223053127, 0.6946689085360283622, 0.7481243169006164262, 0.8040541819839501780, 0.8644630359991968271, 0.9290926937957373344, 1.000000000000000000 ),
 .UNSPECIFIED. ) ;
#2787 = CARTESIAN_POINT ( 'NONE',  ( 3.753962127863435416, 5.823168533006934489, 3.719999999999999307 ) ) ;
#2788 = CARTESIAN_POINT ( 'NONE',  ( -0.7678912903691766934, -6.496487466147222278, 3.720000000000001528 ) ) ;
#2789 = CARTESIAN_POINT ( 'NONE',  ( 0.1651700160415829344, 5.848665993130350849, 3.319999999999998952 ) ) ;
#2790 = CARTESIAN_POINT ( 'NONE',  ( -1.300000000000004263, 12.40000000000000213, 3.720000000000000195 ) ) ;
#2791 = CARTESIAN_POINT ( 'NONE',  ( 4.677818627450980316, 6.302150352328435012, 3.319999999999999840 ) ) ;
#2792 = CARTESIAN_POINT ( 'NONE',  ( 0.1203997042369237269, -6.988807842391528524, 3.319999999999999840 ) ) ;
#2793 = EDGE_CURVE ( 'NONE', #322, #5953, #3607, .T. ) ;
#2794 = CARTESIAN_POINT ( 'NONE',  ( 0.5430146463612659513, -11.05959743307815302, 3.320000000000001172 ) ) ;
#2795 = FACE_OUTER_BOUND ( 'NONE', #1173, .T. ) ;
#2796 = B_SPLINE_CURVE_WITH_KNOTS ( 'NONE', 3,
 ( #2012, #7560, #6254, #6415, #1933, #3151, #7027, #3847, #5632, #4495, #3277, #2659, #824, #51, #2536, #2582, #7521, #6908, #3808 ),
 .UNSPECIFIED., .F., .F.,
 ( 4, 1, 1, 1, 1, 1, 1, 1, 1, 1, 1, 1, 1, 1, 1, 1, 4 ),
 ( 0.000000000000000000, 0.07801658241315510833, 0.1520108989696596080, 0.2235235135621241320, 0.2913608410231871004, 0.3557436233543374571, 0.4173412190993511794, 0.4756446101987402697, 0.5316386042055218919, 0.5858325707155119799, 0.6390406953663664291, 0.6926000062315468275, 0.7470606306267163488, 0.8037278171866862886, 0.8639649962929042415, 0.9293068567077239495, 1.000000000000000000 ),
 .UNSPECIFIED. ) ;
#2797 = PRODUCT ( 'Case', 'Case', '', ( #3636 ) ) ;
#2798 = CARTESIAN_POINT ( 'NONE',  ( 3.060625051465307056, -4.277632616872093507, 3.720000000000001084 ) ) ;
#2799 = EDGE_LOOP ( 'NONE', ( #7984, #1819, #7055, #2036 ) ) ;
#2800 = CARTESIAN_POINT ( 'NONE',  ( -0.6246410562115255471, 1.443883236066313858, 3.320000000000001172 ) ) ;
#2801 = CARTESIAN_POINT ( 'NONE',  ( -0.6916666666666668739, 1.817851945465688068, 3.720000000000000195 ) ) ;
#2802 = EDGE_CURVE ( 'NONE', #6217, #4128, #5033, .T. ) ;
#2803 = DIRECTION ( 'NONE',  ( 1.000000000000000000, -8.673617379884037050E-15, 0.000000000000000000 ) ) ;
#2804 = CARTESIAN_POINT ( 'NONE',  ( -0.6916666666666668739, -11.82837392769607554, 3.720000000000000195 ) ) ;
#2805 = CARTESIAN_POINT ( 'NONE',  ( 0.9111222575578870053, -7.852334575879552858, 3.720000000000001528 ) ) ;
#2806 = CARTESIAN_POINT ( 'NONE',  ( 0.3144049315891143670, 5.581106239454067364, 3.319999999999999840 ) ) ;
#2807 = EDGE_CURVE ( 'NONE', #955, #322, #683, .T. ) ;
#2808 = FACE_OUTER_BOUND ( 'NONE', #4085, .T. ) ;
#2809 = CIRCLE ( 'NONE', #6586, 1.399999999999998801 ) ;
#2810 = ADVANCED_FACE ( 'NONE', ( #4411 ), #7018, .F. ) ;
#2811 = ORIENTED_EDGE ( 'NONE', *, *, #593, .T. ) ;
#2812 = CARTESIAN_POINT ( 'NONE',  ( -0.6916666666666668739, -2.154545802696076873, 3.319999999999999840 ) ) ;
#2813 = VERTEX_POINT ( 'NONE', #1919 ) ;
#2814 = CARTESIAN_POINT ( 'NONE',  ( 4.504493070247988840, 2.942070855261859741, 3.720000000000001528 ) ) ;
#2815 = CARTESIAN_POINT ( 'NONE',  ( -0.2018245391134898814, -8.348442092388266289, 3.720000000000001084 ) ) ;
#2816 = VERTEX_POINT ( 'NONE', #1427 ) ;
#2817 = CARTESIAN_POINT ( 'NONE',  ( 12.50000000000000178, 15.80000000000000071, -0.5000000000000000000 ) ) ;
#2818 = CARTESIAN_POINT ( 'NONE',  ( -0.7672072574601828121, 6.297585255155870421, 3.320000000000000284 ) ) ;
#2819 = CARTESIAN_POINT ( 'NONE',  ( 3.137180618666890464, -5.501334542793305360, 3.319999999999999840 ) ) ;
#2820 = VECTOR ( 'NONE', #4576, 1000.000000000000000 ) ;
#2821 = CARTESIAN_POINT ( 'NONE',  ( 4.600000000000000533, -12.91297104779411775, 3.320000000000000284 ) ) ;
#2822 = CARTESIAN_POINT ( 'NONE',  ( 13.29999999999999716, -3.299999999999998046, 3.720000000000000195 ) ) ;
#2823 = EDGE_CURVE ( 'NONE', #1471, #2483, #7254, .T. ) ;
#2824 = AXIS2_PLACEMENT_3D ( 'NONE', #2000, #2608, #3837 ) ;
#2825 = ORIENTED_EDGE ( 'NONE', *, *, #7703, .T. ) ;
#2826 = ORIENTED_EDGE ( 'NONE', *, *, #5503, .F. ) ;
#2827 = VECTOR ( 'NONE', #7923, 1000.000000000000000 ) ;
#2828 = CARTESIAN_POINT ( 'NONE',  ( -0.7330309488585280420, -6.027002268759130033, 3.320000000000000284 ) ) ;
#2829 = CARTESIAN_POINT ( 'NONE',  ( 9.500000000000001776, -3.900000000000000799, 1.180000000000000160 ) ) ;
#2830 = CARTESIAN_POINT ( 'NONE',  ( 0.3144049315891143670, 5.581106239454067364, 3.319999999999999840 ) ) ;
#2831 = AXIS2_PLACEMENT_3D ( 'NONE', #409, #7798, #3403 ) ;
#2832 = CARTESIAN_POINT ( 'NONE',  ( 9.800000000000000711, -3.600000000000000977, 2.720000000000000195 ) ) ;
#2833 = CARTESIAN_POINT ( 'NONE',  ( 0.7681262319355069978, -7.790958769725062183, 3.719999999999998419 ) ) ;
#2834 = AXIS2_PLACEMENT_3D ( 'NONE', #2038, #6891, #4521 ) ;
#2835 = EDGE_LOOP ( 'NONE', ( #2520, #6460, #6372, #4187 ) ) ;
#2836 = AXIS2_PLACEMENT_3D ( 'NONE', #5068, #7556, #1346 ) ;
#2837 = FACE_OUTER_BOUND ( 'NONE', #275, .T. ) ;
#2838 = DIRECTION ( 'NONE',  ( 0.000000000000000000, 0.000000000000000000, 1.000000000000000000 ) ) ;
#2839 = VERTEX_POINT ( 'NONE', #5662 ) ;
#2840 = FACE_OUTER_BOUND ( 'NONE', #2920, .T. ) ;
#2841 = CARTESIAN_POINT ( 'NONE',  ( 11.70000000000000107, -15.80000000000000071, -1.000000000000001332 ) ) ;
#2842 = CARTESIAN_POINT ( 'NONE',  ( 0.1643382352941175073, 1.944307215073531214, 3.319999999999999840 ) ) ;
#2843 = CARTESIAN_POINT ( 'NONE',  ( 11.69999999999999751, 17.60000000000000142, -1.800000000000010481 ) ) ;
#2844 = DIRECTION ( 'NONE',  ( -1.387778780781445676E-16, 1.000000000000000000, 0.000000000000000000 ) ) ;
#2845 = FACE_OUTER_BOUND ( 'NONE', #6704, .T. ) ;
#2846 = EDGE_CURVE ( 'NONE', #958, #3293, #6473, .T. ) ;
#2847 = DIRECTION ( 'NONE',  ( 0.7071067811865474617, 0.000000000000000000, 0.7071067811865474617 ) ) ;
#2848 = EDGE_CURVE ( 'NONE', #1792, #2225, #1479, .T. ) ;
#2849 = CARTESIAN_POINT ( 'NONE',  ( -11.69999999999999929, 16.60000000000000142, 2.720000000000000195 ) ) ;
#2850 = VECTOR ( 'NONE', #3745, 1000.000000000000000 ) ;
#2851 = ORIENTED_EDGE ( 'NONE', *, *, #4982, .T. ) ;
#2852 = CARTESIAN_POINT ( 'NONE',  ( 13.49999999999999645, -15.80000000000000071, -1.800000000000010481 ) ) ;
#2853 = EDGE_CURVE ( 'NONE', #3131, #6844, #3963, .T. ) ;
#2854 = ORIENTED_EDGE ( 'NONE', *, *, #5394, .T. ) ;
#2855 = CARTESIAN_POINT ( 'NONE',  ( -11.70000000000000107, 15.80000000000000071, 2.720000000000000195 ) ) ;
#2856 = CARTESIAN_POINT ( 'NONE',  ( 13.29999999999999716, -3.099999999999999645, 1.180000000000000160 ) ) ;
#2857 = ORIENTED_EDGE ( 'NONE', *, *, #4886, .F. ) ;
#2858 = B_SPLINE_CURVE_WITH_KNOTS ( 'NONE', 3,
 ( #2111, #5778, #235, #2721, #5211, #7081, #5514, #1886, #8001, #7438, #1155, #2947, #4980, #2420, #6749 ),
 .UNSPECIFIED., .F., .F.,
 ( 4, 1, 1, 1, 1, 1, 1, 1, 1, 1, 1, 1, 4 ),
 ( 0.000000000000000000, 0.08800667525339268826, 0.1692994239925851852, 0.2441880341257051668, 0.3141442368979481814, 0.3802678617435278907, 0.4421785746984972509, 0.5007996094790106989, 0.5584807794972254102, 0.6692880726537718816, 0.7779435630487006037, 0.8875320167062364929, 1.000000000000000000 ),
 .UNSPECIFIED. ) ;
#2859 = CARTESIAN_POINT ( 'NONE',  ( 4.467642206499518487, -12.36885799240190487, 3.719999999999999751 ) ) ;
#2860 = CARTESIAN_POINT ( 'NONE',  ( 1.986996400122548856, 3.820465686274513661, 3.319999999999999840 ) ) ;
#2861 = EDGE_CURVE ( 'NONE', #5627, #4361, #6857, .T. ) ;
#2862 = ORIENTED_EDGE ( 'NONE', *, *, #1606, .T. ) ;
#2863 = CARTESIAN_POINT ( 'NONE',  ( 1.951734834558823461, -5.284313725490193292, 3.320000000000000284 ) ) ;
#2864 = CARTESIAN_POINT ( 'NONE',  ( -0.6164900733481309958, 7.471104843200071954, 3.719999999999999751 ) ) ;
#2865 = LINE ( 'NONE', #5884, #3349 ) ;
#2866 = VERTEX_POINT ( 'NONE', #7020 ) ;
#2867 = ADVANCED_FACE ( 'NONE', ( #3926 ), #3342, .T. ) ;
#2868 = ORIENTED_EDGE ( 'NONE', *, *, #5090, .T. ) ;
#2869 = CARTESIAN_POINT ( 'NONE',  ( -0.2807895102048656999, -4.909588577961921274, 3.320000000000000284 ) ) ;
#2870 = CARTESIAN_POINT ( 'NONE',  ( -0.6859008748015062995, -5.766659049074329246, 3.720000000000000195 ) ) ;
#2871 = VECTOR ( 'NONE', #1491, 1000.000000000000000 ) ;
#2872 = CARTESIAN_POINT ( 'NONE',  ( 1.935927925857843235, 4.987745098039218838, 3.319999999999999840 ) ) ;
#2873 = ADVANCED_FACE ( 'NONE', ( #2161 ), #900, .F. ) ;
#2874 = CARTESIAN_POINT ( 'NONE',  ( 8.499999999999994671, 15.80000000000000426, 2.720000000000000195 ) ) ;
#2875 = CARTESIAN_POINT ( 'NONE',  ( 1.226054338099081154, -7.942916422292493728, 3.319999999999999840 ) ) ;
#2876 = ORIENTED_EDGE ( 'NONE', *, *, #1814, .T. ) ;
#2877 = ORIENTED_EDGE ( 'NONE', *, *, #928, .T. ) ;
#2878 = DIRECTION ( 'NONE',  ( -0.000000000000000000, -0.000000000000000000, 1.000000000000000000 ) ) ;
#2879 = CARTESIAN_POINT ( 'NONE',  ( -1.900000000000004130, 16.60000000000000142, 1.180000000000000160 ) ) ;
#2880 = ORIENTED_EDGE ( 'NONE', *, *, #2750, .T. ) ;
#2881 = EDGE_LOOP ( 'NONE', ( #6626, #3156, #5131, #510 ) ) ;
#2882 = CARTESIAN_POINT ( 'NONE',  ( -3.300000000000004263, -13.90000000000000391, 1.180000000000000160 ) ) ;
#2883 = DIRECTION ( 'NONE',  ( -1.000000000000000000, 0.000000000000000000, 0.000000000000000000 ) ) ;
#2884 = DIRECTION ( 'NONE',  ( 0.000000000000000000, -0.000000000000000000, -1.000000000000000000 ) ) ;
#2885 = CARTESIAN_POINT ( 'NONE',  ( 4.505787159548751752, 1.976345591718288608, 3.719999999999998863 ) ) ;
#2886 = CARTESIAN_POINT ( 'NONE',  ( -0.5021615049824817989, -10.69341571770276289, 3.319999999999999396 ) ) ;
#2887 = DIRECTION ( 'NONE',  ( -0.000000000000000000, -1.000000000000000000, -0.000000000000000000 ) ) ;
#2888 = CARTESIAN_POINT ( 'NONE',  ( 2.672588160371158317, 7.646500050904040613, 3.319999999999999396 ) ) ;
#2889 = CARTESIAN_POINT ( 'NONE',  ( -0.4791056565309638193, -1.505305900092980265, 3.719999999999998419 ) ) ;
#2890 = ADVANCED_FACE ( 'NONE', ( #2692 ), #1554, .T. ) ;
#2891 = EDGE_LOOP ( 'NONE', ( #636, #1821, #6047, #1778 ) ) ;
#2892 = VECTOR ( 'NONE', #552, 1000.000000000000000 ) ;
#2893 = CARTESIAN_POINT ( 'NONE',  ( 4.467884046924470276, -13.45193082964737741, 3.319999999999999396 ) ) ;
#2894 = EDGE_LOOP ( 'NONE', ( #518, #4368, #4023, #5917 ) ) ;
#2895 = CARTESIAN_POINT ( 'NONE',  ( 1.875240657404364519, -11.77203934974112265, 3.720000000000000639 ) ) ;
#2896 = CARTESIAN_POINT ( 'NONE',  ( 0.5934236856860697351, -8.922957216216792276, 3.319999999999999396 ) ) ;
#2897 = ORIENTED_EDGE ( 'NONE', *, *, #4069, .T. ) ;
#2898 = DIRECTION ( 'NONE',  ( 1.000000000000000000, -0.000000000000000000, 0.000000000000000000 ) ) ;
#2899 = DIRECTION ( 'NONE',  ( 0.000000000000000000, 0.000000000000000000, 1.000000000000000000 ) ) ;
#2900 = DIRECTION ( 'NONE',  ( 0.000000000000000000, 0.000000000000000000, 1.000000000000000000 ) ) ;
#2901 = CARTESIAN_POINT ( 'NONE',  ( -0.1262612786687403177, 8.252900450589415016, 3.720000000000001084 ) ) ;
#2902 = DIRECTION ( 'NONE',  ( 0.000000000000000000, 1.000000000000000000, 0.000000000000000000 ) ) ;
#2903 = EDGE_CURVE ( 'NONE', #3575, #7152, #5338, .T. ) ;
#2904 = EDGE_LOOP ( 'NONE', ( #2455, #5740, #1443, #4269, #5349, #7326, #4202, #7090, #2112 ) ) ;
#2905 = EDGE_LOOP ( 'NONE', ( #5420, #6234, #1748, #6759 ) ) ;
#2906 = CARTESIAN_POINT ( 'NONE',  ( 3.183552149108344942, 5.197708689601661547, 3.720000000000001528 ) ) ;
#2907 = DIRECTION ( 'NONE',  ( 1.000000000000000000, 0.000000000000000000, 0.000000000000000000 ) ) ;
#2908 = CARTESIAN_POINT ( 'NONE',  ( 0.6368783199567772391, 5.280326633819551141, 3.719999999999998419 ) ) ;
#2909 = AXIS2_PLACEMENT_3D ( 'NONE', #7563, #3849, #174 ) ;
#2910 = DIRECTION ( 'NONE',  ( -1.000000000000000000, 0.000000000000000000, 0.000000000000000000 ) ) ;
#2911 = CARTESIAN_POINT ( 'NONE',  ( 0.6368783199567772391, -7.715384150494173809, 3.719999999999999307 ) ) ;
#2912 = EDGE_CURVE ( 'NONE', #1466, #5725, #5874, .T. ) ;
#2913 = VECTOR ( 'NONE', #2168, 1000.000000000000000 ) ;
#2914 = EDGE_CURVE ( 'NONE', #4831, #54, #5224, .T. ) ;
#2915 = ORIENTED_EDGE ( 'NONE', *, *, #358, .F. ) ;
#2916 = VERTEX_POINT ( 'NONE', #321 ) ;
#2917 = CARTESIAN_POINT ( 'NONE',  ( 0.1672155743374217629, -11.75430410772768930, 3.719999999999999307 ) ) ;
#2918 = DIRECTION ( 'NONE',  ( 0.000000000000000000, 1.000000000000000000, 0.000000000000000000 ) ) ;
#2919 = ORIENTED_EDGE ( 'NONE', *, *, #921, .F. ) ;
#2920 = EDGE_LOOP ( 'NONE', ( #624, #6205, #3037, #1953 ) ) ;
#2921 = CARTESIAN_POINT ( 'NONE',  ( 0.09165065479024392392, -6.815384886959264144, 3.319999999999998952 ) ) ;
#2922 = CARTESIAN_POINT ( 'NONE',  ( -0.000000000000000000, -17.40000000000000924, -2.000000000000000000 ) ) ;
#2923 = CARTESIAN_POINT ( 'NONE',  ( 13.49999999999999645, 0.000000000000000000, -1.800000000000010481 ) ) ;
#2924 = VECTOR ( 'NONE', #5988, 1000.000000000000000 ) ;
#2925 = ADVANCED_FACE ( 'NONE', ( #4051 ), #6408, .F. ) ;
#2926 = LINE ( 'NONE', #4116, #1981 ) ;
#2927 = CARTESIAN_POINT ( 'NONE',  ( -0.6821589192363001208, -11.49570793545183989, 3.320000000000000728 ) ) ;
#2928 = PLANE ( 'NONE',  #7004 ) ;
#2929 = FACE_OUTER_BOUND ( 'NONE', #6554, .T. ) ;
#2930 = CARTESIAN_POINT ( 'NONE',  ( -3.600000000000004086, -13.60000000000000497, 1.180000000000000160 ) ) ;
#2931 = ORIENTED_EDGE ( 'NONE', *, *, #7102, .F. ) ;
#2932 = CARTESIAN_POINT ( 'NONE',  ( 4.441749906601927478, -13.45414949397772730, 3.319999999999998952 ) ) ;
#2933 = ORIENTED_EDGE ( 'NONE', *, *, #7842, .T. ) ;
#2934 = CARTESIAN_POINT ( 'NONE',  ( -11.70000000000000107, 15.80000000000000071, -1.000000000000001110 ) ) ;
#2935 = LINE ( 'NONE', #7988, #1268 ) ;
#2936 = VERTEX_POINT ( 'NONE', #4609 ) ;
#2937 = CARTESIAN_POINT ( 'NONE',  ( -0.6164900733481309958, 7.471104843200071954, 3.319999999999999396 ) ) ;
#2938 = CARTESIAN_POINT ( 'NONE',  ( -0.7270713678500889676, 5.807470412875842314, 3.319999999999999840 ) ) ;
#2939 = DIRECTION ( 'NONE',  ( -0.000000000000000000, -0.000000000000000000, 1.000000000000000000 ) ) ;
#2940 = DIRECTION ( 'NONE',  ( 1.000000000000000000, 0.000000000000000000, 0.000000000000000000 ) ) ;
#2941 = CARTESIAN_POINT ( 'NONE',  ( -11.70000000000000462, -17.60000000000000142, 3.520000000000001350 ) ) ;
#2942 = ORIENTED_EDGE ( 'NONE', *, *, #2415, .T. ) ;
#2943 = CARTESIAN_POINT ( 'NONE',  ( -0.2807895102048653113, 8.086122206351804564, 3.319999999999999396 ) ) ;
#2944 = EDGE_LOOP ( 'NONE', ( #1722, #6437, #331, #7392 ) ) ;
#2945 = CARTESIAN_POINT ( 'NONE',  ( 4.570242275100565799, 0.2158258089998628393, 3.320000000000000728 ) ) ;
#2946 = DIRECTION ( 'NONE',  ( -1.000000000000000000, -1.482669637587014767E-16, -0.000000000000000000 ) ) ;
#2947 = CARTESIAN_POINT ( 'NONE',  ( 0.1814483570549528246, -11.59610222280833014, 3.319999999999999840 ) ) ;
#2948 = CARTESIAN_POINT ( 'NONE',  ( 1.874290189447911814, 4.988193185642730398, 3.719999999999997975 ) ) ;
#2949 = CARTESIAN_POINT ( 'NONE',  ( -11.69999999999999929, -16.60000000000000497, -2.000000000000000000 ) ) ;
#2950 = EDGE_CURVE ( 'NONE', #54, #4180, #5185, .T. ) ;
#2951 = CARTESIAN_POINT ( 'NONE',  ( 4.576445481037233698, 7.162618466529310446, 3.720000000000000639 ) ) ;
#2952 = AXIS2_PLACEMENT_3D ( 'NONE', #4005, #2735, #2127 ) ;
#2953 = VECTOR ( 'NONE', #2234, 1000.000000000000000 ) ;
#2954 = VERTEX_POINT ( 'NONE', #4570 ) ;
#2955 = VERTEX_POINT ( 'NONE', #1512 ) ;
#2956 = CARTESIAN_POINT ( 'NONE',  ( -0.6883293878983266501, 1.680735994199329619, 3.720000000000000195 ) ) ;
#2957 = CARTESIAN_POINT ( 'NONE',  ( -0.5644151706192481743, -1.597481066871424993, 3.720000000000000195 ) ) ;
#2958 = VECTOR ( 'NONE', #3556, 1000.000000000000000 ) ;
#2959 = EDGE_CURVE ( 'NONE', #4571, #4180, #936, .T. ) ;
#2960 = VERTEX_POINT ( 'NONE', #1589 ) ;
#2961 = VERTEX_POINT ( 'NONE', #5299 ) ;
#2962 = CARTESIAN_POINT ( 'NONE',  ( 0.000000000000000000, 0.000000000000000000, 1.180000000000000160 ) ) ;
#2963 = EDGE_CURVE ( 'NONE', #6609, #3143, #5005, .T. ) ;
#2964 = CARTESIAN_POINT ( 'NONE',  ( 2.134980403403889060, -10.21865440045518270, 3.319999999999999396 ) ) ;
#2965 = CARTESIAN_POINT ( 'NONE',  ( -11.69999999999999929, -15.80000000000000426, -1.000000000000001332 ) ) ;
#2966 = VECTOR ( 'NONE', #7658, 1000.000000000000000 ) ;
#2967 = CIRCLE ( 'NONE', #2574, 0.2999999999999999334 ) ;
#2968 = VECTOR ( 'NONE', #4438, 1000.000000000000000 ) ;
#2969 = VECTOR ( 'NONE', #181, 1000.000000000000000 ) ;
#2970 = LINE ( 'NONE', #2359, #6024 ) ;
#2971 = CARTESIAN_POINT ( 'NONE',  ( 1.875240657404364519, -11.77203934974112265, 3.720000000000001084 ) ) ;
#2972 = DIRECTION ( 'NONE',  ( -1.000000000000000000, -0.000000000000000000, -0.000000000000000000 ) ) ;
#2973 = CARTESIAN_POINT ( 'NONE',  ( 2.728876729452371919, -11.67059778721656116, 3.320000000000000284 ) ) ;
#2974 = EDGE_CURVE ( 'NONE', #4689, #688, #2366, .T. ) ;
#2975 = CARTESIAN_POINT ( 'NONE',  ( -0.6916666666666668739, 2.540106081495100199, 3.720000000000000195 ) ) ;
#2976 = EDGE_LOOP ( 'NONE', ( #6968, #3890, #3453, #1633 ) ) ;
#2977 = CARTESIAN_POINT ( 'NONE',  ( 4.505400134665674905, -13.43135212303997506, 3.720000000000001084 ) ) ;
#2978 = ORIENTED_EDGE ( 'NONE', *, *, #5597, .F. ) ;
#2979 = DIRECTION ( 'NONE',  ( 1.000000000000000000, 0.000000000000000000, 0.000000000000000000 ) ) ;
#2980 = CARTESIAN_POINT ( 'NONE',  ( 1.367406743332829411, 7.677094390814788838, 3.720000000000001084 ) ) ;
#2981 = ORIENTED_EDGE ( 'NONE', *, *, #5837, .F. ) ;
#2982 = CARTESIAN_POINT ( 'NONE',  ( -0.7694852941176472116, 6.400639552696082646, 3.319999999999999840 ) ) ;
#2983 = VERTEX_POINT ( 'NONE', #3055 ) ;
#2984 = PLANE ( 'NONE',  #3159 ) ;
#2985 = FACE_OUTER_BOUND ( 'NONE', #2338, .T. ) ;
#2986 = DIRECTION ( 'NONE',  ( 1.000000000000000000, 0.000000000000000000, -0.000000000000000000 ) ) ;
#2987 = ORIENTED_EDGE ( 'NONE', *, *, #401, .F. ) ;
#2988 = CARTESIAN_POINT ( 'NONE',  ( 3.041169989447175759, -7.859560194726286753, 3.320000000000000284 ) ) ;
#2989 = ORIENTED_EDGE ( 'NONE', *, *, #6448, .F. ) ;
#2990 = CARTESIAN_POINT ( 'NONE',  ( 4.515179031723806524, 0.3207697733707685073, 3.319999999999999840 ) ) ;
#2991 = CARTESIAN_POINT ( 'NONE',  ( 9.500000000000001776, -3.600000000000000977, 1.180000000000000160 ) ) ;
#2992 = CARTESIAN_POINT ( 'NONE',  ( 4.505652507442064802, -2.271450203013001712, 3.720000000000000195 ) ) ;
#2993 = CARTESIAN_POINT ( 'NONE',  ( 0.1643382352941175351, -11.91470396752451144, 3.320000000000000284 ) ) ;
#2994 = DIRECTION ( 'NONE',  ( 0.000000000000000000, 0.7071067811865597852, -0.7071067811865352493 ) ) ;
#2995 = CARTESIAN_POINT ( 'NONE',  ( 3.060625051465306168, 8.718078167441632331, 3.319999999999998952 ) ) ;
#2996 = VERTEX_POINT ( 'NONE', #1629 ) ;
#2997 = VERTEX_POINT ( 'NONE', #560 ) ;
#2998 = ADVANCED_FACE ( 'NONE', ( #4123 ), #5416, .T. ) ;
#2999 = CARTESIAN_POINT ( 'NONE',  ( 1.999654359078481436, -4.118560019133944650, 3.319999999999999840 ) ) ;
#3000 = CARTESIAN_POINT ( 'NONE',  ( 4.600000000000000533, -12.91297104779411775, 3.320000000000000284 ) ) ;
#3001 = ORIENTED_EDGE ( 'NONE', *, *, #2025, .F. ) ;
#3002 = B_SPLINE_CURVE_WITH_KNOTS ( 'NONE', 3,
 ( #5060, #77, #6367, #122, #771, #6277, #7625, #2605, #4525, #3835, #681 ),
 .UNSPECIFIED., .F., .F.,
 ( 4, 1, 1, 1, 1, 1, 1, 1, 4 ),
 ( 0.000000000000000000, 0.2109570858669660431, 0.3885968233184847187, 0.5374604568960913431, 0.6610209049705478845, 0.7626570072190230754, 0.8498686855650606775, 0.9260551723185683759, 0.9999999999999998890 ),
 .UNSPECIFIED. ) ;
#3003 = EDGE_LOOP ( 'NONE', ( #7424, #7580, #2981, #8021 ) ) ;
#3004 = CARTESIAN_POINT ( 'NONE',  ( 1.062979278766167823, -7.905839093357037051, 3.319999999999999396 ) ) ;
#3005 = DIRECTION ( 'NONE',  ( -1.000000000000000000, -2.891205793294679312E-16, 0.000000000000000000 ) ) ;
#3006 = DIRECTION ( 'NONE',  ( 0.7071067811865486830, -2.096811509994361588E-16, -0.7071067811865464625 ) ) ;
#3007 = VECTOR ( 'NONE', #7238, 1000.000000000000000 ) ;
#3008 = EDGE_CURVE ( 'NONE', #5655, #3575, #5535, .T. ) ;
#3009 = CARTESIAN_POINT ( 'NONE',  ( 1.935927925857843235, 4.987745098039218838, 3.319999999999999840 ) ) ;
#3010 = CARTESIAN_POINT ( 'NONE',  ( 1.841123431192528193, -11.55912536171849148, 3.720000000000000639 ) ) ;
#3011 = ORIENTED_EDGE ( 'NONE', *, *, #5897, .T. ) ;
#3012 = CARTESIAN_POINT ( 'NONE',  ( 2.731169479810037437, -11.83560887905267300, 3.719999999999999751 ) ) ;
#3013 = CARTESIAN_POINT ( 'NONE',  ( -0.5191279660905038229, 2.908105627080483480, 3.319999999999998952 ) ) ;
#3014 = ADVANCED_FACE ( 'NONE', ( #1092 ), #6445, .T. ) ;
#3015 = ORIENTED_EDGE ( 'NONE', *, *, #858, .T. ) ;
#3016 = ADVANCED_FACE ( 'NONE', ( #4285 ), #7948, .F. ) ;
#3017 = DIRECTION ( 'NONE',  ( 1.000000000000000000, -0.000000000000000000, 0.000000000000000000 ) ) ;
#3018 = ORIENTED_EDGE ( 'NONE', *, *, #6705, .F. ) ;
#3019 = CARTESIAN_POINT ( 'NONE',  ( 1.682008802342621179, -11.24419920193286515, 3.319999999999999840 ) ) ;
#3020 = DIRECTION ( 'NONE',  ( 0.000000000000000000, 0.000000000000000000, -1.000000000000000000 ) ) ;
#3021 = AXIS2_PLACEMENT_3D ( 'NONE', #7208, #4196, #7817 ) ;
#3022 = CARTESIAN_POINT ( 'NONE',  ( 0.7114590718654819623, 8.724780530516653698, 3.319999999999999396 ) ) ;
#3023 = VERTEX_POINT ( 'NONE', #7904 ) ;
#3024 = DIRECTION ( 'NONE',  ( 1.000000000000000000, 0.000000000000000000, 0.000000000000000000 ) ) ;
#3025 = DIRECTION ( 'NONE',  ( 0.000000000000000000, 0.7071067811865433539, -0.7071067811865517916 ) ) ;
#3026 = DIRECTION ( 'NONE',  ( -1.000000000000000000, 0.000000000000000000, 0.000000000000000000 ) ) ;
#3027 = ORIENTED_EDGE ( 'NONE', *, *, #649, .T. ) ;
#3028 = CARTESIAN_POINT ( 'NONE',  ( -0.4148385620766562587, 7.900636360568070948, 3.319999999999999840 ) ) ;
#3029 = ORIENTED_EDGE ( 'NONE', *, *, #2500, .T. ) ;
#3030 = LINE ( 'NONE', #5548, #2308 ) ;
#3031 = LINE ( 'NONE', #6862, #1655 ) ;
#3032 = CARTESIAN_POINT ( 'NONE',  ( 4.442930326586222556, -2.250594266657886422, 3.720000000000001084 ) ) ;
#3033 = CARTESIAN_POINT ( 'NONE',  ( -11.70000000000000462, -17.40000000000000213, 3.720000000000000195 ) ) ;
#3034 = DIRECTION ( 'NONE',  ( -0.5773502691896390537, 0.5773502691896190697, 0.5773502691896190697 ) ) ;
#3035 = VECTOR ( 'NONE', #1897, 1000.000000000000000 ) ;
#3036 = LINE ( 'NONE', #503, #429 ) ;
#3037 = ORIENTED_EDGE ( 'NONE', *, *, #3799, .F. ) ;
#3038 = VERTEX_POINT ( 'NONE', #6731 ) ;
#3039 = CARTESIAN_POINT ( 'NONE',  ( -0.6246410562115255471, 1.443883236066313858, 3.720000000000001528 ) ) ;
#3040 = CARTESIAN_POINT ( 'NONE',  ( 4.424908088235294024, -0.7307081035539197966, 3.319999999999999840 ) ) ;
#3041 = ORIENTED_EDGE ( 'NONE', *, *, #7132, .F. ) ;
#3042 = VERTEX_POINT ( 'NONE', #7301 ) ;
#3043 = LINE ( 'NONE', #2355, #5701 ) ;
#3044 = DIRECTION ( 'NONE',  ( 1.626303258728256651E-16, 1.000000000000000000, 0.000000000000000000 ) ) ;
#3045 = EDGE_CURVE ( 'NONE', #5088, #5605, #1708, .T. ) ;
#3046 = CARTESIAN_POINT ( 'NONE',  ( 9.800000000000000711, -3.900000000000000799, 2.720000000000000195 ) ) ;
#3047 = CARTESIAN_POINT ( 'NONE',  ( 13.49999999999999645, 0.000000000000000000, -2.000000000000000000 ) ) ;
#3048 = CARTESIAN_POINT ( 'NONE',  ( 1.339058118298168676, -11.01670192371569534, 3.720000000000000195 ) ) ;
#3049 = ORIENTED_EDGE ( 'NONE', *, *, #3878, .T. ) ;
#3050 = CARTESIAN_POINT ( 'NONE',  ( 1.111951502419930904, -9.801975420596745536, 3.720000000000000195 ) ) ;
#3051 = ADVANCED_FACE ( 'NONE', ( #522 ), #5497, .F. ) ;
#3052 = CARTESIAN_POINT ( 'NONE',  ( -0.02759050471766374621, -10.06940707216745068, 3.320000000000000728 ) ) ;
#3053 = ORIENTED_EDGE ( 'NONE', *, *, #1670, .F. ) ;
#3054 = AXIS2_PLACEMENT_3D ( 'NONE', #5944, #2085, #7744 ) ;
#3055 = CARTESIAN_POINT ( 'NONE',  ( -13.50000000000000355, 4.299999999999999822, 1.000000000000001776 ) ) ;
#3056 = ORIENTED_EDGE ( 'NONE', *, *, #4936, .T. ) ;
#3057 = CARTESIAN_POINT ( 'NONE',  ( 1.841123431192528193, -11.55912536171849148, 3.320000000000000284 ) ) ;
#3058 = CARTESIAN_POINT ( 'NONE',  ( 4.599630733987603470, -13.04853303498810568, 3.720000000000000195 ) ) ;
#3059 = ADVANCED_FACE ( 'NONE', ( #1177 ), #3669, .F. ) ;
#3060 = CARTESIAN_POINT ( 'NONE',  ( -0.6916666666666668739, -2.857345281862743391, 3.319999999999999840 ) ) ;
#3061 = B_SPLINE_CURVE_WITH_KNOTS ( 'NONE', 3,
 ( #2694, #323, #7100, #2814, #7217, #1514, #1017, #3433, #4692, #5187, #6495 ),
 .UNSPECIFIED., .F., .F.,
 ( 4, 1, 1, 1, 1, 1, 1, 1, 4 ),
 ( 0.000000000000000000, 0.06743523449480771925, 0.1326149057624723127, 0.2077145321105981490, 0.3018009635754654307, 0.4225082214689079851, 0.5744864003002586594, 0.7646871824132088769, 1.000000000000000000 ),
 .UNSPECIFIED. ) ;
#3062 = CARTESIAN_POINT ( 'NONE',  ( 2.732352941176470651, -11.92078354779411598, 3.720000000000000195 ) ) ;
#3063 = EDGE_CURVE ( 'NONE', #2839, #5169, #2593, .T. ) ;
#3064 = LINE ( 'NONE', #8031, #3828 ) ;
#3065 = LINE ( 'NONE', #6088, #6089 ) ;
#3066 = ORIENTED_EDGE ( 'NONE', *, *, #6100, .F. ) ;
#3067 = CARTESIAN_POINT ( 'NONE',  ( 3.535695553811072589, -7.547309634191011973, 3.720000000000000195 ) ) ;
#3068 = ORIENTED_EDGE ( 'NONE', *, *, #1971, .F. ) ;
#3069 = CARTESIAN_POINT ( 'NONE',  ( 1.893370863970587958, -4.117034313725486783, 3.319999999999999840 ) ) ;
#3070 = FACE_OUTER_BOUND ( 'NONE', #2881, .T. ) ;
#3071 = AXIS2_PLACEMENT_3D ( 'NONE', #7680, #5719, #2052 ) ;
#3072 = DIRECTION ( 'NONE',  ( 0.000000000000000000, 0.000000000000000000, 1.000000000000000000 ) ) ;
#3073 = DIRECTION ( 'NONE',  ( -0.000000000000000000, -0.000000000000000000, 1.000000000000000000 ) ) ;
#3074 = FACE_OUTER_BOUND ( 'NONE', #1244, .T. ) ;
#3075 = EDGE_CURVE ( 'NONE', #3826, #7153, #2482, .T. ) ;
#3076 = CARTESIAN_POINT ( 'NONE',  ( 4.675496803454074701, 6.404388944356337987, 3.720000000000001084 ) ) ;
#3077 = ORIENTED_EDGE ( 'NONE', *, *, #3915, .F. ) ;
#3078 = CIRCLE ( 'NONE', #5027, 0.2999999999999999334 ) ;
#3079 = ORIENTED_EDGE ( 'NONE', *, *, #1062, .T. ) ;
#3080 = CARTESIAN_POINT ( 'NONE',  ( -3.600000000000004086, -13.90000000000000391, 1.180000000000000160 ) ) ;
#3081 = DIRECTION ( 'NONE',  ( 0.000000000000000000, 0.000000000000000000, -1.000000000000000000 ) ) ;
#3082 = ORIENTED_EDGE ( 'NONE', *, *, #2853, .F. ) ;
#3083 = ORIENTED_EDGE ( 'NONE', *, *, #1906, .F. ) ;
#3084 = CARTESIAN_POINT ( 'NONE',  ( -0.5839902617161962795, -7.711026250558245643, 3.720000000000000195 ) ) ;
#3085 = CARTESIAN_POINT ( 'NONE',  ( 0.7395579345564770035, -10.98651452360902603, 3.720000000000001528 ) ) ;
#3086 = CIRCLE ( 'NONE', #595, 1.300000000000002487 ) ;
#3087 = STYLED_ITEM ( 'NONE', ( #4731 ), #7136 ) ;
#3088 = LINE ( 'NONE', #6766, #7838 ) ;
#3089 = CARTESIAN_POINT ( 'NONE',  ( 3.500820289539123831, -5.765350220342056353, 3.719999999999999751 ) ) ;
#3090 = ORIENTED_EDGE ( 'NONE', *, *, #7795, .F. ) ;
#3091 = CARTESIAN_POINT ( 'NONE',  ( -0.6877659055272353772, -2.942861847250256790, 3.720000000000000639 ) ) ;
#3092 = VECTOR ( 'NONE', #6324, 1000.000000000000000 ) ;
#3093 = LINE ( 'NONE', #6356, #233 ) ;
#3094 = AXIS2_PLACEMENT_3D ( 'NONE', #5661, #2647, #7626 ) ;
#3095 = AXIS2_PLACEMENT_3D ( 'NONE', #433, #2972, #5411 ) ;
#3096 = AXIS2_PLACEMENT_3D ( 'NONE', #7991, #7465, #4326 ) ;
#3097 = ORIENTED_EDGE ( 'NONE', *, *, #256, .T. ) ;
#3098 = VERTEX_POINT ( 'NONE', #2719 ) ;
#3099 = FACE_OUTER_BOUND ( 'NONE', #2891, .T. ) ;
#3100 = CARTESIAN_POINT ( 'NONE',  ( 4.589944902963966733, -13.16793386302839153, 3.720000000000001084 ) ) ;
#3101 = CARTESIAN_POINT ( 'NONE',  ( 0.2499247949663251367, 8.527059947136326201, 3.319999999999999840 ) ) ;
#3102 = DIRECTION ( 'NONE',  ( 0.9366717556548816992, 0.3502085409558159390, 0.000000000000000000 ) ) ;
#3103 = CONICAL_SURFACE ( 'NONE', #7666, 0.8000000000000003775, 0.7853981633974476129 ) ;
#3104 = CARTESIAN_POINT ( 'NONE',  ( 4.599999999999999645, -2.757640165441175295, 3.319999999999999840 ) ) ;
#3105 = CARTESIAN_POINT ( 'NONE',  ( 3.742203814327879741, 6.849045900233270423, 3.719999999999999307 ) ) ;
#3106 = VERTEX_POINT ( 'NONE', #3204 ) ;
#3107 = DIRECTION ( 'NONE',  ( 0.000000000000000000, 0.000000000000000000, -1.000000000000000000 ) ) ;
#3108 = CARTESIAN_POINT ( 'NONE',  ( -0.4148385620766562587, 7.900636360568070948, 3.719999999999998419 ) ) ;
#3109 = ORIENTED_EDGE ( 'NONE', *, *, #4709, .F. ) ;
#3110 = ADVANCED_FACE ( 'NONE', ( #7079 ), #1286, .T. ) ;
#3111 = CARTESIAN_POINT ( 'NONE',  ( 4.677818627450980316, -6.693560431985290826, 3.319999999999999840 ) ) ;
#3112 = CARTESIAN_POINT ( 'NONE',  ( -0.2807895102048656999, -4.909588577961921274, 3.320000000000000284 ) ) ;
#3113 = B_SPLINE_SURFACE_WITH_KNOTS ( 'NONE', 3, 1, ( 
 ( #2050, #3312 ),
 ( #734, #7678 ),
 ( #3354, #3843 ),
 ( #5797, #5717 ),
 ( #2092, #5019 ),
 ( #4534, #4573 ),
 ( #1475, #6452 ),
 ( #2579, #5842 ),
 ( #2533, #6904 ),
 ( #1307, #6374 ),
 ( #3805, #131 ) ),
 .UNSPECIFIED., .F., .F., .F.,
 ( 4, 1, 1, 1, 1, 1, 1, 1, 4 ),
 ( 2, 2 ),
 ( 0.000000000000000000, 0.2109570858669660431, 0.3885968233184847187, 0.5374604568960913431, 0.6610209049705478845, 0.7626570072190230754, 0.8498686855650606775, 0.9260551723185683759, 0.9999999999999998890 ),
 ( 0.000000000000000000, 1.000000000000000000 ),
 .UNSPECIFIED. ) ;
#3114 = CARTESIAN_POINT ( 'NONE',  ( 3.651875885848975045, 4.164010452747260338, 3.320000000000000728 ) ) ;
#3115 = CARTESIAN_POINT ( 'NONE',  ( 4.599999999999999645, 2.456207873774511441, 3.720000000000000195 ) ) ;
#3116 = CARTESIAN_POINT ( 'NONE',  ( 3.852128128363635273, 4.289432669616538796, 3.719999999999999751 ) ) ;
#3117 = VECTOR ( 'NONE', #7420, 1000.000000000000000 ) ;
#3118 = CARTESIAN_POINT ( 'NONE',  ( 0.1643382352941175073, -11.91470396752450966, 3.319999999999999840 ) ) ;
#3119 = EDGE_CURVE ( 'NONE', #7788, #7286, #885, .T. ) ;
#3120 = EDGE_LOOP ( 'NONE', ( #5184, #2514, #3155, #8006, #6492 ) ) ;
#3121 = EDGE_LOOP ( 'NONE', ( #870, #4809, #2350, #2734 ) ) ;
#3122 = EDGE_CURVE ( 'NONE', #3183, #2340, #3616, .T. ) ;
#3123 = DIRECTION ( 'NONE',  ( -0.000000000000000000, -0.000000000000000000, 1.000000000000000000 ) ) ;
#3124 = CARTESIAN_POINT ( 'NONE',  ( 4.428555836397059409, -13.45526960784313530, 3.319999999999999840 ) ) ;
#3125 = DIRECTION ( 'NONE',  ( 1.000000000000000000, 0.000000000000000000, 0.000000000000000000 ) ) ;
#3126 = VERTEX_POINT ( 'NONE', #5166 ) ;
#3127 = CARTESIAN_POINT ( 'NONE',  ( 3.817382062587413749, -6.843922325840508414, 3.719999999999999751 ) ) ;
#3128 = DIRECTION ( 'NONE',  ( 1.000000000000000000, 0.000000000000000000, 0.000000000000000000 ) ) ;
#3129 = CARTESIAN_POINT ( 'NONE',  ( 0.000000000000000000, 0.000000000000000000, 3.720000000000000195 ) ) ;
#3130 = CARTESIAN_POINT ( 'NONE',  ( -0.5519358696179336166, -10.81455178264110017, 3.720000000000000639 ) ) ;
#3131 = VERTEX_POINT ( 'NONE', #7041 ) ;
#3132 = CARTESIAN_POINT ( 'NONE',  ( 3.742203814327879741, -6.146664884080451863, 3.319999999999998952 ) ) ;
#3133 = DIRECTION ( 'NONE',  ( 1.000000000000000000, 0.000000000000000000, 0.000000000000000000 ) ) ;
#3134 = ORIENTED_EDGE ( 'NONE', *, *, #2465, .F. ) ;
#3135 = ORIENTED_EDGE ( 'NONE', *, *, #3199, .F. ) ;
#3136 = FACE_OUTER_BOUND ( 'NONE', #1709, .T. ) ;
#3137 = CARTESIAN_POINT ( 'NONE',  ( 0.09081116922072930697, 6.545801145694370327, 3.720000000000001084 ) ) ;
#3138 = SURFACE_SIDE_STYLE ('',( #1957 ) ) ;
#3139 = PLANE ( 'NONE',  #2384 ) ;
#3140 = CARTESIAN_POINT ( 'NONE',  ( 3.183552149108344942, 5.197708689601661547, 3.320000000000001172 ) ) ;
#3141 = DIRECTION ( 'NONE',  ( 0.000000000000000000, 1.000000000000000000, 0.000000000000000000 ) ) ;
#3142 = EDGE_CURVE ( 'NONE', #4128, #2205, #8023, .T. ) ;
#3143 = VERTEX_POINT ( 'NONE', #186 ) ;
#3144 = CARTESIAN_POINT ( 'NONE',  ( -12.30000000000000426, 7.200000000000001954, 3.720000000000000195 ) ) ;
#3145 = CARTESIAN_POINT ( 'NONE',  ( 1.569657018904940360, 8.873935356035000055, 3.719999999999999307 ) ) ;
#3146 = ORIENTED_EDGE ( 'NONE', *, *, #774, .T. ) ;
#3147 = CARTESIAN_POINT ( 'NONE',  ( -0.6903879525857190558, 2.574270766563547586, 3.319999999999999840 ) ) ;
#3148 = CARTESIAN_POINT ( 'NONE',  ( 1.261231859225221408, -4.152810223379705512, 3.720000000000000195 ) ) ;
#3149 = CARTESIAN_POINT ( 'NONE',  ( -1.800000000000003375, -2.399999999999999467, 1.180000000000000160 ) ) ;
#3150 = LINE ( 'NONE', #5631, #2554 ) ;
#3151 = CARTESIAN_POINT ( 'NONE',  ( 1.190849515199450481, 7.647791787634128369, 3.319999999999999840 ) ) ;
#3152 = DIRECTION ( 'NONE',  ( -1.000000000000000000, 0.000000000000000000, 0.000000000000000000 ) ) ;
#3153 = CIRCLE ( 'NONE', #5238, 1.199999999999999956 ) ;
#3154 = EDGE_CURVE ( 'NONE', #4569, #4562, #1944, .T. ) ;
#3155 = ORIENTED_EDGE ( 'NONE', *, *, #1950, .F. ) ;
#3156 = ORIENTED_EDGE ( 'NONE', *, *, #5963, .F. ) ;
#3157 = CARTESIAN_POINT ( 'NONE',  ( 4.675496803454073813, -6.591321839957387851, 3.720000000000000195 ) ) ;
#3158 = CARTESIAN_POINT ( 'NONE',  ( 13.49999999999999645, -3.299999999999991385, -2.000000000000000000 ) ) ;
#3159 = AXIS2_PLACEMENT_3D ( 'NONE', #5541, #6125, #8029 ) ;
#3160 = CARTESIAN_POINT ( 'NONE',  ( 4.428555836397059409, -3.261029411764704289, 3.319999999999999840 ) ) ;
#3161 = EDGE_CURVE ( 'NONE', #8049, #4401, #2673, .T. ) ;
#3162 = CARTESIAN_POINT ( 'NONE',  ( 1.935927925857843235, -8.007965686274506112, 3.720000000000000195 ) ) ;
#3163 = CARTESIAN_POINT ( 'NONE',  ( 2.732352941176470651, -11.92078354779411598, 3.319999999999999840 ) ) ;
#3164 = CARTESIAN_POINT ( 'NONE',  ( -3.900000000000004796, 16.60000000000000142, 1.180000000000000160 ) ) ;
#3165 = EDGE_CURVE ( 'NONE', #67, #2726, #7119, .T. ) ;
#3166 = AXIS2_PLACEMENT_3D ( 'NONE', #4716, #6403, #467 ) ;
#3167 = DIRECTION ( 'NONE',  ( 0.000000000000000000, -0.000000000000000000, 1.000000000000000000 ) ) ;
#3168 = CARTESIAN_POINT ( 'NONE',  ( 2.732352941176470651, -12.36580882352940947, 3.319999999999999840 ) ) ;
#3169 = ORIENTED_EDGE ( 'NONE', *, *, #4665, .F. ) ;
#3170 = CARTESIAN_POINT ( 'NONE',  ( 3.392552926481703590, -5.663990989986080749, 3.320000000000000728 ) ) ;
#3171 = AXIS2_PLACEMENT_3D ( 'NONE', #7927, #1194, #6866 ) ;
#3172 = EDGE_CURVE ( 'NONE', #5627, #4074, #1692, .T. ) ;
#3173 = DIRECTION ( 'NONE',  ( 0.000000000000000000, -0.000000000000000000, 1.000000000000000000 ) ) ;
#3174 = ORIENTED_EDGE ( 'NONE', *, *, #5644, .F. ) ;
#3175 = VECTOR ( 'NONE', #5098, 1000.000000000000114 ) ;
#3176 = ORIENTED_EDGE ( 'NONE', *, *, #365, .T. ) ;
#3177 = DIRECTION ( 'NONE',  ( 0.000000000000000000, 0.000000000000000000, -1.000000000000000000 ) ) ;
#3178 = LINE ( 'NONE', #5095, #2062 ) ;
#3179 = FILL_AREA_STYLE_COLOUR ( '', #1510 ) ;
#3180 = CARTESIAN_POINT ( 'NONE',  ( 13.29999999999999716, 10.70000000000000107, 1.180000000000000160 ) ) ;
#3181 = CARTESIAN_POINT ( 'NONE',  ( 2.537481044252467566, 5.022795676850396518, 3.720000000000001084 ) ) ;
#3182 = CARTESIAN_POINT ( 'NONE',  ( 2.014586592403878829, 7.710939032736680687, 3.720000000000000195 ) ) ;
#3183 = VERTEX_POINT ( 'NONE', #384 ) ;
#3184 = CARTESIAN_POINT ( 'NONE',  ( -11.70000000000000462, -15.80000000000000071, 3.520000000000001350 ) ) ;
#3185 = DIRECTION ( 'NONE',  ( 0.000000000000000000, 0.000000000000000000, 1.000000000000000000 ) ) ;
#3186 = VERTEX_POINT ( 'NONE', #4070 ) ;
#3187 = CARTESIAN_POINT ( 'NONE',  ( 0.000000000000000000, 0.000000000000000000, 3.720000000000000195 ) ) ;
#3188 = LINE ( 'NONE', #7023, #480 ) ;
#3189 = DIRECTION ( 'NONE',  ( -0.000000000000000000, -0.000000000000000000, 1.000000000000000000 ) ) ;
#3190 = DIRECTION ( 'NONE',  ( -0.000000000000000000, -0.000000000000000000, 1.000000000000000000 ) ) ;
#3191 = CYLINDRICAL_SURFACE ( 'NONE', #4350, 0.2999999999999999334 ) ;
#3192 = CARTESIAN_POINT ( 'NONE',  ( 4.600000000000000533, -0.1811140471813708352, 3.720000000000000195 ) ) ;
#3193 = CARTESIAN_POINT ( 'NONE',  ( 2.500351106119488520, 7.675458582172316468, 3.720000000000000195 ) ) ;
#3194 = ORIENTED_EDGE ( 'NONE', *, *, #928, .F. ) ;
#3195 = VERTEX_POINT ( 'NONE', #3450 ) ;
#3196 = CARTESIAN_POINT ( 'NONE',  ( 4.676200771276228352, 6.201546468542029622, 3.719999999999999751 ) ) ;
#3197 = FACE_OUTER_BOUND ( 'NONE', #7711, .T. ) ;
#3198 = CARTESIAN_POINT ( 'NONE',  ( 13.49999999999999645, -15.80000000000000071, -2.000000000000000000 ) ) ;
#3199 = EDGE_CURVE ( 'NONE', #7152, #6845, #5895, .T. ) ;
#3200 = CARTESIAN_POINT ( 'NONE',  ( 3.430282589505371238, -8.939344474866331325, 3.319999999999998952 ) ) ;
#3201 = CARTESIAN_POINT ( 'NONE',  ( -0.4783067767883101840, -7.943131122465747040, 3.719999999999998419 ) ) ;
#3202 = CARTESIAN_POINT ( 'NONE',  ( 4.427339920343137614, -12.36580882352940947, 3.720000000000000195 ) ) ;
#3203 = AXIS2_PLACEMENT_3D ( 'NONE', #5618, #76, #157 ) ;
#3204 = CARTESIAN_POINT ( 'NONE',  ( -3.700000000000003730, -4.899999999999999467, 1.180000000000000160 ) ) ;
#3205 = DIRECTION ( 'NONE',  ( 0.000000000000000000, -0.000000000000000000, 1.000000000000000000 ) ) ;
#3206 = EDGE_CURVE ( 'NONE', #2431, #1331, #6672, .T. ) ;
#3207 = DIRECTION ( 'NONE',  ( 0.000000000000000000, 0.7071067811865517916, 0.7071067811865433539 ) ) ;
#3208 = EDGE_LOOP ( 'NONE', ( #3812, #5966, #4204, #2639 ) ) ;
#3209 = CARTESIAN_POINT ( 'NONE',  ( 11.39999999999999680, 17.49999999999999645, 3.620000000000004992 ) ) ;
#3210 = CARTESIAN_POINT ( 'NONE',  ( 10.69999999999999751, 13.19999999999999929, 3.720000000000000195 ) ) ;
#3211 = ADVANCED_FACE ( 'NONE', ( #7283 ), #2187, .F. ) ;
#3212 = VERTEX_POINT ( 'NONE', #7845 ) ;
#3213 = AXIS2_PLACEMENT_3D ( 'NONE', #6219, #6142, #4951 ) ;
#3214 = ORIENTED_EDGE ( 'NONE', *, *, #5102, .F. ) ;
#3215 = ADVANCED_FACE ( 'NONE', ( #2265 ), #5282, .F. ) ;
#3216 = CARTESIAN_POINT ( 'NONE',  ( -11.70000000000000462, 15.80000000000000071, -2.000000000000000000 ) ) ;
#3217 = DIRECTION ( 'NONE',  ( 1.000000000000000000, 0.000000000000000000, 0.000000000000000000 ) ) ;
#3218 = FACE_OUTER_BOUND ( 'NONE', #6393, .T. ) ;
#3219 = AXIS2_PLACEMENT_3D ( 'NONE', #3080, #1892, #7409 ) ;
#3220 = VECTOR ( 'NONE', #4836, 1000.000000000000000 ) ;
#3221 = CARTESIAN_POINT ( 'NONE',  ( 13.30000000000000426, 15.80000000000000071, -2.000000000000000000 ) ) ;
#3222 = CONICAL_SURFACE ( 'NONE', #5828, 1.300000000000000711, 0.7853981633974500554 ) ;
#3223 = CARTESIAN_POINT ( 'NONE',  ( 2.885129675213251588, 5.088392742598235152, 3.320000000000000284 ) ) ;
#3224 = DIRECTION ( 'NONE',  ( 1.000000000000000000, 0.000000000000000000, 0.000000000000000000 ) ) ;
#3225 = PRODUCT_DEFINITION_FORMATION_WITH_SPECIFIED_SOURCE ( 'хн╨н', '', #2797, .NOT_KNOWN. ) ;
#3226 = ORIENTED_EDGE ( 'NONE', *, *, #4798, .T. ) ;
#3227 = AXIS2_PLACEMENT_3D ( 'NONE', #7474, #4978, #3311 ) ;
#3228 = CARTESIAN_POINT ( 'NONE',  ( 13.50099999999999412, -3.700000000000000178, 6.240000000000000213 ) ) ;
#3229 = CARTESIAN_POINT ( 'NONE',  ( -13.50000000000000355, -2.500000000000000444, 2.400000000000000355 ) ) ;
#3230 = VERTEX_POINT ( 'NONE', #5932 ) ;
#3231 = DIRECTION ( 'NONE',  ( 1.000000000000000000, 0.000000000000000000, 0.000000000000000000 ) ) ;
#3232 = CARTESIAN_POINT ( 'NONE',  ( -0.5209001282846290604, -3.201846765083113500, 3.720000000000001084 ) ) ;
#3233 = EDGE_LOOP ( 'NONE', ( #598, #5448, #5249, #3442 ) ) ;
#3234 = CONICAL_SURFACE ( 'NONE', #6227, 1.300000000000002487, 0.7853981633974500554 ) ;
#3235 = CARTESIAN_POINT ( 'NONE',  ( -13.30000000000000426, 4.299999999999999822, 1.200000000000000400 ) ) ;
#3236 = FACE_OUTER_BOUND ( 'NONE', #7305, .T. ) ;
#3237 = PLANE ( 'NONE',  #6435 ) ;
#3238 = DIRECTION ( 'NONE',  ( 0.000000000000000000, -0.7071067811865486830, -0.7071067811865464625 ) ) ;
#3239 = CARTESIAN_POINT ( 'NONE',  ( -11.70000000000000462, 17.60000000000000142, -1.800000000000010481 ) ) ;
#3240 = ORIENTED_EDGE ( 'NONE', *, *, #7692, .F. ) ;
#3241 = ORIENTED_EDGE ( 'NONE', *, *, #3122, .F. ) ;
#3242 = DIRECTION ( 'NONE',  ( 1.000000000000000000, 0.000000000000000000, 0.000000000000000000 ) ) ;
#3243 = DIRECTION ( 'NONE',  ( 0.000000000000000000, 1.000000000000000000, 0.000000000000000000 ) ) ;
#3244 = DIRECTION ( 'NONE',  ( 0.000000000000000000, 0.000000000000000000, -1.000000000000000000 ) ) ;
#3245 = FACE_OUTER_BOUND ( 'NONE', #5851, .T. ) ;
#3246 = DIRECTION ( 'NONE',  ( -0.5773502691896257311, -0.5773502691896257311, 0.5773502691896257311 ) ) ;
#3247 = CARTESIAN_POINT ( 'NONE',  ( 1.226054338099080931, 5.052794362021231223, 3.719999999999998419 ) ) ;
#3248 = CIRCLE ( 'NONE', #5073, 0.2999999999999999334 ) ;
#3249 = ADVANCED_FACE ( 'NONE', ( #2837 ), #5649, .T. ) ;
#3250 = CARTESIAN_POINT ( 'NONE',  ( 1.860909635711126997, -11.66072884277839350, 3.319999999999999840 ) ) ;
#3251 = DIRECTION ( 'NONE',  ( -1.000000000000000000, -1.387778780781445676E-16, 0.000000000000000000 ) ) ;
#3252 = CARTESIAN_POINT ( 'NONE',  ( -0.6890457873822896095, -11.64631089355323645, 3.719999999999999307 ) ) ;
#3253 = VERTEX_POINT ( 'NONE', #1854 ) ;
#3254 = DIRECTION ( 'NONE',  ( 0.000000000000000000, 0.000000000000000000, -1.000000000000000000 ) ) ;
#3255 = CARTESIAN_POINT ( 'NONE',  ( 9.500000000000001776, -4.800000000000000711, 1.180000000000000160 ) ) ;
#3256 = EDGE_CURVE ( 'NONE', #5718, #240, #4913, .T. ) ;
#3257 = ORIENTED_EDGE ( 'NONE', *, *, #7989, .F. ) ;
#3258 = ORIENTED_EDGE ( 'NONE', *, *, #49, .F. ) ;
#3259 = DIRECTION ( 'NONE',  ( -0.000000000000000000, -0.000000000000000000, -1.000000000000000000 ) ) ;
#3260 = DIRECTION ( 'NONE',  ( -0.000000000000000000, 0.000000000000000000, 1.000000000000000000 ) ) ;
#3261 = CARTESIAN_POINT ( 'NONE',  ( 0.09081116922072930697, -6.449909638619353736, 3.719999999999999307 ) ) ;
#3262 = ORIENTED_EDGE ( 'NONE', *, *, #708, .T. ) ;
#3263 = EDGE_CURVE ( 'NONE', #6217, #6235, #542, .T. ) ;
#3264 = CARTESIAN_POINT ( 'NONE',  ( 2.508873867356993692, 8.841131379481861785, 3.720000000000001528 ) ) ;
#3265 = CARTESIAN_POINT ( 'NONE',  ( 3.623287720081254548, 5.559347012897300822, 3.720000000000001084 ) ) ;
#3266 = B_SPLINE_CURVE_WITH_KNOTS ( 'NONE', 3,
 ( #6141, #8052, #6872, #461, #1734, #2504, #3039, #3572, #2956, #4910, #4950 ),
 .UNSPECIFIED., .F., .F.,
 ( 4, 1, 1, 1, 1, 1, 1, 1, 4 ),
 ( 0.000000000000000000, 0.1599730367684607524, 0.2980369452549108678, 0.4190414817417271176, 0.5290716882652989339, 0.6342876325762824008, 0.7437291757241517587, 0.8640925132873834569, 1.000000000000000000 ),
 .UNSPECIFIED. ) ;
#3267 = CARTESIAN_POINT ( 'NONE',  ( 2.145222136040061844, -8.006215129161462940, 3.320000000000001172 ) ) ;
#3268 = EDGE_CURVE ( 'NONE', #3513, #7097, #3612, .T. ) ;
#3269 = ORIENTED_EDGE ( 'NONE', *, *, #570, .F. ) ;
#3270 = CARTESIAN_POINT ( 'NONE',  ( -1.300000000000004263, 12.59999999999999964, 3.520000000000008455 ) ) ;
#3271 = ORIENTED_EDGE ( 'NONE', *, *, #6764, .T. ) ;
#3272 = FACE_OUTER_BOUND ( 'NONE', #7736, .T. ) ;
#3273 = FACE_OUTER_BOUND ( 'NONE', #7881, .T. ) ;
#3274 = ORIENTED_EDGE ( 'NONE', *, *, #6682, .T. ) ;
#3275 = CARTESIAN_POINT ( 'NONE',  ( 4.504562011313455017, -0.6815578822067798193, 3.720000000000001084 ) ) ;
#3276 = CYLINDRICAL_SURFACE ( 'NONE', #1782, 1.799999999999999600 ) ;
#3277 = CARTESIAN_POINT ( 'NONE',  ( 0.4813877927264152423, 7.344948295241448655, 3.320000000000000284 ) ) ;
#3278 = CARTESIAN_POINT ( 'NONE',  ( 4.586843293064019278, 0.1418934705591342882, 3.720000000000000195 ) ) ;
#3279 = CARTESIAN_POINT ( 'NONE',  ( 3.821813725490196045, 6.334980085784317261, 3.720000000000000195 ) ) ;
#3280 = EDGE_CURVE ( 'NONE', #5536, #2624, #5482, .T. ) ;
#3281 = ORIENTED_EDGE ( 'NONE', *, *, #121, .T. ) ;
#3282 = ORIENTED_EDGE ( 'NONE', *, *, #3457, .F. ) ;
#3283 = B_SPLINE_CURVE_WITH_KNOTS ( 'NONE', 3,
 ( #8068, #3712, #6197, #443, #1755, #2937, #4248, #1144, #3635, #1676, #527, #3101, #2332, #3022, #5501, #5582, #6848, #722, #4406 ),
 .UNSPECIFIED., .F., .F.,
 ( 4, 1, 1, 1, 1, 1, 1, 1, 1, 1, 1, 1, 1, 1, 1, 1, 4 ),
 ( 0.000000000000000000, 0.07077019184625307768, 0.1375336611081275640, 0.2006169793581458749, 0.2605909862899949414, 0.3180484184502688771, 0.3738017586695282501, 0.4280094535277582657, 0.4819743408048481337, 0.5367224813496767055, 0.5930029318567960894, 0.6511908046063097366, 0.7126164670794574718, 0.7776415481961820308, 0.8467913329680990531, 0.9207926398634125320, 1.000000000000000000 ),
 .UNSPECIFIED. ) ;
#3284 = CARTESIAN_POINT ( 'NONE',  ( 4.641758464136102269, 5.723430397167328820, 3.720000000000001084 ) ) ;
#3285 = CARTESIAN_POINT ( 'NONE',  ( 4.677818627450980316, -6.693560431985290826, 3.720000000000000195 ) ) ;
#3286 = CARTESIAN_POINT ( 'NONE',  ( -4.400000000000003020, 6.000000000000001776, 1.180000000000000160 ) ) ;
#3287 = CARTESIAN_POINT ( 'NONE',  ( 2.918494823187900433, -9.094351888577770993, 3.319999999999999840 ) ) ;
#3288 = CARTESIAN_POINT ( 'NONE',  ( 3.540637442984554184, 8.513127971581065268, 3.319999999999999396 ) ) ;
#3289 = DIRECTION ( 'NONE',  ( 0.000000000000000000, 0.000000000000000000, -1.000000000000000000 ) ) ;
#3290 = CARTESIAN_POINT ( 'NONE',  ( 0.9790019914215682961, -10.96507352941176272, 3.319999999999999840 ) ) ;
#3291 = CARTESIAN_POINT ( 'NONE',  ( 0.5982294429459225071, -5.566738192462320711, 3.320000000000000728 ) ) ;
#3292 = LINE ( 'NONE', #2029, #7804 ) ;
#3293 = VERTEX_POINT ( 'NONE', #6105 ) ;
#3294 = CARTESIAN_POINT ( 'NONE',  ( -0.07641314338235286052, 1.090734145220590312, 3.720000000000000195 ) ) ;
#3295 = EDGE_CURVE ( 'NONE', #3131, #6625, #5602, .T. ) ;
#3296 = DIRECTION ( 'NONE',  ( 1.000000000000000000, 0.000000000000000000, 0.000000000000000000 ) ) ;
#3297 = ORIENTED_EDGE ( 'NONE', *, *, #3268, .F. ) ;
#3298 = EDGE_LOOP ( 'NONE', ( #5676, #1073, #7542, #2034, #4846, #5843, #1079, #5502, #4948, #5788 ) ) ;
#3299 = CARTESIAN_POINT ( 'NONE',  ( 13.49999999999999645, 0.000000000000000000, 3.520000000000001350 ) ) ;
#3300 = CARTESIAN_POINT ( 'NONE',  ( 8.299999999999997158, 10.10000000000000142, 3.720000000000000195 ) ) ;
#3301 = LINE ( 'NONE', #1256, #6441 ) ;
#3302 = EDGE_CURVE ( 'NONE', #84, #5146, #7932, .T. ) ;
#3303 = CARTESIAN_POINT ( 'NONE',  ( 0.9726137913909583821, -9.799211183144089787, 3.320000000000000284 ) ) ;
#3304 = CARTESIAN_POINT ( 'NONE',  ( 3.535695553811073477, 5.448401150122715642, 3.320000000000000284 ) ) ;
#3305 = CARTESIAN_POINT ( 'NONE',  ( 2.138818883099698809, 7.710033701972363929, 3.319999999999998952 ) ) ;
#3306 = VECTOR ( 'NONE', #6085, 1000.000000000000114 ) ;
#3307 = ORIENTED_EDGE ( 'NONE', *, *, #6899, .F. ) ;
#3308 = EDGE_CURVE ( 'NONE', #5101, #4840, #4989, .T. ) ;
#3309 = CARTESIAN_POINT ( 'NONE',  ( 10.69999999999999751, 13.19999999999999929, 1.180000000000000160 ) ) ;
#3310 = ORIENTED_EDGE ( 'NONE', *, *, #3263, .F. ) ;
#3311 = DIRECTION ( 'NONE',  ( -1.000000000000000000, 0.000000000000000000, -0.000000000000000000 ) ) ;
#3312 = CARTESIAN_POINT ( 'NONE',  ( 4.600000000000000533, -0.1811140471813708352, 3.720000000000000639 ) ) ;
#3313 = VERTEX_POINT ( 'NONE', #3692 ) ;
#3314 = CARTESIAN_POINT ( 'NONE',  ( 4.439164516495902824, -0.7254709837615080925, 3.720000000000000195 ) ) ;
#3315 = DIRECTION ( 'NONE',  ( -0.000000000000000000, -0.000000000000000000, 1.000000000000000000 ) ) ;
#3316 = EDGE_CURVE ( 'NONE', #4535, #2866, #6716, .T. ) ;
#3317 = DIRECTION ( 'NONE',  ( 1.000000000000000000, 0.000000000000000000, 0.000000000000000000 ) ) ;
#3318 = CARTESIAN_POINT ( 'NONE',  ( 4.545881599059735656, 0.2742940497700653291, 3.319999999999999840 ) ) ;
#3319 = CARTESIAN_POINT ( 'NONE',  ( -0.3086531096813723840, -13.45526960784313530, 3.720000000000000195 ) ) ;
#3320 = ORIENTED_EDGE ( 'NONE', *, *, #3617, .T. ) ;
#3321 = ORIENTED_EDGE ( 'NONE', *, *, #3699, .T. ) ;
#3322 = CARTESIAN_POINT ( 'NONE',  ( 4.635614459181250702, -6.103178408703778146, 3.320000000000001172 ) ) ;
#3323 = CARTESIAN_POINT ( 'NONE',  ( 4.428555836397059409, 2.964460784313727171, 3.319999999999999840 ) ) ;
#3324 = DIRECTION ( 'NONE',  ( -1.000000000000000000, 0.000000000000000000, 0.000000000000000000 ) ) ;
#3325 = EDGE_CURVE ( 'NONE', #7790, #343, #6793, .T. ) ;
#3326 = CARTESIAN_POINT ( 'NONE',  ( 4.029911706819156336, -8.560489399009712841, 3.320000000000000284 ) ) ;
#3327 = CARTESIAN_POINT ( 'NONE',  ( 11.69999999999999751, 17.40000000000000213, 3.720000000000000195 ) ) ;
#3328 = CARTESIAN_POINT ( 'NONE',  ( 1.396190965030241316, 5.023523298888383337, 3.720000000000000195 ) ) ;
#3329 = VERTEX_POINT ( 'NONE', #6179 ) ;
#3330 = CARTESIAN_POINT ( 'NONE',  ( -0.4752198769493778951, -13.43257408392957153, 3.319999999999999396 ) ) ;
#3331 = CARTESIAN_POINT ( 'NONE',  ( 1.951734834558823461, -5.284313725490193292, 3.320000000000000284 ) ) ;
#3332 = DIRECTION ( 'NONE',  ( -1.048405754997179808E-16, 0.7071067811865480168, -0.7071067811865471286 ) ) ;
#3333 = EDGE_LOOP ( 'NONE', ( #3728, #362, #3348, #2292 ) ) ;
#3334 = CARTESIAN_POINT ( 'NONE',  ( 11.70000000000000107, -15.80000000000000071, -0.5000000000000000000 ) ) ;
#3335 = LINE ( 'NONE', #2801, #3618 ) ;
#3336 = ORIENTED_EDGE ( 'NONE', *, *, #2117, .F. ) ;
#3337 = ORIENTED_EDGE ( 'NONE', *, *, #6166, .T. ) ;
#3338 = AXIS2_PLACEMENT_3D ( 'NONE', #6210, #3725, #1848 ) ;
#3339 = DIRECTION ( 'NONE',  ( 0.000000000000000000, 0.000000000000000000, -1.000000000000000000 ) ) ;
#3340 = CARTESIAN_POINT ( 'NONE',  ( -0.6916666666666668739, -13.08806295955882248, 3.720000000000000195 ) ) ;
#3341 = CARTESIAN_POINT ( 'NONE',  ( 1.572030634622815892, 5.003761611473575677, 3.320000000000000284 ) ) ;
#3342 = CONICAL_SURFACE ( 'NONE', #342, 1.600000000000007638, 0.7853981633974553844 ) ;
#3343 = ORIENTED_EDGE ( 'NONE', *, *, #1450, .F. ) ;
#3344 = CARTESIAN_POINT ( 'NONE',  ( 11.70000000000000107, 15.80000000000000426, -0.5000000000000000000 ) ) ;
#3345 = AXIS2_PLACEMENT_3D ( 'NONE', #5616, #1374, #1873 ) ;
#3346 = CONICAL_SURFACE ( 'NONE', #5174, 0.8000000000000038192, 0.7853981633974476129 ) ;
#3347 = ADVANCED_FACE ( 'NONE', ( #506 ), #6830, .T. ) ;
#3348 = ORIENTED_EDGE ( 'NONE', *, *, #2517, .T. ) ;
#3349 = VECTOR ( 'NONE', #4177, 1000.000000000000000 ) ;
#3350 = CARTESIAN_POINT ( 'NONE',  ( 3.695472489205327449, -7.311899932428668869, 3.320000000000000284 ) ) ;
#3351 = ORIENTED_EDGE ( 'NONE', *, *, #4588, .T. ) ;
#3353 = VECTOR ( 'NONE', #6551, 1000.000000000000000 ) ;
#3352 = CARTESIAN_POINT ( 'NONE',  ( -0.03293378579303528342, 4.473060529900686255, 3.720000000000000195 ) ) ;
#3354 = CARTESIAN_POINT ( 'NONE',  ( 4.599351801395302530, -0.3032843649979909961, 3.320000000000001616 ) ) ;
#3355 = ORIENTED_EDGE ( 'NONE', *, *, #8033, .F. ) ;
#3356 = CARTESIAN_POINT ( 'NONE',  ( 4.440606457774841864, -12.36681253614326614, 3.719999999999998863 ) ) ;
#3357 = FACE_OUTER_BOUND ( 'NONE', #2777, .T. ) ;
#3358 = VECTOR ( 'NONE', #2887, 1000.000000000000000 ) ;
#3359 = CARTESIAN_POINT ( 'NONE',  ( 4.558028615700148833, -2.359825200778526089, 3.320000000000000728 ) ) ;
#3360 = CARTESIAN_POINT ( 'NONE',  ( 4.467642206499518487, -12.36885799240190487, 3.319999999999999396 ) ) ;
#3361 = AXIS2_PLACEMENT_3D ( 'NONE', #4637, #5016, #2803 ) ;
#3362 = CARTESIAN_POINT ( 'NONE',  ( 0.1643382352941175073, -2.249387254901959121, 3.319999999999999840 ) ) ;
#3363 = VECTOR ( 'NONE', #1227, 1000.000000000000000 ) ;
#3364 = AXIS2_PLACEMENT_3D ( 'NONE', #123, #2607, #5709 ) ;
#3365 = EDGE_CURVE ( 'NONE', #3718, #4340, #7323, .T. ) ;
#3366 = ORIENTED_EDGE ( 'NONE', *, *, #1364, .T. ) ;
#3367 = AXIS2_PLACEMENT_3D ( 'NONE', #7529, #3125, #666 ) ;
#3368 = ORIENTED_EDGE ( 'NONE', *, *, #570, .T. ) ;
#3369 = CARTESIAN_POINT ( 'NONE',  ( 3.695472489205327893, 5.683810851885056969, 3.720000000000001528 ) ) ;
#3370 = CARTESIAN_POINT ( 'NONE',  ( 4.575670638417928870, 2.786128287114034929, 3.319999999999999840 ) ) ;
#3371 = CYLINDRICAL_SURFACE ( 'NONE', #597, 0.2999999999999999334 ) ;
#3372 = CARTESIAN_POINT ( 'NONE',  ( -0.5191279660905038229, 2.908105627080483480, 3.719999999999999307 ) ) ;
#3373 = CARTESIAN_POINT ( 'NONE',  ( 4.388927285258673372, 7.645832914102855149, 3.320000000000001616 ) ) ;
#3374 = CARTESIAN_POINT ( 'NONE',  ( -11.70000000000000462, -15.80000000000000071, 3.720000000000000195 ) ) ;
#3375 = EDGE_CURVE ( 'NONE', #2961, #7226, #3266, .T. ) ;
#3376 = VECTOR ( 'NONE', #6109, 1000.000000000000000 ) ;
#3377 = EDGE_CURVE ( 'NONE', #4230, #6188, #2470, .T. ) ;
#3378 = DIRECTION ( 'NONE',  ( -0.5773502691896458261, -0.5773502691896258421, -0.5773502691896057470 ) ) ;
#3379 = CARTESIAN_POINT ( 'NONE',  ( 0.1168372491556372433, -6.279091102157566162, 3.719999999999997975 ) ) ;
#3380 = EDGE_LOOP ( 'NONE', ( #2650, #5547, #4055, #561 ) ) ;
#3381 = CARTESIAN_POINT ( 'NONE',  ( 0.1643382352941175073, 1.944307215073531214, 3.319999999999999840 ) ) ;
#3382 = ORIENTED_EDGE ( 'NONE', *, *, #2950, .F. ) ;
#3383 = CARTESIAN_POINT ( 'NONE',  ( -0.4716627098345935742, 1.270499813555870494, 3.320000000000000284 ) ) ;
#3384 = DIRECTION ( 'NONE',  ( 0.000000000000000000, -0.000000000000000000, -1.000000000000000000 ) ) ;
#3385 = CARTESIAN_POINT ( 'NONE',  ( -13.30000000000000426, -2.500000000000000444, 2.400000000000000355 ) ) ;
#3386 = ORIENTED_EDGE ( 'NONE', *, *, #2319, .F. ) ;
#3387 = DIRECTION ( 'NONE',  ( -1.000000000000000000, -1.387778780781445676E-16, 0.000000000000000000 ) ) ;
#3388 = B_SPLINE_CURVE_WITH_KNOTS ( 'NONE', 3,
 ( #4208, #6161, #7306, #5539, #7952, #4325, #8028, #5421, #7911, #489, #1056 ),
 .UNSPECIFIED., .F., .F.,
 ( 4, 1, 1, 1, 1, 1, 1, 1, 4 ),
 ( 0.000000000000000000, 0.06346397018966870585, 0.1293326129708573524, 0.2043576948965484807, 0.2982694572853490933, 0.4194562280064449422, 0.5721569652140962026, 0.7628712668034081101, 1.000000000000000000 ),
 .UNSPECIFIED. ) ;
#3389 = CARTESIAN_POINT ( 'NONE',  ( 4.599844009141251355, -2.629746555506225381, 3.319999999999998508 ) ) ;
#3390 = CARTESIAN_POINT ( 'NONE',  ( 0.7681262319355074419, 5.204752014588663656, 3.319999999999999840 ) ) ;
#3391 = CARTESIAN_POINT ( 'NONE',  ( 4.599999999999999645, -2.757640165441175295, 3.319999999999999840 ) ) ;
#3392 = VECTOR ( 'NONE', #4783, 1000.000000000000114 ) ;
#3393 = ORIENTED_EDGE ( 'NONE', *, *, #4597, .T. ) ;
#3394 = CARTESIAN_POINT ( 'NONE',  ( -11.70000000000000462, -15.80000000000000071, -2.000000000000000000 ) ) ;
#3395 = ORIENTED_EDGE ( 'NONE', *, *, #7888, .T. ) ;
#3396 = CARTESIAN_POINT ( 'NONE',  ( -13.30000000000001137, 0.000000000000000000, -2.000000000000000000 ) ) ;
#3397 = CARTESIAN_POINT ( 'NONE',  ( -0.2018245391134898814, -8.348442092388266289, 3.319999999999999840 ) ) ;
#3398 = VERTEX_POINT ( 'NONE', #1235 ) ;
#3399 = CARTESIAN_POINT ( 'NONE',  ( 4.599912902043759466, -12.86390266370022317, 3.319999999999999840 ) ) ;
#3400 = CARTESIAN_POINT ( 'NONE',  ( 3.790240772047972495, -6.303403028093423011, 3.320000000000001172 ) ) ;
#3401 = ADVANCED_FACE ( 'NONE', ( #6218 ), #698, .T. ) ;
#3402 = CARTESIAN_POINT ( 'NONE',  ( 0.7114590718654819623, 8.724780530516653698, 3.719999999999999751 ) ) ;
#3403 = DIRECTION ( 'NONE',  ( -0.000000000000000000, 0.000000000000000000, 1.000000000000000000 ) ) ;
#3404 = VERTEX_POINT ( 'NONE', #56 ) ;
#3405 = ORIENTED_EDGE ( 'NONE', *, *, #5703, .T. ) ;
#3406 = CARTESIAN_POINT ( 'NONE',  ( 3.041169989447176203, 5.136150589587440862, 3.720000000000000639 ) ) ;
#3407 = CARTESIAN_POINT ( 'NONE',  ( 11.70000000000000107, -16.60000000000000497, -1.500000000000000000 ) ) ;
#3408 = PLANE ( 'NONE',  #4400 ) ;
#3409 = CARTESIAN_POINT ( 'NONE',  ( -13.30000000000000426, 5.700000000000000178, 3.720000000000000195 ) ) ;
#3410 = LINE ( 'NONE', #3327, #1801 ) ;
#3411 = ADVANCED_FACE ( 'NONE', ( #2541 ), #4390, .F. ) ;
#3412 = CARTESIAN_POINT ( 'NONE',  ( 0.2323243807279838646, -7.288341355657583343, 3.319999999999999396 ) ) ;
#3413 = CARTESIAN_POINT ( 'NONE',  ( 0.4630616638097364568, -11.11104553241502479, 3.319999999999999396 ) ) ;
#3414 = CARTESIAN_POINT ( 'NONE',  ( 12.50000000000000000, -16.60000000000000142, -2.000000000000000000 ) ) ;
#3415 = ADVANCED_FACE ( 'NONE', ( #3899 ), #4427, .T. ) ;
#3416 = ORIENTED_EDGE ( 'NONE', *, *, #7745, .F. ) ;
#3417 = CARTESIAN_POINT ( 'NONE',  ( 2.508873867356993692, -4.154579404831865830, 3.720000000000000639 ) ) ;
#3418 = ORIENTED_EDGE ( 'NONE', *, *, #3154, .F. ) ;
#3419 = FACE_OUTER_BOUND ( 'NONE', #5297, .T. ) ;
#3420 = EDGE_CURVE ( 'NONE', #5357, #1397, #7928, .T. ) ;
#3421 = CARTESIAN_POINT ( 'NONE',  ( 13.29999999999999716, 10.70000000000000107, 1.180000000000000160 ) ) ;
#3422 = DIRECTION ( 'NONE',  ( -0.000000000000000000, 0.000000000000000000, 1.000000000000000000 ) ) ;
#3423 = CARTESIAN_POINT ( 'NONE',  ( 13.50099999999999412, -3.700000000000000178, 1.200000000000000178 ) ) ;
#3424 = CARTESIAN_POINT ( 'NONE',  ( 1.062979278766167823, -7.905839093357037051, 3.719999999999999751 ) ) ;
#3425 = AXIS2_PLACEMENT_3D ( 'NONE', #3738, #548, #1860 ) ;
#3426 = CARTESIAN_POINT ( 'NONE',  ( 0.9011833639705878474, -9.797794117647057988, 3.720000000000000195 ) ) ;
#3427 = EDGE_CURVE ( 'NONE', #5105, #1853, #5157, .T. ) ;
#3428 = CARTESIAN_POINT ( 'NONE',  ( -0.6821589192363001208, -11.49570793545183989, 3.720000000000001528 ) ) ;
#3429 = VECTOR ( 'NONE', #2271, 1000.000000000000000 ) ;
#3430 = EDGE_LOOP ( 'NONE', ( #1414, #5993, #129, #6144 ) ) ;
#3431 = CARTESIAN_POINT ( 'NONE',  ( -11.70000000000000462, -15.80000000000000071, -1.800000000000010481 ) ) ;
#3432 = ORIENTED_EDGE ( 'NONE', *, *, #6610, .F. ) ;
#3433 = CARTESIAN_POINT ( 'NONE',  ( 4.589962701957277957, 2.697000362225765890, 3.720000000000000195 ) ) ;
#3434 = CARTESIAN_POINT ( 'NONE',  ( 0.8401748656908832880, -9.015104437538761672, 3.319999999999998952 ) ) ;
#3435 = VERTEX_POINT ( 'NONE', #7034 ) ;
#3436 = DIRECTION ( 'NONE',  ( 0.7071067811865486830, -2.096811509994361588E-16, -0.7071067811865464625 ) ) ;
#3437 = CARTESIAN_POINT ( 'NONE',  ( 2.500351106119487188, -5.320252202141409370, 3.319999999999999396 ) ) ;
#3438 = AXIS2_PLACEMENT_3D ( 'NONE', #7797, #7830, #908 ) ;
#3439 = CARTESIAN_POINT ( 'NONE',  ( -0.4148385620766562587, 7.900636360568070948, 3.720000000000000195 ) ) ;
#3440 = DIRECTION ( 'NONE',  ( 1.000000000000000000, -0.000000000000000000, -0.000000000000000000 ) ) ;
#3441 = VERTEX_POINT ( 'NONE', #299 ) ;
#3442 = ORIENTED_EDGE ( 'NONE', *, *, #4061, .F. ) ;
#3443 = DIRECTION ( 'NONE',  ( -0.000000000000000000, 0.000000000000000000, 1.000000000000000000 ) ) ;
#3444 = PLANE ( 'NONE',  #218 ) ;
#3445 = CARTESIAN_POINT ( 'NONE',  ( 0.2323243807279836426, 5.707369428656144272, 3.320000000000000728 ) ) ;
#3446 = LINE ( 'NONE', #5392, #2871 ) ;
#3447 = CARTESIAN_POINT ( 'NONE',  ( 1.572030634622815448, -7.991949172840151938, 3.319999999999999396 ) ) ;
#3448 = VERTEX_POINT ( 'NONE', #986 ) ;
#3449 = ADVANCED_FACE ( 'NONE', ( #4098 ), #6506, .F. ) ;
#3450 = CARTESIAN_POINT ( 'NONE',  ( 13.29999999999999716, -3.099999999999999645, 1.180000000000000160 ) ) ;
#3451 = CARTESIAN_POINT ( 'NONE',  ( 1.986996400122548856, 3.820465686274513661, 3.319999999999999840 ) ) ;
#3452 = ORIENTED_EDGE ( 'NONE', *, *, #3302, .F. ) ;
#3453 = ORIENTED_EDGE ( 'NONE', *, *, #4459, .T. ) ;
#3454 = CARTESIAN_POINT ( 'NONE',  ( -11.69999999999999929, -16.60000000000000497, 3.720000000000000195 ) ) ;
#3455 = LINE ( 'NONE', #5937, #4984 ) ;
#3456 = CARTESIAN_POINT ( 'NONE',  ( 4.467303429947890869, -3.257188697702243729, 3.319999999999998952 ) ) ;
#3457 = EDGE_CURVE ( 'NONE', #4937, #2399, #8020, .T. ) ;
#3458 = DIRECTION ( 'NONE',  ( -0.000000000000000000, -0.000000000000000000, 1.000000000000000000 ) ) ;
#3459 = DIRECTION ( 'NONE',  ( 0.000000000000000000, -1.000000000000000000, -0.000000000000000000 ) ) ;
#3460 = CARTESIAN_POINT ( 'NONE',  ( 4.442930326586222556, -2.250594266657886422, 3.320000000000000728 ) ) ;
#3461 = CARTESIAN_POINT ( 'NONE',  ( 0.09165065479024403494, 6.180325897354459030, 3.319999999999998952 ) ) ;
#3462 = CARTESIAN_POINT ( 'NONE',  ( -0.1380905708865673709, -1.337731883084837703, 3.719999999999997975 ) ) ;
#3463 = EDGE_CURVE ( 'NONE', #4598, #729, #2059, .T. ) ;
#3464 = VERTEX_POINT ( 'NONE', #262 ) ;
#3465 = ADVANCED_FACE ( 'NONE', ( #5967 ), #2293, .T. ) ;
#3466 = DIRECTION ( 'NONE',  ( 0.000000000000000000, 0.000000000000000000, -1.000000000000000000 ) ) ;
#3467 = ORIENTED_EDGE ( 'NONE', *, *, #2848, .F. ) ;
#3468 = CARTESIAN_POINT ( 'NONE',  ( 4.558359975347428872, 2.062997804193453799, 3.320000000000000284 ) ) ;
#3469 = CARTESIAN_POINT ( 'NONE',  ( 0.8401748656908832880, -9.015104437538761672, 3.319999999999998952 ) ) ;
#3470 = VERTEX_POINT ( 'NONE', #7228 ) ;
#3471 = CARTESIAN_POINT ( 'NONE',  ( 4.599912902043759466, -12.86390266370022317, 3.720000000000000195 ) ) ;
#3472 = DIRECTION ( 'NONE',  ( 1.000000000000000000, -0.000000000000000000, -0.000000000000000000 ) ) ;
#3473 = VECTOR ( 'NONE', #5876, 1000.000000000000000 ) ;
#3474 = DIRECTION ( 'NONE',  ( 0.000000000000000000, 0.000000000000000000, -1.000000000000000000 ) ) ;
#3475 = CARTESIAN_POINT ( 'NONE',  ( 4.599999999999999645, 2.456207873774511441, 3.720000000000000195 ) ) ;
#3476 = CARTESIAN_POINT ( 'NONE',  ( -0.6402264963124243424, -13.30083205727703621, 3.720000000000000195 ) ) ;
#3477 = VECTOR ( 'NONE', #5912, 1000.000000000000000 ) ;
#3478 = ORIENTED_EDGE ( 'NONE', *, *, #6565, .F. ) ;
#3479 = VERTEX_POINT ( 'NONE', #5235 ) ;
#3480 = CIRCLE ( 'NONE', #5823, 1.199999999999999956 ) ;
#3481 = DIRECTION ( 'NONE',  ( -1.000000000000000000, 0.000000000000000000, 0.000000000000000000 ) ) ;
#3482 = DIRECTION ( 'NONE',  ( 1.000000000000000000, 0.000000000000000000, 0.000000000000000000 ) ) ;
#3483 = CARTESIAN_POINT ( 'NONE',  ( 0.7681262319355074419, 5.204752014588663656, 3.319999999999999840 ) ) ;
#3484 = VECTOR ( 'NONE', #3886, 1000.000000000000000 ) ;
#3485 = DIRECTION ( 'NONE',  ( 0.000000000000000000, 0.000000000000000000, -1.000000000000000000 ) ) ;
#3486 = CARTESIAN_POINT ( 'NONE',  ( -13.50000000000000355, 0.000000000000000000, -1.800000000000010481 ) ) ;
#3487 = CIRCLE ( 'NONE', #5044, 0.2999999999999999334 ) ;
#3488 = ORIENTED_EDGE ( 'NONE', *, *, #7047, .T. ) ;
#3489 = VERTEX_POINT ( 'NONE', #1487 ) ;
#3490 = CARTESIAN_POINT ( 'NONE',  ( 0.2723681607786632153, -11.31952680855934190, 3.319999999999999840 ) ) ;
#3491 = FACE_OUTER_BOUND ( 'NONE', #1694, .T. ) ;
#3492 = CIRCLE ( 'NONE', #2189, 0.2999999999999999334 ) ;
#3493 = VERTEX_POINT ( 'NONE', #4704 ) ;
#3494 = ORIENTED_EDGE ( 'NONE', *, *, #3898, .T. ) ;
#3495 = FACE_OUTER_BOUND ( 'NONE', #6258, .T. ) ;
#3496 = AXIS2_PLACEMENT_3D ( 'NONE', #5857, #2671, #2752 ) ;
#3497 = DIRECTION ( 'NONE',  ( -1.084202172485504311E-16, -1.000000000000000000, 0.000000000000000000 ) ) ;
#3498 = EDGE_CURVE ( 'NONE', #8049, #6768, #4025, .T. ) ;
#3499 = LINE ( 'NONE', #1657, #1010 ) ;
#3500 = LINE ( 'NONE', #5368, #6926 ) ;
#3501 = DIRECTION ( 'NONE',  ( 0.7071067811865474617, 0.000000000000000000, -0.7071067811865474617 ) ) ;
#3502 = CARTESIAN_POINT ( 'NONE',  ( -11.70000000000000107, 15.80000000000000071, -2.000000000000000000 ) ) ;
#3503 = PLANE ( 'NONE',  #969 ) ;
#3504 = ADVANCED_FACE ( 'NONE', ( #1527, #7070 ), #2140, .F. ) ;
#3505 = CARTESIAN_POINT ( 'NONE',  ( -0.6265358321838214728, -1.707931921208672987, 3.719999999999999751 ) ) ;
#3506 = VECTOR ( 'NONE', #2497, 1000.000000000000000 ) ;
#3507 = ORIENTED_EDGE ( 'NONE', *, *, #3122, .T. ) ;
#3508 = CARTESIAN_POINT ( 'NONE',  ( 4.599869662451130381, -12.96081952704074958, 3.719999999999999751 ) ) ;
#3509 = ORIENTED_EDGE ( 'NONE', *, *, #2713, .T. ) ;
#3510 = DIRECTION ( 'NONE',  ( 0.000000000000000000, 1.000000000000000000, 0.000000000000000000 ) ) ;
#3511 = CARTESIAN_POINT ( 'NONE',  ( 1.986996400122549300, -9.175245098039214398, 3.320000000000000284 ) ) ;
#3512 = EDGE_CURVE ( 'NONE', #4535, #2431, #2771, .T. ) ;
#3513 = VERTEX_POINT ( 'NONE', #2418 ) ;
#3514 = LINE ( 'NONE', #7717, #6328 ) ;
#3515 = EDGE_LOOP ( 'NONE', ( #2239, #2051, #7373, #2503 ) ) ;
#3516 = DIRECTION ( 'NONE',  ( -1.000000000000000000, 0.000000000000000000, 0.000000000000000000 ) ) ;
#3517 = EDGE_CURVE ( 'NONE', #5272, #2552, #5977, .T. ) ;
#3518 = CARTESIAN_POINT ( 'NONE',  ( 0.04975960708691136436, 8.401680215228761739, 3.720000000000000639 ) ) ;
#3519 = CARTESIAN_POINT ( 'NONE',  ( -1.500000000000003553, -2.399999999999999467, 1.180000000000000160 ) ) ;
#3520 = ORIENTED_EDGE ( 'NONE', *, *, #1650, .F. ) ;
#3521 = VECTOR ( 'NONE', #6226, 1000.000000000000000 ) ;
#3522 = VERTEX_POINT ( 'NONE', #1683 ) ;
#3523 = CARTESIAN_POINT ( 'NONE',  ( 0.04975960708691167661, -4.594030569084967652, 3.320000000000000284 ) ) ;
#3524 = CARTESIAN_POINT ( 'NONE',  ( 4.589962701957277957, 2.697000362225765890, 3.719999999999998419 ) ) ;
#3525 = FACE_OUTER_BOUND ( 'NONE', #2656, .T. ) ;
#3526 = CARTESIAN_POINT ( 'NONE',  ( -3.300000000000004263, -13.90000000000000391, 2.720000000000000195 ) ) ;
#3527 = EDGE_CURVE ( 'NONE', #5316, #7643, #1065, .T. ) ;
#3528 = CARTESIAN_POINT ( 'NONE',  ( 0.4102726688495645369, -7.526654020568948056, 3.719999999999999751 ) ) ;
#3529 = ORIENTED_EDGE ( 'NONE', *, *, #5287, .T. ) ;
#3530 = ORIENTED_EDGE ( 'NONE', *, *, #172, .T. ) ;
#3531 = CARTESIAN_POINT ( 'NONE',  ( 0.1814483570549528246, -11.59610222280833014, 3.319999999999999840 ) ) ;
#3532 = DIRECTION ( 'NONE',  ( 0.000000000000000000, 0.000000000000000000, -1.000000000000000000 ) ) ;
#3533 = ORIENTED_EDGE ( 'NONE', *, *, #5331, .T. ) ;
#3534 = DIRECTION ( 'NONE',  ( 1.000000000000000000, 0.000000000000000000, 0.000000000000000000 ) ) ;
#3535 = FACE_OUTER_BOUND ( 'NONE', #1292, .T. ) ;
#3536 = DIRECTION ( 'NONE',  ( 0.000000000000000000, 0.000000000000000000, 1.000000000000000000 ) ) ;
#3537 = DIRECTION ( 'NONE',  ( -0.000000000000000000, -0.000000000000000000, 1.000000000000000000 ) ) ;
#3538 = EDGE_CURVE ( 'NONE', #7473, #2736, #2197, .T. ) ;
#3539 = CARTESIAN_POINT ( 'NONE',  ( -0.6185849058697233671, -11.05504928534013587, 3.320000000000000728 ) ) ;
#3540 = CARTESIAN_POINT ( 'NONE',  ( -3.000000000000004441, -16.30000000000000071, 2.720000000000000195 ) ) ;
#3541 = CARTESIAN_POINT ( 'NONE',  ( 2.705151222730521443, -11.43212497994910315, 3.320000000000000728 ) ) ;
#3542 = CARTESIAN_POINT ( 'NONE',  ( -0.3803387260041215523, -10.45364201701480056, 3.319999999999998952 ) ) ;
#3543 = ORIENTED_EDGE ( 'NONE', *, *, #268, .F. ) ;
#3544 = CARTESIAN_POINT ( 'NONE',  ( 3.852128128363635717, -8.706278114697187931, 3.720000000000000195 ) ) ;
#3545 = EDGE_LOOP ( 'NONE', ( #7274, #6620, #2302, #2559 ) ) ;
#3546 = VECTOR ( 'NONE', #4851, 1000.000000000000000 ) ;
#3547 = EDGE_CURVE ( 'NONE', #6625, #3126, #3030, .T. ) ;
#3548 = CARTESIAN_POINT ( 'NONE',  ( 1.607380601132971654, -11.16573907160347190, 3.720000000000000195 ) ) ;
#3549 = CARTESIAN_POINT ( 'NONE',  ( -0.6683769651189270800, -7.459377824633434351, 3.320000000000000284 ) ) ;
#3550 = ORIENTED_EDGE ( 'NONE', *, *, #5052, .T. ) ;
#3551 = LINE ( 'NONE', #2449, #5020 ) ;
#3552 = FILL_AREA_STYLE_COLOUR ( '', #8022 ) ;
#3553 = CARTESIAN_POINT ( 'NONE',  ( -0.3583353062056645610, -3.257026147506943747, 3.320000000000000284 ) ) ;
#3554 = CARTESIAN_POINT ( 'NONE',  ( 4.589937152665778619, -2.993989820046238037, 3.320000000000000728 ) ) ;
#3555 = VECTOR ( 'NONE', #4194, 1000.000000000000000 ) ;
#3556 = DIRECTION ( 'NONE',  ( 1.000000000000000000, -0.000000000000000000, -0.000000000000000000 ) ) ;
#3557 = EDGE_CURVE ( 'NONE', #760, #6671, #6868, .T. ) ;
#3558 = EDGE_LOOP ( 'NONE', ( #5315, #5128, #5141, #3643, #2508, #4737, #2009, #3681 ) ) ;
#3559 = FACE_OUTER_BOUND ( 'NONE', #1418, .T. ) ;
#3560 = EDGE_LOOP ( 'NONE', ( #7350, #2325, #829, #7227 ) ) ;
#3561 = EDGE_CURVE ( 'NONE', #290, #4666, #4297, .T. ) ;
#3562 = CARTESIAN_POINT ( 'NONE',  ( -12.30000000000000426, 6.000000000000001776, 3.720000000000000195 ) ) ;
#3563 = FACE_OUTER_BOUND ( 'NONE', #6059, .T. ) ;
#3564 = CARTESIAN_POINT ( 'NONE',  ( 4.493348393666129148, -5.582206131816730199, 3.720000000000000639 ) ) ;
#3565 = CARTESIAN_POINT ( 'NONE',  ( 0.7681262319355074419, 5.204752014588663656, 3.719999999999998419 ) ) ;
#3566 = CARTESIAN_POINT ( 'NONE',  ( 4.676200771276228352, 6.201546468542029622, 3.719999999999999307 ) ) ;
#3567 = FACE_OUTER_BOUND ( 'NONE', #7495, .T. ) ;
#3568 = ORIENTED_EDGE ( 'NONE', *, *, #2268, .T. ) ;
#3569 = VECTOR ( 'NONE', #6515, 1000.000000000000000 ) ;
#3570 = ORIENTED_EDGE ( 'NONE', *, *, #5699, .F. ) ;
#3571 = EDGE_CURVE ( 'NONE', #4729, #3916, #2379, .T. ) ;
#3572 = CARTESIAN_POINT ( 'NONE',  ( -0.6658044171748163098, 1.554336689283740913, 3.720000000000000195 ) ) ;
#3573 = DIRECTION ( 'NONE',  ( -0.000000000000000000, -0.000000000000000000, 1.000000000000000000 ) ) ;
#3574 = ORIENTED_EDGE ( 'NONE', *, *, #6008, .F. ) ;
#3575 = VERTEX_POINT ( 'NONE', #2458 ) ;
#3576 = CARTESIAN_POINT ( 'NONE',  ( 9.099999999999997868, -3.100000000000000089, 3.720000000000000195 ) ) ;
#3577 = CARTESIAN_POINT ( 'NONE',  ( 1.314597214444990003, -9.829791983697321101, 3.319999999999999396 ) ) ;
#3578 = CARTESIAN_POINT ( 'NONE',  ( -4.400000000000001243, 5.500000000000001776, 2.720000000000000195 ) ) ;
#3579 = VECTOR ( 'NONE', #8062, 1000.000000000000000 ) ;
#3580 = CARTESIAN_POINT ( 'NONE',  ( 4.505787159548751752, 1.976345591718288608, 3.319999999999998952 ) ) ;
#3581 = CARTESIAN_POINT ( 'NONE',  ( 1.042090810732842154, -10.96774529953672683, 3.720000000000000195 ) ) ;
#3582 = LINE ( 'NONE', #3198, #8039 ) ;
#3583 = CARTESIAN_POINT ( 'NONE',  ( -12.30000000000000426, 15.80000000000000071, 2.720000000000000195 ) ) ;
#3584 = CARTESIAN_POINT ( 'NONE',  ( -0.6916666666666668739, 2.540106081495100199, 3.319999999999999840 ) ) ;
#3585 = ORIENTED_EDGE ( 'NONE', *, *, #514, .F. ) ;
#3586 = CARTESIAN_POINT ( 'NONE',  ( 4.575669785790121402, -13.26385939282577020, 3.319999999999998952 ) ) ;
#3587 = ORIENTED_EDGE ( 'NONE', *, *, #7500, .F. ) ;
#3588 = CARTESIAN_POINT ( 'NONE',  ( 1.811935036693962608, -11.46737707486184021, 3.320000000000000284 ) ) ;
#3589 = CARTESIAN_POINT ( 'NONE',  ( 4.600000000000000533, -12.91297104779411775, 3.720000000000000639 ) ) ;
#3590 = ORIENTED_EDGE ( 'NONE', *, *, #2415, .F. ) ;
#3591 = CARTESIAN_POINT ( 'NONE',  ( -0.7672072574601828121, 6.297585255155870421, 3.720000000000000639 ) ) ;
#3592 = VECTOR ( 'NONE', #5267, 1000.000000000000000 ) ;
#3593 = DIRECTION ( 'NONE',  ( -0.000000000000000000, -1.000000000000000000, 0.000000000000000000 ) ) ;
#3594 = CARTESIAN_POINT ( 'NONE',  ( 4.467303429947890869, -3.257188697702243729, 3.319999999999998952 ) ) ;
#3595 = CARTESIAN_POINT ( 'NONE',  ( 3.816051211593602499, 6.518621165826983699, 3.719999999999998419 ) ) ;
#3596 = ADVANCED_FACE ( 'NONE', ( #6784 ), #3722, .T. ) ;
#3597 = VERTEX_POINT ( 'NONE', #7436 ) ;
#3598 = CARTESIAN_POINT ( 'NONE',  ( 2.145222136040061844, -8.006215129161462940, 3.320000000000001172 ) ) ;
#3599 = EDGE_LOOP ( 'NONE', ( #904, #7918, #3841, #3803 ) ) ;
#3600 = CARTESIAN_POINT ( 'NONE',  ( 2.918494823187900433, -9.094351888577770993, 3.319999999999999840 ) ) ;
#3601 = CARTESIAN_POINT ( 'NONE',  ( -0.7678912903691766934, -6.496487466147222278, 3.720000000000001084 ) ) ;
#3602 = DIRECTION ( 'NONE',  ( 1.000000000000000000, 0.000000000000000000, 0.000000000000000000 ) ) ;
#3603 = DIRECTION ( 'NONE',  ( -0.000000000000000000, -0.000000000000000000, 1.000000000000000000 ) ) ;
#3604 = CIRCLE ( 'NONE', #4638, 0.2999999999999999334 ) ;
#3605 = CARTESIAN_POINT ( 'NONE',  ( 4.673061466302258715, 6.006333644497314772, 3.719999999999999307 ) ) ;
#3606 = CARTESIAN_POINT ( 'NONE',  ( 4.388927285258673372, 7.645832914102855149, 3.320000000000001616 ) ) ;
#3607 = CIRCLE ( 'NONE', #1254, 0.2999999999999999334 ) ;
#3608 = EDGE_CURVE ( 'NONE', #5485, #3718, #4859, .T. ) ;
#3609 = ORIENTED_EDGE ( 'NONE', *, *, #5712, .F. ) ;
#3610 = AXIS2_PLACEMENT_3D ( 'NONE', #4383, #6874, #1938 ) ;
#3611 = ORIENTED_EDGE ( 'NONE', *, *, #620, .T. ) ;
#3612 = LINE ( 'NONE', #3732, #5041 ) ;
#3613 = CARTESIAN_POINT ( 'NONE',  ( -11.69999999999999929, -17.10000000000000853, -1.000000000000001110 ) ) ;
#3614 = AXIS2_PLACEMENT_3D ( 'NONE', #7109, #4060, #7871 ) ;
#3615 = ORIENTED_EDGE ( 'NONE', *, *, #558, .T. ) ;
#3616 = CIRCLE ( 'NONE', #95, 0.2999999999999999334 ) ;
#3617 = EDGE_CURVE ( 'NONE', #2624, #614, #4333, .T. ) ;
#3618 = VECTOR ( 'NONE', #7128, 1000.000000000000000 ) ;
#3619 = CARTESIAN_POINT ( 'NONE',  ( 4.431554698943214632, -8.003711630154999312, 3.720000000000000195 ) ) ;
#3620 = CARTESIAN_POINT ( 'NONE',  ( 0.9111222575578870053, -7.852334575879552858, 3.320000000000001172 ) ) ;
#3621 = CARTESIAN_POINT ( 'NONE',  ( -12.50000000000000000, -15.80000000000000426, -2.000000000000000000 ) ) ;
#3622 = ADVANCED_FACE ( 'NONE', ( #616 ), #1929, .T. ) ;
#3623 = CARTESIAN_POINT ( 'NONE',  ( -3.700000000000003730, -2.699999999999999289, 1.180000000000000160 ) ) ;
#3624 = CARTESIAN_POINT ( 'NONE',  ( 4.558359975347428872, 2.062997804193453799, 3.320000000000000284 ) ) ;
#3625 = AXIS2_PLACEMENT_3D ( 'NONE', #5568, #4311, #4348 ) ;
#3626 = CARTESIAN_POINT ( 'NONE',  ( 1.893370863970587958, -4.117034313725486783, 3.319999999999999840 ) ) ;
#3627 = ORIENTED_EDGE ( 'NONE', *, *, #6764, .F. ) ;
#3628 = CARTESIAN_POINT ( 'NONE',  ( 2.138818883099698809, 7.710033701972363929, 3.319999999999998952 ) ) ;
#3629 = CARTESIAN_POINT ( 'NONE',  ( -0.3576073798248551872, 2.961966012358439038, 3.320000000000000728 ) ) ;
#3630 = ORIENTED_EDGE ( 'NONE', *, *, #2704, .T. ) ;
#3631 = CARTESIAN_POINT ( 'NONE',  ( 3.430282589505371238, -8.939344474866331325, 3.719999999999999307 ) ) ;
#3632 = VERTEX_POINT ( 'NONE', #5106 ) ;
#3633 = DIRECTION ( 'NONE',  ( -1.000000000000000000, -2.775557561562891351E-16, 0.000000000000000000 ) ) ;
#3634 = DIRECTION ( 'NONE',  ( 0.3502085409558159945, -0.9366717556548818102, 0.000000000000000000 ) ) ;
#3635 = CARTESIAN_POINT ( 'NONE',  ( -0.2807895102048653113, 8.086122206351804564, 3.319999999999999396 ) ) ;
#3636 = PRODUCT_CONTEXT ( 'NONE', #5057, 'mechanical' ) ;
#3637 = CARTESIAN_POINT ( 'NONE',  ( -0.6877659055272353772, -2.942861847250256790, 3.320000000000000284 ) ) ;
#3638 = CARTESIAN_POINT ( 'NONE',  ( -13.30000000000001137, 0.000000000000000000, -2.000000000000000000 ) ) ;
#3639 = CARTESIAN_POINT ( 'NONE',  ( 3.392552926481702258, 7.331719794327645978, 3.719999999999998419 ) ) ;
#3640 = ORIENTED_EDGE ( 'NONE', *, *, #8004, .F. ) ;
#3641 = B_SPLINE_CURVE_WITH_KNOTS ( 'NONE', 3,
 ( #4572, #4650, #7143, #7059, #938, #1474, #5914, #4088, #6570, #3352, #5841, #2737, #5226, #5378, #6159, #4810, #7863, #4888, #440 ),
 .UNSPECIFIED., .F., .F.,
 ( 4, 1, 1, 1, 1, 1, 1, 1, 1, 1, 1, 1, 1, 1, 1, 1, 4 ),
 ( 0.000000000000000000, 0.07255272313457271360, 0.1417418909686664341, 0.2077360430198709751, 0.2714290876032899869, 0.3325578037061183156, 0.3914575579804829286, 0.4488933542825400136, 0.5054700295189402670, 0.5615532413088397679, 0.6180923290137484427, 0.6752642379500596315, 0.7344520322322817263, 0.7959842728098599496, 0.8603756616731867979, 0.9280028065836891660, 1.000000000000000000 ),
 .UNSPECIFIED. ) ;
#3642 = CARTESIAN_POINT ( 'NONE',  ( -0.7678912903691766934, 6.499223318166505337, 3.719999999999998419 ) ) ;
#3643 = ORIENTED_EDGE ( 'NONE', *, *, #3463, .T. ) ;
#3644 = DIRECTION ( 'NONE',  ( 0.000000000000000000, 0.000000000000000000, 1.000000000000000000 ) ) ;
#3645 = CARTESIAN_POINT ( 'NONE',  ( 13.29999999999999716, 15.80000000000000071, 3.720000000000000195 ) ) ;
#3646 = CARTESIAN_POINT ( 'NONE',  ( 4.186240696848510190, 4.600714191899043293, 3.320000000000000284 ) ) ;
#3647 = CARTESIAN_POINT ( 'NONE',  ( 11.70000000000000107, 16.60000000000000497, 3.720000000000000195 ) ) ;
#3648 = EDGE_CURVE ( 'NONE', #4108, #7956, #1967, .T. ) ;
#3649 = CARTESIAN_POINT ( 'NONE',  ( 4.029911706819155448, 4.435221385304011221, 3.719999999999999307 ) ) ;
#3650 = LINE ( 'NONE', #539, #7209 ) ;
#3651 = ORIENTED_EDGE ( 'NONE', *, *, #2086, .T. ) ;
#3652 = EDGE_LOOP ( 'NONE', ( #4172, #6807, #1096, #2253 ) ) ;
#3653 = DIRECTION ( 'NONE',  ( 0.000000000000000000, -1.000000000000000000, 0.000000000000000000 ) ) ;
#3654 = FACE_OUTER_BOUND ( 'NONE', #6038, .T. ) ;
#3655 = ORIENTED_EDGE ( 'NONE', *, *, #2206, .F. ) ;
#3656 = ADVANCED_FACE ( 'NONE', ( #4416 ), #4373, .T. ) ;
#3657 = ORIENTED_EDGE ( 'NONE', *, *, #1294, .T. ) ;
#3658 = CARTESIAN_POINT ( 'NONE',  ( 0.2323243807279838646, -7.288341355657583343, 3.319999999999999396 ) ) ;
#3659 = CARTESIAN_POINT ( 'NONE',  ( 0.9790019914215682961, -10.96507352941176272, 3.719999999999999307 ) ) ;
#3660 = CARTESIAN_POINT ( 'NONE',  ( 3.821813725490196045, -6.660730698529407690, 3.319999999999999840 ) ) ;
#3661 = ADVANCED_FACE ( 'NONE', ( #4533 ), #818, .F. ) ;
#3662 = DIRECTION ( 'NONE',  ( -1.000000000000000000, 0.000000000000000000, 0.000000000000000000 ) ) ;
#3663 = EDGE_CURVE ( 'NONE', #2203, #1459, #1433, .T. ) ;
#3664 = CARTESIAN_POINT ( 'NONE',  ( 0.9790019914215682961, -10.96507352941176272, 3.719999999999999307 ) ) ;
#3665 = VERTEX_POINT ( 'NONE', #3928 ) ;
#3666 = CARTESIAN_POINT ( 'NONE',  ( 1.998534280465897650, -10.10659455469320633, 3.719999999999999307 ) ) ;
#3667 = CARTESIAN_POINT ( 'NONE',  ( -0.3576073798248551872, 2.961966012358439038, 3.720000000000001084 ) ) ;
#3668 = ORIENTED_EDGE ( 'NONE', *, *, #3763, .F. ) ;
#3669 = PLANE ( 'NONE',  #5302 ) ;
#3670 = EDGE_LOOP ( 'NONE', ( #4512, #3001, #154, #1277 ) ) ;
#3671 = EDGE_CURVE ( 'NONE', #838, #5077, #7642, .T. ) ;
#3672 = FACE_OUTER_BOUND ( 'NONE', #207, .T. ) ;
#3673 = CARTESIAN_POINT ( 'NONE',  ( 1.024465089744439839, 7.611242933529308807, 3.319999999999999396 ) ) ;
#3674 = CARTESIAN_POINT ( 'NONE',  ( -0.5839902617161963905, 5.284684533755481084, 3.319999999999999396 ) ) ;
#3675 = CARTESIAN_POINT ( 'NONE',  ( -0.6916666666666668739, -13.08806295955882248, 3.720000000000000195 ) ) ;
#3676 = CARTESIAN_POINT ( 'NONE',  ( 0.2161872585927950563, -5.984733963209365015, 3.320000000000000728 ) ) ;
#3677 = PLANE ( 'NONE',  #5688 ) ;
#3678 = VECTOR ( 'NONE', #3458, 1000.000000000000000 ) ;
#3679 = VERTEX_POINT ( 'NONE', #3804 ) ;
#3680 = CARTESIAN_POINT ( 'NONE',  ( 2.717426679218164942, -7.946603191094943952, 3.320000000000000284 ) ) ;
#3681 = ORIENTED_EDGE ( 'NONE', *, *, #4561, .T. ) ;
#3682 = CARTESIAN_POINT ( 'NONE',  ( 3.651875885848974157, -8.831700331566464612, 3.319999999999999840 ) ) ;
#3683 = CARTESIAN_POINT ( 'NONE',  ( 0.2499247949663248036, -4.468650837177396973, 3.719999999999999307 ) ) ;
#3684 = CARTESIAN_POINT ( 'NONE',  ( 4.468807348917150257, -2.252967918228399480, 3.720000000000000639 ) ) ;
#3685 = LINE ( 'NONE', #4300, #2044 ) ;
#3686 = LINE ( 'NONE', #4944, #5601 ) ;
#3687 = CIRCLE ( 'NONE', #6809, 1.600000000000000755 ) ;
#3688 = CARTESIAN_POINT ( 'NONE',  ( 4.261889006266473601, 7.859043793978589321, 3.720000000000000639 ) ) ;
#3689 = EDGE_CURVE ( 'NONE', #425, #1188, #3767, .T. ) ;
#3690 = ORIENTED_EDGE ( 'NONE', *, *, #6760, .F. ) ;
#3691 = ORIENTED_EDGE ( 'NONE', *, *, #7604, .T. ) ;
#3692 = CARTESIAN_POINT ( 'NONE',  ( -3.900000000000004796, 16.29999999999999716, 2.720000000000000195 ) ) ;
#3693 = DIRECTION ( 'NONE',  ( 0.7071067811865352493, 0.7071067811865597852, 0.000000000000000000 ) ) ;
#3694 = ORIENTED_EDGE ( 'NONE', *, *, #2401, .T. ) ;
#3695 = ORIENTED_EDGE ( 'NONE', *, *, #951, .T. ) ;
#3696 = CARTESIAN_POINT ( 'NONE',  ( 0.3659679270342620638, -8.809046985882316605, 3.720000000000000639 ) ) ;
#3697 = DIRECTION ( 'NONE',  ( 0.000000000000000000, 0.000000000000000000, -1.000000000000000000 ) ) ;
#3698 = AXIS2_PLACEMENT_3D ( 'NONE', #7720, #4017, #1184 ) ;
#3699 = EDGE_CURVE ( 'NONE', #6143, #2961, #167, .T. ) ;
#3700 = FACE_OUTER_BOUND ( 'NONE', #3515, .T. ) ;
#3701 = CARTESIAN_POINT ( 'NONE',  ( 3.137180618666890464, -5.501334542793305360, 3.720000000000000195 ) ) ;
#3702 = ORIENTED_EDGE ( 'NONE', *, *, #3617, .F. ) ;
#3703 = CARTESIAN_POINT ( 'NONE',  ( 2.992843763966192672, 7.557583318804179662, 3.320000000000000284 ) ) ;
#3704 = EDGE_CURVE ( 'NONE', #115, #4689, #4277, .T. ) ;
#3705 = CARTESIAN_POINT ( 'NONE',  ( -0.2958112996687715657, 2.963607080435438856, 3.320000000000000728 ) ) ;
#3706 = ADVANCED_FACE ( 'NONE', ( #777, #2532, #3272, #5755, #5716, #689 ), #130, .T. ) ;
#3707 = ORIENTED_EDGE ( 'NONE', *, *, #4733, .T. ) ;
#3708 = CONICAL_SURFACE ( 'NONE', #7487, 1.600000000000000755, 0.7853981633974492782 ) ;
#3709 = ORIENTED_EDGE ( 'NONE', *, *, #3811, .F. ) ;
#3710 = DIRECTION ( 'NONE',  ( -0.000000000000000000, -0.000000000000000000, 1.000000000000000000 ) ) ;
#3711 = CARTESIAN_POINT ( 'NONE',  ( -0.7694852941176472116, -6.595071231617643193, 3.319999999999999840 ) ) ;
#3712 = CARTESIAN_POINT ( 'NONE',  ( -0.7678912903691766934, 6.499223318166505337, 3.319999999999999840 ) ) ;
#3713 = EDGE_CURVE ( 'NONE', #2099, #2353, #2967, .T. ) ;
#3714 = CARTESIAN_POINT ( 'NONE',  ( -0.2961969039688158167, -3.259653733640624385, 3.320000000000000728 ) ) ;
#3715 = CARTESIAN_POINT ( 'NONE',  ( 12.50000000000000000, -16.60000000000000142, -2.000000000000000000 ) ) ;
#3716 = CARTESIAN_POINT ( 'NONE',  ( 4.428555836397059409, -3.261029411764704289, 3.319999999999999840 ) ) ;
#3717 = EDGE_CURVE ( 'NONE', #2367, #6285, #5144, .T. ) ;
#3718 = VERTEX_POINT ( 'NONE', #2578 ) ;
#3719 = DIRECTION ( 'NONE',  ( -0.000000000000000000, -1.000000000000000000, -0.000000000000000000 ) ) ;
#3720 = CARTESIAN_POINT ( 'NONE',  ( -0.6859008748015064105, 7.229051735239396592, 3.319999999999998952 ) ) ;
#3721 = ORIENTED_EDGE ( 'NONE', *, *, #2101, .F. ) ;
#3722 = PLANE ( 'NONE',  #2314 ) ;
#3723 = CARTESIAN_POINT ( 'NONE',  ( 0.9752670516640307152, -4.201849096592345845, 3.320000000000000728 ) ) ;
#3724 = CARTESIAN_POINT ( 'NONE',  ( -2.700000000000005507, 8.599999999999999645, 1.180000000000000160 ) ) ;
#3725 = DIRECTION ( 'NONE',  ( 0.000000000000000000, 0.000000000000000000, 1.000000000000000000 ) ) ;
#3726 = CARTESIAN_POINT ( 'NONE',  ( 4.593240460903885491, 5.459865670122503900, 3.719999999999999751 ) ) ;
#3727 = CARTESIAN_POINT ( 'NONE',  ( 3.751816608296655531, 8.379903677557836161, 3.720000000000000195 ) ) ;
#3728 = ORIENTED_EDGE ( 'NONE', *, *, #1013, .F. ) ;
#3729 = AXIS2_PLACEMENT_3D ( 'NONE', #2642, #3873, #599 ) ;
#3730 = ORIENTED_EDGE ( 'NONE', *, *, #7280, .F. ) ;
#3731 = VECTOR ( 'NONE', #1887, 1000.000000000000000 ) ;
#3732 = CARTESIAN_POINT ( 'NONE',  ( -1.300000000000004263, 12.40000000000000213, 3.720000000000000195 ) ) ;
#3733 = DIRECTION ( 'NONE',  ( 0.5773502691896257311, -0.5773502691896257311, 0.5773502691896257311 ) ) ;
#3734 = B_SPLINE_CURVE_WITH_KNOTS ( 'NONE', 3,
 ( #4550, #837, #2071, #1942, #1363, #7076, #709, #7610, #5162, #4432, #6344, #6919, #1493, #3247, #3328, #754, #5814, #6389, #2716 ),
 .UNSPECIFIED., .F., .F.,
 ( 4, 1, 1, 1, 1, 1, 1, 1, 1, 1, 1, 1, 1, 1, 1, 1, 4 ),
 ( 0.000000000000000000, 0.07205748326946208315, 0.1383846133461964778, 0.2008197347184779435, 0.2598038300101357390, 0.3168503838887137825, 0.3728482335114459700, 0.4283531432337642775, 0.4848110048265389938, 0.5426269460141154299, 0.6014573603993190742, 0.6628287376421636568, 0.7267901150654367814, 0.7927359298324763159, 0.8605160265926914409, 0.9294173656588029520, 0.9999999999999998890 ),
 .UNSPECIFIED. ) ;
#3735 = CYLINDRICAL_SURFACE ( 'NONE', #3367, 1.199999999999999956 ) ;
#3736 = ORIENTED_EDGE ( 'NONE', *, *, #2152, .T. ) ;
#3737 = DIRECTION ( 'NONE',  ( 0.7071067811865352493, -0.000000000000000000, 0.7071067811865597852 ) ) ;
#3738 = CARTESIAN_POINT ( 'NONE',  ( -5.600000000000004086, -16.30000000000000071, 1.180000000000000160 ) ) ;
#3739 = VECTOR ( 'NONE', #1583, 1000.000000000000000 ) ;
#3740 = AXIS2_PLACEMENT_3D ( 'NONE', #2295, #1644, #4782 ) ;
#3741 = AXIS2_PLACEMENT_3D ( 'NONE', #6369, #200, #3224 ) ;
#3742 = VECTOR ( 'NONE', #3123, 1000.000000000000000 ) ;
#3743 = DIRECTION ( 'NONE',  ( -0.000000000000000000, 1.000000000000000000, -0.000000000000000000 ) ) ;
#3744 = AXIS2_PLACEMENT_3D ( 'NONE', #5853, #3854, #5236 ) ;
#3745 = DIRECTION ( 'NONE',  ( 1.257045997084642858E-16, -1.000000000000000000, 0.000000000000000000 ) ) ;
#3746 = ORIENTED_EDGE ( 'NONE', *, *, #228, .F. ) ;
#3747 = CARTESIAN_POINT ( 'NONE',  ( 3.816051211593602943, -6.477089618486742140, 3.319999999999999396 ) ) ;
#3748 = EDGE_CURVE ( 'NONE', #3489, #2691, #6357, .T. ) ;
#3749 = VECTOR ( 'NONE', #3764, 1000.000000000000000 ) ;
#3750 = DIRECTION ( 'NONE',  ( 0.000000000000000000, 0.000000000000000000, -1.000000000000000000 ) ) ;
#3751 = VECTOR ( 'NONE', #6966, 1000.000000000000000 ) ;
#3752 = VECTOR ( 'NONE', #7557, 1000.000000000000000 ) ;
#3753 = EDGE_LOOP ( 'NONE', ( #2406, #7122, #3529, #5754, #7763, #676 ) ) ;
#3754 = VERTEX_POINT ( 'NONE', #3842 ) ;
#3755 = DIRECTION ( 'NONE',  ( 1.334402673828310677E-15, -1.000000000000000000, 0.000000000000000000 ) ) ;
#3756 = PLANE ( 'NONE',  #1917 ) ;
#3757 = DIRECTION ( 'NONE',  ( 0.7071067811865470176, -2.096811509994356411E-16, -0.7071067811865480168 ) ) ;
#3758 = EDGE_CURVE ( 'NONE', #7125, #4729, #5396, .T. ) ;
#3759 = CARTESIAN_POINT ( 'NONE',  ( 2.793941042246974593, 8.791575155795523955, 3.720000000000000195 ) ) ;
#3760 = CARTESIAN_POINT ( 'NONE',  ( 3.820291584535983720, 6.272059352751123917, 3.319999999999999396 ) ) ;
#3761 = CARTESIAN_POINT ( 'NONE',  ( 2.672588160371158317, 7.646500050904040613, 3.319999999999999396 ) ) ;
#3762 = EDGE_LOOP ( 'NONE', ( #798, #6951, #2645, #5587 ) ) ;
#3763 = EDGE_CURVE ( 'NONE', #7620, #1553, #3061, .T. ) ;
#3764 = DIRECTION ( 'NONE',  ( -1.000000000000000000, 0.000000000000000000, 0.000000000000000000 ) ) ;
#3765 = LINE ( 'NONE', #5066, #1002 ) ;
#3766 = ORIENTED_EDGE ( 'NONE', *, *, #4147, .T. ) ;
#3767 = LINE ( 'NONE', #3888, #5314 ) ;
#3768 = CARTESIAN_POINT ( 'NONE',  ( -0.6164900733481315509, -5.524605941113652108, 3.320000000000000284 ) ) ;
#3769 = CARTESIAN_POINT ( 'NONE',  ( 4.431554698943212856, 4.991999154158729191, 3.319999999999999840 ) ) ;
#3770 = CARTESIAN_POINT ( 'NONE',  ( -1.500000000000003553, -2.699999999999999289, 1.180000000000000160 ) ) ;
#3771 = ADVANCED_FACE ( 'NONE', ( #3965, #1556, #2775 ), #4727, .F. ) ;
#3772 = CARTESIAN_POINT ( 'NONE',  ( 3.185488916432714923, 3.969369495385417057, 3.719999999999999751 ) ) ;
#3773 = CARTESIAN_POINT ( 'NONE',  ( 4.493348393666128260, 7.413504652496997416, 3.719999999999999751 ) ) ;
#3774 = ORIENTED_EDGE ( 'NONE', *, *, #1650, .T. ) ;
#3775 = VECTOR ( 'NONE', #3909, 1000.000000000000000 ) ;
#3776 = ORIENTED_EDGE ( 'NONE', *, *, #1467, .T. ) ;
#3777 = B_SPLINE_CURVE_WITH_KNOTS ( 'NONE', 3,
 ( #5833, #1624, #1008, #244, #7093, #1047, #4318, #4924, #6189, #7253, #1829, #3703, #1746, #2888, #519, #1133, #3628, #6727, #2322 ),
 .UNSPECIFIED., .F., .F.,
 ( 4, 1, 1, 1, 1, 1, 1, 1, 1, 1, 1, 1, 1, 1, 1, 1, 4 ),
 ( 0.000000000000000000, 0.07149656788989849909, 0.1372347993065047012, 0.1988748477493302025, 0.2572054886636671589, 0.3135581160319536043, 0.3694722243070940326, 0.4248811919614345345, 0.4816446580183228465, 0.5394105037031807770, 0.5988117855067707218, 0.6604311747885501793, 0.7247911273548536260, 0.7911318479775065748, 0.8588418682783206526, 0.9285850992271064142, 1.000000000000000000 ),
 .UNSPECIFIED. ) ;
#3778 = CARTESIAN_POINT ( 'NONE',  ( 4.675496803454073813, -6.591321839957387851, 3.319999999999999396 ) ) ;
#3779 = FACE_OUTER_BOUND ( 'NONE', #4543, .T. ) ;
#3780 = LINE ( 'NONE', #3160, #7269 ) ;
#3781 = ADVANCED_FACE ( 'NONE', ( #5341 ), #902, .F. ) ;
#3782 = CARTESIAN_POINT ( 'NONE',  ( 2.368837935621445734, -10.48687101556896550, 3.720000000000000639 ) ) ;
#3783 = CARTESIAN_POINT ( 'NONE',  ( 1.384159298394787241, -9.138703639453048311, 3.719999999999999751 ) ) ;
#3784 = LINE ( 'NONE', #4274, #6291 ) ;
#3785 = VECTOR ( 'NONE', #7877, 1000.000000000000000 ) ;
#3786 = DIRECTION ( 'NONE',  ( 0.000000000000000000, -1.000000000000000000, -0.000000000000000000 ) ) ;
#3787 = CARTESIAN_POINT ( 'NONE',  ( 4.635614459181250702, -6.103178408703778146, 3.320000000000001172 ) ) ;
#3788 = VERTEX_POINT ( 'NONE', #288 ) ;
#3789 = CARTESIAN_POINT ( 'NONE',  ( 12.50000000000000000, 16.60000000000000497, -2.000000000000000000 ) ) ;
#3790 = LINE ( 'NONE', #717, #1004 ) ;
#3791 = ORIENTED_EDGE ( 'NONE', *, *, #1729, .T. ) ;
#3792 = ORIENTED_EDGE ( 'NONE', *, *, #1417, .T. ) ;
#3793 = CARTESIAN_POINT ( 'NONE',  ( 1.042090810732842154, -10.96774529953672683, 3.319999999999999840 ) ) ;
#3794 = LINE ( 'NONE', #4566, #7780 ) ;
#3795 = DIRECTION ( 'NONE',  ( 0.000000000000000000, -0.000000000000000000, 1.000000000000000000 ) ) ;
#3796 = FACE_OUTER_BOUND ( 'NONE', #2417, .T. ) ;
#3797 = CARTESIAN_POINT ( 'NONE',  ( 2.717426679218164498, 5.049107593218783663, 3.320000000000000284 ) ) ;
#3798 = CARTESIAN_POINT ( 'NONE',  ( 11.70000000000000107, -15.80000000000000071, -2.000000000000000000 ) ) ;
#3799 = EDGE_CURVE ( 'NONE', #460, #67, #7376, .T. ) ;
#3800 = EDGE_LOOP ( 'NONE', ( #1016, #5443, #4243, #4870 ) ) ;
#3801 = CARTESIAN_POINT ( 'NONE',  ( 4.677818627450980316, 6.302150352328435012, 3.319999999999999840 ) ) ;
#3802 = FACE_OUTER_BOUND ( 'NONE', #2281, .T. ) ;
#3803 = ORIENTED_EDGE ( 'NONE', *, *, #2165, .T. ) ;
#3804 = CARTESIAN_POINT ( 'NONE',  ( -3.000000000000004441, -16.60000000000000497, 1.180000000000000160 ) ) ;
#3805 = CARTESIAN_POINT ( 'NONE',  ( 4.424908088235294024, -0.7307081035539197966, 3.319999999999999840 ) ) ;
#3806 = CARTESIAN_POINT ( 'NONE',  ( -0.3564335986488174068, -10.42158189028568138, 3.319999999999998952 ) ) ;
#3807 = LINE ( 'NONE', #6787, #5554 ) ;
#3808 = CARTESIAN_POINT ( 'NONE',  ( 0.08651960784313711406, 6.364162071078435012, 3.320000000000000728 ) ) ;
#3809 = CARTESIAN_POINT ( 'NONE',  ( -2.400000000000004352, 16.29999999999999716, 2.720000000000000195 ) ) ;
#3810 = CARTESIAN_POINT ( 'NONE',  ( 3.392552926481702258, 7.331719794327645978, 3.719999999999999307 ) ) ;
#3811 = EDGE_CURVE ( 'NONE', #6844, #5624, #1123, .T. ) ;
#3812 = ORIENTED_EDGE ( 'NONE', *, *, #2218, .T. ) ;
#3813 = ORIENTED_EDGE ( 'NONE', *, *, #4539, .F. ) ;
#3814 = CARTESIAN_POINT ( 'NONE',  ( 4.493348393666129148, -5.582206131816730199, 3.320000000000000284 ) ) ;
#3815 = FACE_OUTER_BOUND ( 'NONE', #1234, .T. ) ;
#3816 = VECTOR ( 'NONE', #3102, 1000.000000000000114 ) ;
#3817 = DIRECTION ( 'NONE',  ( 0.000000000000000000, 0.000000000000000000, 1.000000000000000000 ) ) ;
#3818 = CARTESIAN_POINT ( 'NONE',  ( 3.852128128363635717, -8.706278114697187931, 3.319999999999999840 ) ) ;
#3819 = CARTESIAN_POINT ( 'NONE',  ( 1.883173295279584769, -9.172994873133347937, 3.720000000000000639 ) ) ;
#3820 = DIRECTION ( 'NONE',  ( 1.000000000000000000, 0.000000000000000000, 0.000000000000000000 ) ) ;
#3821 = CIRCLE ( 'NONE', #2388, 0.5999999999999999778 ) ;
#3822 = EDGE_CURVE ( 'NONE', #1207, #6409, #5301, .T. ) ;
#3823 = DIRECTION ( 'NONE',  ( -0.000000000000000000, -0.7071067811865475727, -0.7071067811865475727 ) ) ;
#3824 = LINE ( 'NONE', #7493, #3521 ) ;
#3825 = CARTESIAN_POINT ( 'NONE',  ( 3.790240772047972495, -6.303403028093423011, 3.720000000000001528 ) ) ;
#3826 = VERTEX_POINT ( 'NONE', #2129 ) ;
#3827 = CARTESIAN_POINT ( 'NONE',  ( -0.6903292029477906544, -2.886666560321077046, 3.720000000000000639 ) ) ;
#3828 = VECTOR ( 'NONE', #6815, 1000.000000000000000 ) ;
#3829 = LINE ( 'NONE', #29, #2706 ) ;
#3830 = VERTEX_POINT ( 'NONE', #7178 ) ;
#3831 = VERTEX_POINT ( 'NONE', #7752 ) ;
#3832 = CARTESIAN_POINT ( 'NONE',  ( -12.30000000000000426, 6.000000000000001776, 1.180000000000000160 ) ) ;
#3833 = DIRECTION ( 'NONE',  ( 1.000000000000000000, -0.000000000000000000, -0.000000000000000000 ) ) ;
#3834 = CARTESIAN_POINT ( 'NONE',  ( 0.2161872585927950563, -5.984733963209365015, 3.720000000000001084 ) ) ;
#3835 = CARTESIAN_POINT ( 'NONE',  ( 4.439164516495902824, -0.7254709837615080925, 3.319999999999999840 ) ) ;
#3836 = CARTESIAN_POINT ( 'NONE',  ( 3.753962127863435416, 5.823168533006934489, 3.720000000000000195 ) ) ;
#3837 = DIRECTION ( 'NONE',  ( 1.000000000000000000, 0.000000000000000000, 0.000000000000000000 ) ) ;
#3838 = AXIS2_PLACEMENT_3D ( 'NONE', #1539, #147, #2594 ) ;
#3839 = FACE_OUTER_BOUND ( 'NONE', #2309, .T. ) ;
#3840 = DIRECTION ( 'NONE',  ( 1.000000000000000000, -0.000000000000000000, 0.000000000000000000 ) ) ;
#3841 = ORIENTED_EDGE ( 'NONE', *, *, #6419, .F. ) ;
#3842 = CARTESIAN_POINT ( 'NONE',  ( -11.69999999999999929, -17.10000000000000853, -1.000000000000001110 ) ) ;
#3843 = CARTESIAN_POINT ( 'NONE',  ( 4.599351801395302530, -0.3032843649979909961, 3.720000000000001972 ) ) ;
#3844 = VERTEX_POINT ( 'NONE', #7791 ) ;
#3845 = LINE ( 'NONE', #5759, #6461 ) ;
#3846 = CARTESIAN_POINT ( 'NONE',  ( -11.70000000000000462, 15.80000000000000071, -2.000000000000000000 ) ) ;
#3847 = CARTESIAN_POINT ( 'NONE',  ( 0.8701904552719087471, 7.561518018501292460, 3.319999999999999396 ) ) ;
#3848 = EDGE_CURVE ( 'NONE', #5054, #6235, #6532, .T. ) ;
#3849 = DIRECTION ( 'NONE',  ( 0.000000000000000000, -0.000000000000000000, 1.000000000000000000 ) ) ;
#3850 = DIRECTION ( 'NONE',  ( -1.000000000000000000, 0.000000000000000000, 0.000000000000000000 ) ) ;
#3851 = ORIENTED_EDGE ( 'NONE', *, *, #114, .F. ) ;
#3852 = EDGE_LOOP ( 'NONE', ( #5116, #7833, #3651, #4227 ) ) ;
#3853 = CARTESIAN_POINT ( 'NONE',  ( 3.060625051465307056, -4.277632616872093507, 3.320000000000000728 ) ) ;
#3854 = DIRECTION ( 'NONE',  ( 0.000000000000000000, 0.000000000000000000, 1.000000000000000000 ) ) ;
#3855 = DIRECTION ( 'NONE',  ( -1.000000000000000000, 0.000000000000000000, 0.000000000000000000 ) ) ;
#3856 = CARTESIAN_POINT ( 'NONE',  ( 2.098934823967300911, -9.173547036301046731, 3.319999999999999840 ) ) ;
#3857 = DIRECTION ( 'NONE',  ( -0.000000000000000000, -0.000000000000000000, 1.000000000000000000 ) ) ;
#3858 = EDGE_CURVE ( 'NONE', #1397, #1853, #3641, .T. ) ;
#3859 = CARTESIAN_POINT ( 'NONE',  ( 0.1814483570549528246, -11.59610222280833014, 3.720000000000000195 ) ) ;
#3860 = CARTESIAN_POINT ( 'NONE',  ( -13.30000000000000426, -2.500000000000000444, 1.200000000000000178 ) ) ;
#3861 = CARTESIAN_POINT ( 'NONE',  ( 1.190849515199450481, -5.347918996679600134, 3.319999999999999840 ) ) ;
#3862 = ADVANCED_FACE ( 'NONE', ( #6775, #3672 ), #7303, .T. ) ;
#3863 = CARTESIAN_POINT ( 'NONE',  ( 2.837718034825559066, -5.386928447180573620, 3.720000000000000195 ) ) ;
#3864 = EDGE_LOOP ( 'NONE', ( #3870, #459, #3090, #7751, #4714 ) ) ;
#3865 = CARTESIAN_POINT ( 'NONE',  ( 13.29999999999999716, 10.90000000000000036, 3.720000000000000195 ) ) ;
#3866 = EDGE_CURVE ( 'NONE', #4394, #1976, #3078, .T. ) ;
#3867 = VECTOR ( 'NONE', #737, 1000.000000000000114 ) ;
#3868 = CARTESIAN_POINT ( 'NONE',  ( 0.5982294429459222851, 7.428972591851406904, 3.720000000000001084 ) ) ;
#3869 = VECTOR ( 'NONE', #2986, 1000.000000000000000 ) ;
#3870 = ORIENTED_EDGE ( 'NONE', *, *, #7280, .T. ) ;
#3871 = VECTOR ( 'NONE', #3573, 1000.000000000000000 ) ;
#3872 = ORIENTED_EDGE ( 'NONE', *, *, #2598, .T. ) ;
#3873 = DIRECTION ( 'NONE',  ( -1.048405754997177343E-16, 0.7071067811865464625, 0.7071067811865486830 ) ) ;
#3874 = CARTESIAN_POINT ( 'NONE',  ( 4.599999999999999645, 2.456207873774511441, 3.319999999999999840 ) ) ;
#3875 = VECTOR ( 'NONE', #1383, 1000.000000000000000 ) ;
#3876 = AXIS2_PLACEMENT_3D ( 'NONE', #3935, #6947, #5723 ) ;
#3877 = CARTESIAN_POINT ( 'NONE',  ( 0.1573584998753238262, -6.123893486709547140, 3.720000000000000195 ) ) ;
#3878 = EDGE_CURVE ( 'NONE', #3788, #496, #1053, .T. ) ;
#3879 = VECTOR ( 'NONE', #3384, 1000.000000000000000 ) ;
#3880 = CARTESIAN_POINT ( 'NONE',  ( -1.900000000000004130, 17.39999999999999503, 3.720000000000000195 ) ) ;
#3881 = VECTOR ( 'NONE', #4839, 1000.000000000000000 ) ;
#3882 = CARTESIAN_POINT ( 'NONE',  ( -5.000000000000000888, 4.899999999999999467, 3.720000000000000195 ) ) ;
#3883 = DIRECTION ( 'NONE',  ( 0.000000000000000000, 0.000000000000000000, -1.000000000000000000 ) ) ;
#3884 = VERTEX_POINT ( 'NONE', #6733 ) ;
#3885 = AXIS2_PLACEMENT_3D ( 'NONE', #2313, #7369, #4275 ) ;
#3886 = DIRECTION ( 'NONE',  ( -1.000000000000000000, 0.000000000000000000, 0.000000000000000000 ) ) ;
#3887 = EDGE_LOOP ( 'NONE', ( #4461, #3027, #2334, #571, #4039 ) ) ;
#3888 = CARTESIAN_POINT ( 'NONE',  ( 2.732352941176470651, -12.36580882352940947, 3.720000000000000195 ) ) ;
#3889 = CARTESIAN_POINT ( 'NONE',  ( -0.3583353062056645610, -3.257026147506943747, 3.320000000000000284 ) ) ;
#3890 = ORIENTED_EDGE ( 'NONE', *, *, #6854, .T. ) ;
#3891 = AXIS2_PLACEMENT_3D ( 'NONE', #7571, #3737, #2630 ) ;
#3892 = LINE ( 'NONE', #4454, #7234 ) ;
#3893 = CARTESIAN_POINT ( 'NONE',  ( 1.893370863970587958, 8.878676470588239056, 3.319999999999999840 ) ) ;
#3894 = CYLINDRICAL_SURFACE ( 'NONE', #1329, 0.8000000000000003775 ) ;
#3895 = CARTESIAN_POINT ( 'NONE',  ( 4.441569564720878383, 0.3669105947799977674, 3.319999999999999840 ) ) ;
#3896 = CARTESIAN_POINT ( 'NONE',  ( -1.800000000000003597, -4.899999999999999467, 1.180000000000000160 ) ) ;
#3897 = ORIENTED_EDGE ( 'NONE', *, *, #2410, .F. ) ;
#3898 = EDGE_CURVE ( 'NONE', #7538, #1207, #1141, .T. ) ;
#3899 = FACE_OUTER_BOUND ( 'NONE', #7112, .T. ) ;
#3900 = CARTESIAN_POINT ( 'NONE',  ( 4.467640008518714900, 2.960928820918317328, 3.719999999999998419 ) ) ;
#3901 = LINE ( 'NONE', #5770, #4514 ) ;
#3902 = CARTESIAN_POINT ( 'NONE',  ( 2.731169479810037437, -11.83560887905267300, 3.720000000000000195 ) ) ;
#3903 = CARTESIAN_POINT ( 'NONE',  ( -4.000000000000003553, -4.599999999999999645, 2.720000000000000195 ) ) ;
#3904 = CYLINDRICAL_SURFACE ( 'NONE', #4469, 0.2999999999999999334 ) ;
#3905 = ORIENTED_EDGE ( 'NONE', *, *, #13, .T. ) ;
#3906 = EDGE_CURVE ( 'NONE', #460, #7615, #1836, .T. ) ;
#3907 = CARTESIAN_POINT ( 'NONE',  ( -0.5435821929177808709, -13.40168562523410678, 3.320000000000000728 ) ) ;
#3908 = CARTESIAN_POINT ( 'NONE',  ( 1.367406743332829633, -5.318616393498937001, 3.319999999999999840 ) ) ;
#3909 = DIRECTION ( 'NONE',  ( 0.000000000000000000, 0.000000000000000000, 1.000000000000000000 ) ) ;
#3910 = ORIENTED_EDGE ( 'NONE', *, *, #5090, .F. ) ;
#3911 = CARTESIAN_POINT ( 'NONE',  ( -13.30000000000001137, -15.80000000000000071, -2.000000000000000000 ) ) ;
#3912 = DIRECTION ( 'NONE',  ( 1.626303258728256651E-16, 1.000000000000000000, -0.000000000000000000 ) ) ;
#3913 = EDGE_CURVE ( 'NONE', #4952, #2726, #6074, .T. ) ;
#3914 = ORIENTED_EDGE ( 'NONE', *, *, #5508, .T. ) ;
#3915 = EDGE_CURVE ( 'NONE', #7197, #7501, #4170, .T. ) ;
#3916 = VERTEX_POINT ( 'NONE', #402 ) ;
#3917 = VECTOR ( 'NONE', #877, 999.9999999999998863 ) ;
#3918 = DIRECTION ( 'NONE',  ( 0.000000000000000000, -0.000000000000000000, 1.000000000000000000 ) ) ;
#3919 = DIRECTION ( 'NONE',  ( 0.000000000000000000, -0.000000000000000000, -1.000000000000000000 ) ) ;
#3920 = DIRECTION ( 'NONE',  ( 0.000000000000000000, 1.000000000000000000, 0.000000000000000000 ) ) ;
#3921 = CARTESIAN_POINT ( 'NONE',  ( 2.731169479810037437, -11.83560887905267300, 3.319999999999999840 ) ) ;
#3922 = CARTESIAN_POINT ( 'NONE',  ( 2.006871473906586711, 4.988338476769349050, 3.319999999999999840 ) ) ;
#3923 = DIRECTION ( 'NONE',  ( 1.000000000000000000, 0.000000000000000000, 0.000000000000000000 ) ) ;
#3924 = EDGE_LOOP ( 'NONE', ( #1713, #1138, #4447, #4788 ) ) ;
#3925 = ADVANCED_FACE ( 'NONE', ( #2447 ), #5418, .F. ) ;
#3926 = FACE_OUTER_BOUND ( 'NONE', #2894, .T. ) ;
#3927 = VERTEX_POINT ( 'NONE', #1216 ) ;
#3928 = CARTESIAN_POINT ( 'NONE',  ( 2.732352941176470651, -11.92078354779411598, 3.720000000000000195 ) ) ;
#3929 = CARTESIAN_POINT ( 'NONE',  ( -0.6916666666666668739, -2.857345281862743391, 3.719999999999999751 ) ) ;
#3930 = ORIENTED_EDGE ( 'NONE', *, *, #8051, .F. ) ;
#3931 = CARTESIAN_POINT ( 'NONE',  ( 11.29999999999999538, 17.60000000000000142, 1.180000000000000160 ) ) ;
#3932 = DIRECTION ( 'NONE',  ( -1.000000000000000000, 0.000000000000000000, 0.000000000000000000 ) ) ;
#3933 = CARTESIAN_POINT ( 'NONE',  ( 11.69999999999999751, 15.80000000000000071, -2.000000000000000000 ) ) ;
#3934 = CARTESIAN_POINT ( 'NONE',  ( -4.200000000000005507, 16.60000000000000142, 2.720000000000000195 ) ) ;
#3935 = CARTESIAN_POINT ( 'NONE',  ( -2.100000000000004530, 16.29999999999999716, 1.180000000000000160 ) ) ;
#3936 = ORIENTED_EDGE ( 'NONE', *, *, #4657, .F. ) ;
#3937 = ORIENTED_EDGE ( 'NONE', *, *, #3420, .F. ) ;
#3938 = CARTESIAN_POINT ( 'NONE',  ( 2.315515325655293388, 3.825449188798053957, 3.720000000000000195 ) ) ;
#3939 = LINE ( 'NONE', #6298, #4645 ) ;
#3940 = LINE ( 'NONE', #2749, #6489 ) ;
#3941 = CARTESIAN_POINT ( 'NONE',  ( 1.986996400122549300, -9.175245098039214398, 3.320000000000000284 ) ) ;
#3942 = DIRECTION ( 'NONE',  ( -0.000000000000000000, -0.000000000000000000, 1.000000000000000000 ) ) ;
#3943 = DIRECTION ( 'NONE',  ( 0.000000000000000000, 0.000000000000000000, -1.000000000000000000 ) ) ;
#3944 = VECTOR ( 'NONE', #3743, 1000.000000000000000 ) ;
#3945 = DIRECTION ( 'NONE',  ( 1.000000000000000000, 0.000000000000000000, 0.000000000000000000 ) ) ;
#3946 = CARTESIAN_POINT ( 'NONE',  ( 0.2916770998294681005, -5.860909934558534040, 3.719999999999998863 ) ) ;
#3947 = FACE_OUTER_BOUND ( 'NONE', #6883, .T. ) ;
#3948 = ORIENTED_EDGE ( 'NONE', *, *, #3463, .F. ) ;
#3949 = DIRECTION ( 'NONE',  ( 0.000000000000000000, 0.000000000000000000, -1.000000000000000000 ) ) ;
#3950 = VECTOR ( 'NONE', #1000, 1000.000000000000000 ) ;
#3951 = ADVANCED_FACE ( 'NONE', ( #1179 ), #5210, .T. ) ;
#3952 = LINE ( 'NONE', #2232, #7909 ) ;
#3953 = ORIENTED_EDGE ( 'NONE', *, *, #3280, .F. ) ;
#3954 = EDGE_LOOP ( 'NONE', ( #1609, #3226, #3310, #4977 ) ) ;
#3955 = VECTOR ( 'NONE', #4292, 1000.000000000000114 ) ;
#3956 = PLANE ( 'NONE',  #7248 ) ;
#3957 = DIRECTION ( 'NONE',  ( 0.000000000000000000, -1.000000000000000000, 0.000000000000000000 ) ) ;
#3958 = B_SPLINE_CURVE_WITH_KNOTS ( 'NONE', 3,
 ( #7158, #335, #6467, #5320, #7192, #2143, #3372, #7807, #7839, #4626, #7116 ),
 .UNSPECIFIED., .F., .F.,
 ( 4, 1, 1, 1, 1, 1, 1, 1, 4 ),
 ( 0.000000000000000000, 0.1486553670911306135, 0.2775277428356636156, 0.3951627590888814323, 0.5054565679317052362, 0.6152548626441839419, 0.7313970559141982353, 0.8602694316587312651, 1.000000000000000000 ),
 .UNSPECIFIED. ) ;
#3959 = CARTESIAN_POINT ( 'NONE',  ( 1.752482942289505630, 4.989078687295590342, 3.319999999999999396 ) ) ;
#3960 = ADVANCED_FACE ( 'NONE', ( #4403 ), #8066, .T. ) ;
#3961 = CARTESIAN_POINT ( 'NONE',  ( -0.7694852941176472116, 6.400639552696082646, 3.719999999999999307 ) ) ;
#3962 = ORIENTED_EDGE ( 'NONE', *, *, #8025, .T. ) ;
#3963 = LINE ( 'NONE', #2852, #2300 ) ;
#3964 = ORIENTED_EDGE ( 'NONE', *, *, #7853, .T. ) ;
#3965 = FACE_OUTER_BOUND ( 'NONE', #2577, .T. ) ;
#3966 = CARTESIAN_POINT ( 'NONE',  ( -0.4456270348494761890, -3.236709173441353116, 3.719999999999997531 ) ) ;
#3967 = EDGE_CURVE ( 'NONE', #5605, #290, #155, .T. ) ;
#3968 = ORIENTED_EDGE ( 'NONE', *, *, #991, .T. ) ;
#3969 = CARTESIAN_POINT ( 'NONE',  ( -11.70000000000000462, -17.60000000000000142, -2.000000000000000000 ) ) ;
#3970 = CARTESIAN_POINT ( 'NONE',  ( -0.07641314338235286052, 1.090734145220590312, 3.319999999999999840 ) ) ;
#3971 = LINE ( 'NONE', #5345, #4973 ) ;
#3972 = EDGE_CURVE ( 'NONE', #1736, #1178, #7502, .T. ) ;
#3973 = CARTESIAN_POINT ( 'NONE',  ( 4.586843293064019278, 0.1418934705591342882, 3.320000000000000284 ) ) ;
#3974 = AXIS2_PLACEMENT_3D ( 'NONE', #3789, #715, #1369 ) ;
#3975 = DIRECTION ( 'NONE',  ( 0.000000000000000000, 1.000000000000000000, 0.000000000000000000 ) ) ;
#3976 = ORIENTED_EDGE ( 'NONE', *, *, #4319, .T. ) ;
#3977 = ORIENTED_EDGE ( 'NONE', *, *, #4897, .F. ) ;
#3978 = CARTESIAN_POINT ( 'NONE',  ( 2.537481044252467566, 5.022795676850396518, 3.720000000000000195 ) ) ;
#3979 = CARTESIAN_POINT ( 'NONE',  ( 4.558044763804675270, 2.855239479219574328, 3.320000000000000728 ) ) ;
#3980 = DIRECTION ( 'NONE',  ( 1.000000000000000000, 0.000000000000000000, -0.000000000000000000 ) ) ;
#3981 = DIRECTION ( 'NONE',  ( 0.000000000000000000, 0.7071067811865597852, -0.7071067811865352493 ) ) ;
#3982 = CARTESIAN_POINT ( 'NONE',  ( 1.893370863970587958, 8.878676470588239056, 3.319999999999999840 ) ) ;
#3983 = DIRECTION ( 'NONE',  ( 0.000000000000000000, 0.000000000000000000, 1.000000000000000000 ) ) ;
#3984 = CARTESIAN_POINT ( 'NONE',  ( -0.6916666666666668739, -13.08806295955882248, 3.719999999999998419 ) ) ;
#3985 = CARTESIAN_POINT ( 'NONE',  ( 0.1573584998753238262, -6.123893486709547140, 3.719999999999998419 ) ) ;
#3986 = CARTESIAN_POINT ( 'NONE',  ( -11.70000000000000462, -17.60000000000000142, -1.800000000000010481 ) ) ;
#3987 = AXIS2_PLACEMENT_3D ( 'NONE', #252, #7794, #7866 ) ;
#3988 = ORIENTED_EDGE ( 'NONE', *, *, #2762, .F. ) ;
#3989 = CARTESIAN_POINT ( 'NONE',  ( -0.1294659487439625278, 1.108390654109903561, 3.319999999999999396 ) ) ;
#3990 = CARTESIAN_POINT ( 'NONE',  ( 4.536527627813279118, -3.205935567610072479, 3.319999999999998952 ) ) ;
#3991 = CARTESIAN_POINT ( 'NONE',  ( -5.000000000000004441, -13.60000000000000497, 1.180000000000000160 ) ) ;
#3992 = AXIS2_PLACEMENT_3D ( 'NONE', #4053, #7714, #7677 ) ;
#3993 = ORIENTED_EDGE ( 'NONE', *, *, #868, .T. ) ;
#3994 = EDGE_CURVE ( 'NONE', #215, #540, #6890, .T. ) ;
#3995 = VECTOR ( 'NONE', #781, 1000.000000000000000 ) ;
#3996 = CARTESIAN_POINT ( 'NONE',  ( 12.50000000000000000, 15.80000000000000426, 2.720000000000000195 ) ) ;
#3997 = CARTESIAN_POINT ( 'NONE',  ( 1.874290189447912036, -8.007517598670993664, 3.720000000000000195 ) ) ;
#3998 = CARTESIAN_POINT ( 'NONE',  ( -5.000000000000002665, -3.700000000000000178, 6.240000000000000213 ) ) ;
#3999 = VECTOR ( 'NONE', #4086, 1000.000000000000000 ) ;
#4000 = CARTESIAN_POINT ( 'NONE',  ( -0.6916666666666668739, -11.82837392769607554, 3.319999999999999840 ) ) ;
#4001 = VECTOR ( 'NONE', #2485, 1000.000000000000000 ) ;
#4002 = AXIS2_PLACEMENT_3D ( 'NONE', #5361, #6717, #3532 ) ;
#4003 = VERTEX_POINT ( 'NONE', #7462 ) ;
#4004 = VECTOR ( 'NONE', #6201, 1000.000000000000000 ) ;
#4005 = CARTESIAN_POINT ( 'NONE',  ( -5.000000000000004441, -13.90000000000000391, 1.180000000000000160 ) ) ;
#4006 = ORIENTED_EDGE ( 'NONE', *, *, #5634, .T. ) ;
#4007 = ADVANCED_FACE ( 'NONE', ( #3099 ), #1295, .F. ) ;
#4009 = AXIS2_PLACEMENT_3D ( 'NONE', #7363, #7968, #4306 ) ;
#4008 = CARTESIAN_POINT ( 'NONE',  ( 4.599698685512344731, 2.330352783295121633, 3.320000000000000284 ) ) ;
#4010 = CARTESIAN_POINT ( 'NONE',  ( -0.7627894552391498717, -6.897978987647350735, 3.319999999999999396 ) ) ;
#4011 = VECTOR ( 'NONE', #4250, 1000.000000000000000 ) ;
#4012 = EDGE_LOOP ( 'NONE', ( #5766, #3015, #5175, #1669 ) ) ;
#4013 = CARTESIAN_POINT ( 'NONE',  ( 4.589954729084238849, -12.65559033855338811, 3.720000000000001084 ) ) ;
#4014 = CARTESIAN_POINT ( 'NONE',  ( -0.7694852941176472116, 6.400639552696082646, 3.319999999999999840 ) ) ;
#4015 = VECTOR ( 'NONE', #6411, 1000.000000000000000 ) ;
#4016 = CARTESIAN_POINT ( 'NONE',  ( 4.575670638417928870, 2.786128287114034929, 3.319999999999999840 ) ) ;
#4017 = DIRECTION ( 'NONE',  ( 0.000000000000000000, -1.000000000000000000, 0.000000000000000000 ) ) ;
#4018 = CARTESIAN_POINT ( 'NONE',  ( -12.50000000000000355, -15.80000000000000426, -1.500000000000000000 ) ) ;
#4019 = VECTOR ( 'NONE', #7959, 1000.000000000000000 ) ;
#4020 = ADVANCED_FACE ( 'NONE', ( #33 ), #6316, .T. ) ;
#4021 = VECTOR ( 'NONE', #1740, 1000.000000000000000 ) ;
#4022 = EDGE_LOOP ( 'NONE', ( #2915, #6792, #4152, #4858 ) ) ;
#4023 = ORIENTED_EDGE ( 'NONE', *, *, #5193, .F. ) ;
#4024 = EDGE_CURVE ( 'NONE', #7996, #7226, #5580, .T. ) ;
#4025 = LINE ( 'NONE', #948, #1257 ) ;
#4026 = FACE_OUTER_BOUND ( 'NONE', #360, .T. ) ;
#4027 = CARTESIAN_POINT ( 'NONE',  ( 2.006871473906586711, 4.988338476769349050, 3.319999999999999840 ) ) ;
#4028 = CARTESIAN_POINT ( 'NONE',  ( 0.9790019914215682961, -10.96507352941176272, 3.319999999999999840 ) ) ;
#4029 = DIRECTION ( 'NONE',  ( 0.000000000000000000, -0.000000000000000000, 1.000000000000000000 ) ) ;
#4030 = CARTESIAN_POINT ( 'NONE',  ( 0.7681262319355069978, -7.790958769725062183, 3.319999999999998952 ) ) ;
#4031 = ORIENTED_EDGE ( 'NONE', *, *, #6406, .F. ) ;
#4032 = B_SPLINE_CURVE_WITH_KNOTS ( 'NONE', 3,
 ( #3659, #1203, #7452, #3085, #4349, #6835, #22, #4997, #7652, #7572, #793, #3859, #184, #5731, #7695 ),
 .UNSPECIFIED., .F., .F.,
 ( 4, 1, 1, 1, 1, 1, 1, 1, 1, 1, 1, 1, 4 ),
 ( 0.000000000000000000, 0.08800667525339268826, 0.1692994239925851852, 0.2441880341257051668, 0.3141442368979481814, 0.3802678617435278907, 0.4421785746984972509, 0.5007996094790106989, 0.5584807794972254102, 0.6692880726537718816, 0.7779435630487006037, 0.8875320167062364929, 1.000000000000000000 ),
 .UNSPECIFIED. ) ;
#4033 = EDGE_CURVE ( 'NONE', #5173, #4394, #4362, .T. ) ;
#4034 = CARTESIAN_POINT ( 'NONE',  ( 0.7395579345564770035, -10.98651452360902603, 3.320000000000001172 ) ) ;
#4035 = LINE ( 'NONE', #1038, #3007 ) ;
#4036 = ORIENTED_EDGE ( 'NONE', *, *, #747, .F. ) ;
#4037 = MECHANICAL_DESIGN_GEOMETRIC_PRESENTATION_REPRESENTATION (  '', ( #3087 ), #6622 ) ;
#4038 = DIRECTION ( 'NONE',  ( -1.000000000000000000, 0.000000000000000000, -0.000000000000000000 ) ) ;
#4039 = ORIENTED_EDGE ( 'NONE', *, *, #3967, .F. ) ;
#4040 = CARTESIAN_POINT ( 'NONE',  ( 2.500351106119487188, -5.320252202141409370, 3.719999999999997975 ) ) ;
#4041 = AXIS2_PLACEMENT_3D ( 'NONE', #1422, #1461, #5785 ) ;
#4042 = CARTESIAN_POINT ( 'NONE',  ( 4.599999999999999645, -2.757640165441175295, 3.319999999999999840 ) ) ;
#4043 = CARTESIAN_POINT ( 'NONE',  ( 4.599678605473521920, -2.883494662547302134, 3.720000000000000195 ) ) ;
#4044 = CONICAL_SURFACE ( 'NONE', #1420, 0.7999999999999986011, 0.7853981633974653764 ) ;
#4045 = PLANE ( 'NONE',  #7893 ) ;
#4046 = LINE ( 'NONE', #850, #3358 ) ;
#4047 = CARTESIAN_POINT ( 'NONE',  ( 1.874290189447911814, 4.988193185642730398, 3.319999999999999396 ) ) ;
#4048 = B_SPLINE_SURFACE_WITH_KNOTS ( 'NONE', 3, 1, ( 
 ( #7951, #6195 ),
 ( #6123, #1180 ),
 ( #4848, #7304 ),
 ( #1754, #5538 ),
 ( #5581, #2980 ),
 ( #526, #1253 ),
 ( #3673, #2369 ),
 ( #8027, #1711 ),
 ( #2448, #6037 ),
 ( #8067, #5500 ),
 ( #2486, #4206 ),
 ( #7463, #1874 ),
 ( #4363, #1095 ),
 ( #5465, #7344 ),
 ( #5056, #2564 ),
 ( #2084, #4443 ),
 ( #7503, #3137 ),
 ( #6317, #5617 ),
 ( #679, #2643 ) ),
 .UNSPECIFIED., .F., .F., .F.,
 ( 4, 1, 1, 1, 1, 1, 1, 1, 1, 1, 1, 1, 1, 1, 1, 1, 4 ),
 ( 2, 2 ),
 ( 0.000000000000000000, 0.07801658241315510833, 0.1520108989696596080, 0.2235235135621241320, 0.2913608410231871004, 0.3557436233543374571, 0.4173412190993511794, 0.4756446101987402697, 0.5316386042055218919, 0.5858325707155119799, 0.6390406953663664291, 0.6926000062315468275, 0.7470606306267163488, 0.8037278171866862886, 0.8639649962929042415, 0.9293068567077239495, 1.000000000000000000 ),
 ( 0.000000000000000000, 1.000000000000000000 ),
 .UNSPECIFIED. ) ;
#4049 = CARTESIAN_POINT ( 'NONE',  ( -3.000000000000004441, -16.30000000000000071, 1.180000000000000160 ) ) ;
#4050 = VERTEX_POINT ( 'NONE', #5094 ) ;
#4051 = FACE_OUTER_BOUND ( 'NONE', #2609, .T. ) ;
#4052 = VERTEX_POINT ( 'NONE', #6274 ) ;
#4053 = CARTESIAN_POINT ( 'NONE',  ( 11.69999999999999751, -15.80000000000000071, -2.000000000000000000 ) ) ;
#4054 = CARTESIAN_POINT ( 'NONE',  ( -0.7270713678500889676, -7.188240371437884413, 3.720000000000001084 ) ) ;
#4055 = ORIENTED_EDGE ( 'NONE', *, *, #4642, .T. ) ;
#4056 = CARTESIAN_POINT ( 'NONE',  ( 1.104262143940900609, 3.910000280497464953, 3.720000000000001084 ) ) ;
#4057 = CARTESIAN_POINT ( 'NONE',  ( 9.800000000000000711, -3.600000000000000977, 1.180000000000000160 ) ) ;
#4058 = CARTESIAN_POINT ( 'NONE',  ( 2.837718034825559066, -5.386928447180573620, 3.319999999999999840 ) ) ;
#4059 = DIRECTION ( 'NONE',  ( 1.000000000000000000, 0.000000000000000000, 0.000000000000000000 ) ) ;
#4060 = DIRECTION ( 'NONE',  ( 1.000000000000000000, 3.469446951953613696E-16, 0.000000000000000000 ) ) ;
#4061 = EDGE_CURVE ( 'NONE', #5054, #6420, #1129, .T. ) ;
#4062 = EDGE_LOOP ( 'NONE', ( #8034, #7920, #3988, #1435, #6587 ) ) ;
#4063 = ORIENTED_EDGE ( 'NONE', *, *, #7047, .F. ) ;
#4064 = CARTESIAN_POINT ( 'NONE',  ( 3.817382062587413749, 6.151788458473214760, 3.719999999999999751 ) ) ;
#4065 = CARTESIAN_POINT ( 'NONE',  ( 11.29999999999999538, 17.39999999999999503, 1.180000000000000160 ) ) ;
#4066 = CARTESIAN_POINT ( 'NONE',  ( 0.2323243807279836426, 5.707369428656144272, 3.719999999999999307 ) ) ;
#4067 = DIRECTION ( 'NONE',  ( 0.000000000000000000, -0.000000000000000000, 1.000000000000000000 ) ) ;
#4068 = CARTESIAN_POINT ( 'NONE',  ( 0.2323243807279838646, -7.288341355657583343, 3.719999999999998863 ) ) ;
#4069 = EDGE_CURVE ( 'NONE', #7286, #540, #5742, .T. ) ;
#4070 = CARTESIAN_POINT ( 'NONE',  ( -12.30000000000000604, 15.80000000000000071, 2.720000000000000195 ) ) ;
#4071 = DIRECTION ( 'NONE',  ( 0.000000000000000000, 0.000000000000000000, -1.000000000000000000 ) ) ;
#4072 = AXIS2_PLACEMENT_3D ( 'NONE', #1662, #515, #4159 ) ;
#4073 = ADVANCED_FACE ( 'NONE', ( #3136 ), #7582, .F. ) ;
#4074 = VERTEX_POINT ( 'NONE', #74 ) ;
#4075 = LINE ( 'NONE', #6555, #6710 ) ;
#4076 = CARTESIAN_POINT ( 'NONE',  ( 1.682328125744839253, -9.935059128441690035, 3.319999999999999840 ) ) ;
#4077 = ADVANCED_FACE ( 'NONE', ( #5055 ), #4966, .T. ) ;
#4078 = CARTESIAN_POINT ( 'NONE',  ( 4.589937152665778619, -2.993989820046238037, 3.320000000000000728 ) ) ;
#4079 = CARTESIAN_POINT ( 'NONE',  ( 4.575729019196170810, 2.131596470832125334, 3.719999999999999751 ) ) ;
#4080 = LINE ( 'NONE', #6562, #8058 ) ;
#4081 = LINE ( 'NONE', #3340, #4146 ) ;
#4082 = CARTESIAN_POINT ( 'NONE',  ( -1.900000000000004130, 15.80000000000000071, 2.720000000000000195 ) ) ;
#4083 = CARTESIAN_POINT ( 'NONE',  ( -0.6821589192363001208, -11.49570793545183989, 3.320000000000000728 ) ) ;
#4084 = AXIS2_PLACEMENT_3D ( 'NONE', #7879, #5971, #7233 ) ;
#4085 = EDGE_LOOP ( 'NONE', ( #6976, #7325, #5614, #6820 ) ) ;
#4086 = DIRECTION ( 'NONE',  ( 0.000000000000000000, 1.000000000000000000, 0.000000000000000000 ) ) ;
#4087 = ORIENTED_EDGE ( 'NONE', *, *, #1305, .T. ) ;
#4088 = CARTESIAN_POINT ( 'NONE',  ( 0.3659679270342623969, 4.186663798431411898, 3.720000000000000639 ) ) ;
#4089 = CARTESIAN_POINT ( 'NONE',  ( 1.680340340555279921, -9.168598744091152497, 3.720000000000001972 ) ) ;
#4090 = ORIENTED_EDGE ( 'NONE', *, *, #1458, .T. ) ;
#4091 = CARTESIAN_POINT ( 'NONE',  ( 4.600000000000000533, -12.91297104779411775, 3.320000000000000284 ) ) ;
#4092 = CARTESIAN_POINT ( 'NONE',  ( 0.8401748656908839541, 3.980606346774965054, 3.319999999999999840 ) ) ;
#4093 = CARTESIAN_POINT ( 'NONE',  ( 4.599736752102543846, 2.584904392107866489, 3.320000000000000728 ) ) ;
#4094 = CARTESIAN_POINT ( 'NONE',  ( 12.50000000000000355, 15.80000000000000071, -1.500000000000000000 ) ) ;
#4095 = LINE ( 'NONE', #1060, #5427 ) ;
#4096 = VERTEX_POINT ( 'NONE', #6363 ) ;
#4097 = VERTEX_POINT ( 'NONE', #6969 ) ;
#4098 = FACE_OUTER_BOUND ( 'NONE', #217, .T. ) ;
#4099 = DIRECTION ( 'NONE',  ( -0.000000000000000000, -0.000000000000000000, 1.000000000000000000 ) ) ;
#4100 = CARTESIAN_POINT ( 'NONE',  ( 0.09165065479024403494, 6.180325897354459030, 3.319999999999998952 ) ) ;
#4101 = EDGE_CURVE ( 'NONE', #3754, #4050, #3086, .T. ) ;
#4102 = CARTESIAN_POINT ( 'NONE',  ( 12.20000000000000107, -5.099999999999999645, 2.720000000000000195 ) ) ;
#4103 = CARTESIAN_POINT ( 'NONE',  ( 10.69999999999999751, 12.59999999999999964, 2.720000000000000195 ) ) ;
#4104 = ORIENTED_EDGE ( 'NONE', *, *, #7853, .F. ) ;
#4105 = ORIENTED_EDGE ( 'NONE', *, *, #4125, .F. ) ;
#4106 = DIRECTION ( 'NONE',  ( 0.000000000000000000, 0.000000000000000000, 1.000000000000000000 ) ) ;
#4107 = DIRECTION ( 'NONE',  ( 0.000000000000000000, -0.7071067811865486830, -0.7071067811865464625 ) ) ;
#4108 = VERTEX_POINT ( 'NONE', #1252 ) ;
#4109 = EDGE_CURVE ( 'NONE', #6911, #4702, #767, .T. ) ;
#4110 = VERTEX_POINT ( 'NONE', #895 ) ;
#4111 = DIRECTION ( 'NONE',  ( 0.000000000000000000, 0.000000000000000000, 1.000000000000000000 ) ) ;
#4112 = LINE ( 'NONE', #6595, #3950 ) ;
#4113 = LINE ( 'NONE', #5252, #3879 ) ;
#4114 = ADVANCED_FACE ( 'NONE', ( #5218 ), #314, .T. ) ;
#4115 = PRESENTATION_LAYER_ASSIGNMENT (  '', '', ( #7111 ) ) ;
#4116 = CARTESIAN_POINT ( 'NONE',  ( -0.2636642156862746278, 2.964460784313727171, 3.720000000000000195 ) ) ;
#4117 = EDGE_CURVE ( 'NONE', #138, #5225, #5176, .T. ) ;
#4118 = CARTESIAN_POINT ( 'NONE',  ( -0.02759050471766374621, -10.06940707216745068, 3.320000000000000728 ) ) ;
#4119 = CARTESIAN_POINT ( 'NONE',  ( 0.5167474395479868532, -7.627951735273429179, 3.719999999999999751 ) ) ;
#4120 = CARTESIAN_POINT ( 'NONE',  ( -4.400000000000001243, -3.099999999999996980, 2.720000000000000195 ) ) ;
#4121 = CARTESIAN_POINT ( 'NONE',  ( -0.08492455575980373261, -1.321643305759802489, 3.319999999999999840 ) ) ;
#4122 = ORIENTED_EDGE ( 'NONE', *, *, #1009, .T. ) ;
#4123 = FACE_OUTER_BOUND ( 'NONE', #5862, .T. ) ;
#4124 = VERTEX_POINT ( 'NONE', #4600 ) ;
#4125 = EDGE_CURVE ( 'NONE', #580, #3830, #2558, .T. ) ;
#4126 = DIRECTION ( 'NONE',  ( 1.000000000000000000, 0.000000000000000000, -0.000000000000000000 ) ) ;
#4127 = CARTESIAN_POINT ( 'NONE',  ( -0.7270713678500889676, -7.188240371437884413, 3.319999999999999840 ) ) ;
#4128 = VERTEX_POINT ( 'NONE', #7669 ) ;
#4129 = CARTESIAN_POINT ( 'NONE',  ( 1.986996400122548856, 3.820465686274513661, 3.319999999999999840 ) ) ;
#4130 = DIRECTION ( 'NONE',  ( 1.000000000000000000, 0.000000000000000000, 0.000000000000000000 ) ) ;
#4131 = CARTESIAN_POINT ( 'NONE',  ( -12.50000000000000178, 5.500000000000000000, 2.400000000000000355 ) ) ;
#4132 = VECTOR ( 'NONE', #2382, 1000.000000000000000 ) ;
#4133 = DIRECTION ( 'NONE',  ( -1.000000000000000000, 0.000000000000000000, 0.000000000000000000 ) ) ;
#4134 = CARTESIAN_POINT ( 'NONE',  ( -0.6697905033347774095, -13.23700290155031389, 3.720000000000000195 ) ) ;
#4135 = VECTOR ( 'NONE', #6279, 1000.000000000000000 ) ;
#4136 = ORIENTED_EDGE ( 'NONE', *, *, #7931, .T. ) ;
#4137 = ORIENTED_EDGE ( 'NONE', *, *, #5948, .F. ) ;
#4138 = AXIS2_PLACEMENT_3D ( 'NONE', #4668, #333, #5433 ) ;
#4139 = CARTESIAN_POINT ( 'NONE',  ( 0.000000000000000000, 0.000000000000000000, 1.180000000000000160 ) ) ;
#4140 = CARTESIAN_POINT ( 'NONE',  ( -0.3086531096813723840, -13.45526960784313530, 3.720000000000000195 ) ) ;
#4141 = CARTESIAN_POINT ( 'NONE',  ( -5.000000000000002665, 6.000000000000001776, 3.720000000000000195 ) ) ;
#4142 = AXIS2_PLACEMENT_3D ( 'NONE', #1503, #3840, #1303 ) ;
#4143 = CARTESIAN_POINT ( 'NONE',  ( -3.600000000000005862, 8.900000000000000355, 1.180000000000000160 ) ) ;
#4144 = AXIS2_PLACEMENT_3D ( 'NONE', #2747, #5389, #6463 ) ;
#4145 = DIRECTION ( 'NONE',  ( 0.000000000000000000, 0.000000000000000000, 1.000000000000000000 ) ) ;
#4146 = VECTOR ( 'NONE', #4721, 1000.000000000000000 ) ;
#4147 = EDGE_CURVE ( 'NONE', #2552, #3143, #7741, .T. ) ;
#4148 = ORIENTED_EDGE ( 'NONE', *, *, #2307, .T. ) ;
#4149 = ORIENTED_EDGE ( 'NONE', *, *, #826, .F. ) ;
#4150 = CARTESIAN_POINT ( 'NONE',  ( 0.2166598451078104171, -11.44155326080619517, 3.319999999999999840 ) ) ;
#4151 = CARTESIAN_POINT ( 'NONE',  ( 11.70000000000000107, -15.80000000000000071, -2.000000000000000000 ) ) ;
#4152 = ORIENTED_EDGE ( 'NONE', *, *, #3154, .T. ) ;
#4153 = ORIENTED_EDGE ( 'NONE', *, *, #5545, .T. ) ;
#4154 = LINE ( 'NONE', #1041, #1668 ) ;
#4155 = VECTOR ( 'NONE', #6477, 1000.000000000000000 ) ;
#4156 = CARTESIAN_POINT ( 'NONE',  ( 11.69999999999999751, -15.80000000000000071, 3.720000000000000195 ) ) ;
#4157 = CARTESIAN_POINT ( 'NONE',  ( 12.50000000000000000, 15.80000000000000426, 2.720000000000000195 ) ) ;
#4158 = EDGE_CURVE ( 'NONE', #1792, #43, #280, .T. ) ;
#4159 = DIRECTION ( 'NONE',  ( 0.000000000000000000, 0.000000000000000000, 1.000000000000000000 ) ) ;
#4160 = CARTESIAN_POINT ( 'NONE',  ( 4.112569194110244908, -4.943464761142078778, 3.320000000000000284 ) ) ;
#4161 = LINE ( 'NONE', #7294, #4392 ) ;
#4162 = CARTESIAN_POINT ( 'NONE',  ( 2.668470661242713149, -11.21070071526512102, 3.319999999999999396 ) ) ;
#4163 = ADVANCED_FACE ( 'NONE', ( #931 ), #3956, .F. ) ;
#4164 = CARTESIAN_POINT ( 'NONE',  ( -0.02759050471766374621, -10.06940707216745068, 3.720000000000001528 ) ) ;
#4165 = ADVANCED_FACE ( 'NONE', ( #242 ), #4045, .T. ) ;
#4166 = CIRCLE ( 'NONE', #7550, 0.7999999999999986011 ) ;
#4167 = ORIENTED_EDGE ( 'NONE', *, *, #2912, .F. ) ;
#4168 = CARTESIAN_POINT ( 'NONE',  ( 4.599999999999999645, -12.91297104779411598, 3.319999999999999840 ) ) ;
#4169 = EDGE_LOOP ( 'NONE', ( #890, #3640, #5931, #5484 ) ) ;
#4170 = LINE ( 'NONE', #6036, #6987 ) ;
#4171 = CARTESIAN_POINT ( 'NONE',  ( 0.1564578703581392671, -8.676508103508313141, 3.319999999999999396 ) ) ;
#4172 = ORIENTED_EDGE ( 'NONE', *, *, #3858, .F. ) ;
#4173 = LINE ( 'NONE', #6777, #458 ) ;
#4174 = CARTESIAN_POINT ( 'NONE',  ( 1.680340340555279699, 3.827112040222575118, 3.319999999999999396 ) ) ;
#4175 = CARTESIAN_POINT ( 'NONE',  ( 0.1643382352941175073, -2.249387254901959121, 3.319999999999999840 ) ) ;
#4176 = CARTESIAN_POINT ( 'NONE',  ( 1.024465089744439616, -5.384467850784414367, 3.320000000000000284 ) ) ;
#4177 = DIRECTION ( 'NONE',  ( 0.000000000000000000, 1.000000000000000000, 0.000000000000000000 ) ) ;
#4178 = ADVANCED_FACE ( 'NONE', ( #5907 ), #1505, .T. ) ;
#4179 = VERTEX_POINT ( 'NONE', #3996 ) ;
#4180 = VERTEX_POINT ( 'NONE', #7051 ) ;
#4181 = CARTESIAN_POINT ( 'NONE',  ( 4.595140691490882112, 0.05131352188884390902, 3.319999999999999840 ) ) ;
#4182 = CARTESIAN_POINT ( 'NONE',  ( -3.000000000000004441, -16.30000000000000071, -2.000000000000000000 ) ) ;
#4183 = CARTESIAN_POINT ( 'NONE',  ( 4.112569194110244908, -4.943464761142078778, 3.720000000000000639 ) ) ;
#4184 = CARTESIAN_POINT ( 'NONE',  ( 1.226054338099080931, 5.052794362021231223, 3.319999999999998508 ) ) ;
#4185 = CARTESIAN_POINT ( 'NONE',  ( 9.099999999999997868, -3.299999999999998490, 3.720000000000000195 ) ) ;
#4186 = CARTESIAN_POINT ( 'NONE',  ( 1.062979278766167823, -7.905839093357037051, 3.319999999999999396 ) ) ;
#4187 = ORIENTED_EDGE ( 'NONE', *, *, #2443, .F. ) ;
#4188 = VERTEX_POINT ( 'NONE', #2765 ) ;
#4189 = CARTESIAN_POINT ( 'NONE',  ( 11.70000000000000107, -16.60000000000000497, -1.500000000000000000 ) ) ;
#4190 = CARTESIAN_POINT ( 'NONE',  ( -0.1380905708865673709, -1.337731883084837703, 3.719999999999999307 ) ) ;
#4191 = VERTEX_POINT ( 'NONE', #2804 ) ;
#4192 = ORIENTED_EDGE ( 'NONE', *, *, #283, .T. ) ;
#4193 = PLANE ( 'NONE',  #4536 ) ;
#4194 = DIRECTION ( 'NONE',  ( -0.000000000000000000, -0.000000000000000000, 1.000000000000000000 ) ) ;
#4195 = DIRECTION ( 'NONE',  ( 1.000000000000000000, 0.000000000000000000, 0.000000000000000000 ) ) ;
#4196 = DIRECTION ( 'NONE',  ( 0.000000000000000000, 0.000000000000000000, -1.000000000000000000 ) ) ;
#4197 = CARTESIAN_POINT ( 'NONE',  ( 4.493348393666129148, -5.582206131816730199, 3.320000000000000284 ) ) ;
#4198 = FACE_OUTER_BOUND ( 'NONE', #3233, .T. ) ;
#4199 = CARTESIAN_POINT ( 'NONE',  ( 1.846507268213797959, -10.01339988415634963, 3.319999999999999396 ) ) ;
#4200 = EDGE_CURVE ( 'NONE', #1891, #3489, #5332, .T. ) ;
#4201 = CARTESIAN_POINT ( 'NONE',  ( -0.6674336935153163397, 2.727099477895984059, 3.720000000000000639 ) ) ;
#4202 = ORIENTED_EDGE ( 'NONE', *, *, #7056, .T. ) ;
#4203 = CARTESIAN_POINT ( 'NONE',  ( 4.599869662451130381, -12.96081952704074958, 3.319999999999999396 ) ) ;
#4204 = ORIENTED_EDGE ( 'NONE', *, *, #5097, .F. ) ;
#4205 = DIRECTION ( 'NONE',  ( 1.000000000000000000, 0.000000000000000000, 1.590367602192945402E-14 ) ) ;
#4206 = CARTESIAN_POINT ( 'NONE',  ( 0.4813877927264152423, 7.344948295241448655, 3.720000000000001528 ) ) ;
#4207 = EDGE_LOOP ( 'NONE', ( #1805, #857, #5470, #7381 ) ) ;
#4208 = CARTESIAN_POINT ( 'NONE',  ( 4.427339920343137614, -12.36580882352940947, 3.720000000000000195 ) ) ;
#4209 = ADVANCED_FACE ( 'NONE', ( #6485 ), #5291, .T. ) ;
#4210 = LINE ( 'NONE', #6698, #3306 ) ;
#4211 = FACE_OUTER_BOUND ( 'NONE', #2006, .T. ) ;
#4212 = CIRCLE ( 'NONE', #944, 0.2999999999999999334 ) ;
#4213 = CARTESIAN_POINT ( 'NONE',  ( -3.000000000000004441, -16.60000000000000497, 2.720000000000000195 ) ) ;
#4214 = VERTEX_POINT ( 'NONE', #5255 ) ;
#4215 = EDGE_CURVE ( 'NONE', #5544, #521, #7124, .T. ) ;
#4216 = CARTESIAN_POINT ( 'NONE',  ( 0.2499247949663251367, 8.527059947136326201, 3.719999999999998419 ) ) ;
#4217 = ORIENTED_EDGE ( 'NONE', *, *, #5163, .F. ) ;
#4218 = CARTESIAN_POINT ( 'NONE',  ( 4.318756282232527610, -8.208437179940135664, 3.319999999999998952 ) ) ;
#4219 = CARTESIAN_POINT ( 'NONE',  ( 0.4693278649279637449, -4.358877902431265383, 3.720000000000000195 ) ) ;
#4220 = DIRECTION ( 'NONE',  ( 0.000000000000000000, 0.000000000000000000, 1.000000000000000000 ) ) ;
#4221 = CARTESIAN_POINT ( 'NONE',  ( -12.50000000000000000, 15.80000000000000071, 2.720000000000000195 ) ) ;
#4222 = EDGE_CURVE ( 'NONE', #6774, #465, #3248, .T. ) ;
#4223 = CYLINDRICAL_SURFACE ( 'NONE', #5983, 0.2999999999999999334 ) ;
#4224 = FACE_OUTER_BOUND ( 'NONE', #7219, .T. ) ;
#4225 = AXIS2_PLACEMENT_3D ( 'NONE', #2288, #2372, #2335 ) ;
#4226 = ORIENTED_EDGE ( 'NONE', *, *, #2454, .T. ) ;
#4227 = ORIENTED_EDGE ( 'NONE', *, *, #7337, .T. ) ;
#4228 = CARTESIAN_POINT ( 'NONE',  ( 12.50000000000000000, -15.80000000000000071, -2.000000000000000000 ) ) ;
#4229 = DIRECTION ( 'NONE',  ( 1.000000000000000000, 2.965339275174029533E-16, -0.000000000000000000 ) ) ;
#4230 = VERTEX_POINT ( 'NONE', #7133 ) ;
#4231 = ORIENTED_EDGE ( 'NONE', *, *, #4789, .T. ) ;
#4232 = CARTESIAN_POINT ( 'NONE',  ( -2.100000000000004530, 16.60000000000000142, 1.180000000000000160 ) ) ;
#4233 = CARTESIAN_POINT ( 'NONE',  ( -4.400000000000001243, -3.100000000000000533, 3.720000000000000195 ) ) ;
#4234 = FACE_OUTER_BOUND ( 'NONE', #2216, .T. ) ;
#4235 = VECTOR ( 'NONE', #5575, 1000.000000000000000 ) ;
#4236 = CARTESIAN_POINT ( 'NONE',  ( 0.9011833639705878474, -9.797794117647057988, 3.319999999999999840 ) ) ;
#4237 = CARTESIAN_POINT ( 'NONE',  ( 0.3233045617263969884, -9.886739658996839708, 3.319999999999998952 ) ) ;
#4238 = PLANE ( 'NONE',  #6094 ) ;
#4239 = EDGE_LOOP ( 'NONE', ( #5899, #4149, #1504, #937 ) ) ;
#4240 = CARTESIAN_POINT ( 'NONE',  ( 2.668470661242713149, -11.21070071526512102, 3.719999999999999307 ) ) ;
#4241 = CARTESIAN_POINT ( 'NONE',  ( -0.2958112996687715657, 2.963607080435438856, 3.720000000000001084 ) ) ;
#4242 = ADVANCED_FACE ( 'NONE', ( #6524 ), #7782, .F. ) ;
#4243 = ORIENTED_EDGE ( 'NONE', *, *, #6057, .T. ) ;
#4244 = CARTESIAN_POINT ( 'NONE',  ( 4.536077841974388569, -13.39392723107262562, 3.319999999999999396 ) ) ;
#4245 = ORIENTED_EDGE ( 'NONE', *, *, #3704, .T. ) ;
#4246 = DIRECTION ( 'NONE',  ( 1.000000000000000000, 0.000000000000000000, 0.000000000000000000 ) ) ;
#4247 = CARTESIAN_POINT ( 'NONE',  ( 11.70000000000000107, -15.80000000000000071, -1.500000000000000000 ) ) ;
#4248 = CARTESIAN_POINT ( 'NONE',  ( -0.5266806422855280223, 7.695403046215496090, 3.319999999999999840 ) ) ;
#4249 = DIRECTION ( 'NONE',  ( 1.000000000000000000, 0.000000000000000000, 0.000000000000000000 ) ) ;
#4250 = DIRECTION ( 'NONE',  ( 0.000000000000000000, 1.000000000000000000, 0.000000000000000000 ) ) ;
#4251 = CARTESIAN_POINT ( 'NONE',  ( 3.790240772047972495, 6.692307756220304604, 3.319999999999999840 ) ) ;
#4252 = EDGE_CURVE ( 'NONE', #2205, #6911, #4080, .T. ) ;
#4253 = ORIENTED_EDGE ( 'NONE', *, *, #6013, .F. ) ;
#4254 = CARTESIAN_POINT ( 'NONE',  ( 3.821813725490196045, -6.660730698529407690, 3.720000000000000639 ) ) ;
#4255 = ORIENTED_EDGE ( 'NONE', *, *, #1915, .F. ) ;
#4256 = CARTESIAN_POINT ( 'NONE',  ( 4.673061466302259603, -6.989377139816411066, 3.320000000000000284 ) ) ;
#4257 = DIRECTION ( 'NONE',  ( -6.505213034913010038E-15, 1.000000000000000000, 0.000000000000000000 ) ) ;
#4258 = DIRECTION ( 'NONE',  ( -0.000000000000000000, 0.000000000000000000, -1.000000000000000000 ) ) ;
#4259 = CARTESIAN_POINT ( 'NONE',  ( 12.20000000000000107, -5.399999999999999467, 1.180000000000000160 ) ) ;
#4260 = CARTESIAN_POINT ( 'NONE',  ( 4.029911706819155448, 4.435221385304011221, 3.319999999999999396 ) ) ;
#4261 = CARTESIAN_POINT ( 'NONE',  ( 4.635614459181248925, 6.892532375609947692, 3.720000000000000195 ) ) ;
#4262 = EDGE_CURVE ( 'NONE', #2960, #4003, #5879, .T. ) ;
#4263 = EDGE_CURVE ( 'NONE', #6215, #2816, #1085, .T. ) ;
#4264 = EDGE_LOOP ( 'NONE', ( #2148, #2414, #3240, #2090, #4217 ) ) ;
#4265 = CIRCLE ( 'NONE', #872, 0.5999999999999998668 ) ;
#4266 = ORIENTED_EDGE ( 'NONE', *, *, #3199, .T. ) ;
#4267 = DIRECTION ( 'NONE',  ( 0.000000000000000000, -0.000000000000000000, -1.000000000000000000 ) ) ;
#4268 = CARTESIAN_POINT ( 'NONE',  ( 4.467884046924470276, -13.45193082964737741, 3.319999999999999396 ) ) ;
#4269 = ORIENTED_EDGE ( 'NONE', *, *, #640, .T. ) ;
#4270 = CIRCLE ( 'NONE', #743, 0.2999999999999999334 ) ;
#4271 = ORIENTED_EDGE ( 'NONE', *, *, #3648, .T. ) ;
#4272 = DIRECTION ( 'NONE',  ( 1.673797418979496446E-13, -1.150458869753820067E-14, 1.000000000000000000 ) ) ;
#4273 = CIRCLE ( 'NONE', #4917, 0.2999999999999999334 ) ;
#4274 = CARTESIAN_POINT ( 'NONE',  ( 12.50000000000000000, -5.099999999999999645, 1.180000000000000160 ) ) ;
#4275 = DIRECTION ( 'NONE',  ( -1.000000000000000000, 0.000000000000000000, 0.000000000000000000 ) ) ;
#4276 = EDGE_CURVE ( 'NONE', #6898, #3126, #8016, .T. ) ;
#4277 = CIRCLE ( 'NONE', #1796, 0.5999999999999998668 ) ;
#4278 = VECTOR ( 'NONE', #3975, 1000.000000000000000 ) ;
#4279 = LINE ( 'NONE', #4958, #5991 ) ;
#4280 = CARTESIAN_POINT ( 'NONE',  ( -0.6890457873822896095, -11.64631089355323645, 3.319999999999998952 ) ) ;
#4281 = ORIENTED_EDGE ( 'NONE', *, *, #201, .T. ) ;
#4282 = CARTESIAN_POINT ( 'NONE',  ( 2.614830725586548610, -11.00644666026843232, 3.319999999999999840 ) ) ;
#4283 = CARTESIAN_POINT ( 'NONE',  ( -0.1277339207837065171, -10.15170809159413423, 3.319999999999998952 ) ) ;
#4284 = ORIENTED_EDGE ( 'NONE', *, *, #6434, .F. ) ;
#4285 = FACE_OUTER_BOUND ( 'NONE', #6616, .T. ) ;
#4286 = ORIENTED_EDGE ( 'NONE', *, *, #5804, .F. ) ;
#4287 = CARTESIAN_POINT ( 'NONE',  ( 1.339058118298168676, -11.01670192371569534, 3.719999999999999751 ) ) ;
#4288 = CARTESIAN_POINT ( 'NONE',  ( 4.467884046924470276, -13.45193082964737741, 3.719999999999999751 ) ) ;
#4289 = CARTESIAN_POINT ( 'NONE',  ( -0.4783067767883106280, 5.052579661847977022, 3.720000000000001084 ) ) ;
#4290 = CARTESIAN_POINT ( 'NONE',  ( 13.49999999999999645, -3.099999999999999645, 0.9800000000000081979 ) ) ;
#4291 = ADVANCED_FACE ( 'NONE', ( #5369 ), #6724, .T. ) ;
#4292 = DIRECTION ( 'NONE',  ( -0.5773502691896323924, -0.5773502691896122974, 0.5773502691896323924 ) ) ;
#4293 = CARTESIAN_POINT ( 'NONE',  ( -11.70000000000007567, 17.10000000000000497, -1.000000000000001110 ) ) ;
#4294 = ORIENTED_EDGE ( 'NONE', *, *, #2430, .F. ) ;
#4295 = CARTESIAN_POINT ( 'NONE',  ( 3.433275238834903487, -7.645193793492789602, 3.320000000000001616 ) ) ;
#4296 = ORIENTED_EDGE ( 'NONE', *, *, #6788, .F. ) ;
#4297 = LINE ( 'NONE', #7922, #4019 ) ;
#4298 = CARTESIAN_POINT ( 'NONE',  ( -0.6859008748015062995, -5.766659049074329246, 3.719999999999999751 ) ) ;
#4299 = DIRECTION ( 'NONE',  ( 0.000000000000000000, -1.000000000000000000, 0.000000000000000000 ) ) ;
#4300 = CARTESIAN_POINT ( 'NONE',  ( -12.30000000000000604, 15.80000000000000071, 1.180000000000000160 ) ) ;
#4301 = DIRECTION ( 'NONE',  ( 1.000000000000000000, 0.000000000000000000, 0.000000000000000000 ) ) ;
#4302 = EDGE_CURVE ( 'NONE', #2996, #7603, #1502, .T. ) ;
#4303 = CARTESIAN_POINT ( 'NONE',  ( 3.060625051465306168, 8.718078167441632331, 3.719999999999998863 ) ) ;
#4304 = ORIENTED_EDGE ( 'NONE', *, *, #7748, .T. ) ;
#4305 = EDGE_LOOP ( 'NONE', ( #251, #4995, #3, #1777 ) ) ;
#4306 = DIRECTION ( 'NONE',  ( 1.000000000000000000, 0.000000000000000000, 0.000000000000000000 ) ) ;
#4307 = LINE ( 'NONE', #7528, #738 ) ;
#4308 = EDGE_CURVE ( 'NONE', #2431, #5272, #2568, .T. ) ;
#4309 = ORIENTED_EDGE ( 'NONE', *, *, #6537, .F. ) ;
#4310 = ORIENTED_EDGE ( 'NONE', *, *, #4315, .F. ) ;
#4311 = DIRECTION ( 'NONE',  ( -6.133173666733386851E-17, 0.7071067811865350272, 0.7071067811865600072 ) ) ;
#4312 = ADVANCED_FACE ( 'NONE', ( #7494 ), #5045, .T. ) ;
#4313 = CARTESIAN_POINT ( 'NONE',  ( -3.700000000000003730, -2.699999999999999289, 2.720000000000000195 ) ) ;
#4314 = LINE ( 'NONE', #634, #6257 ) ;
#4315 = EDGE_CURVE ( 'NONE', #3788, #425, #1987, .T. ) ;
#4316 = CARTESIAN_POINT ( 'NONE',  ( -12.49999999999999822, -15.80000000000000426, 2.720000000000000195 ) ) ;
#4317 = ORIENTED_EDGE ( 'NONE', *, *, #3858, .T. ) ;
#4318 = CARTESIAN_POINT ( 'NONE',  ( 3.595964893866836931, 7.117169641371819289, 3.319999999999999396 ) ) ;
#4319 = EDGE_CURVE ( 'NONE', #7196, #6017, #148, .T. ) ;
#4320 = CARTESIAN_POINT ( 'NONE',  ( -0.4440917969420591915, 2.940992138351987251, 3.719999999999999751 ) ) ;
#4321 = VERTEX_POINT ( 'NONE', #7537 ) ;
#4322 = ORIENTED_EDGE ( 'NONE', *, *, #4388, .T. ) ;
#4323 = DIRECTION ( 'NONE',  ( -1.000000000000000000, 0.000000000000000000, 0.000000000000000000 ) ) ;
#4324 = CARTESIAN_POINT ( 'NONE',  ( 4.441749906601927478, -13.45414949397772730, 3.719999999999999307 ) ) ;
#4325 = CARTESIAN_POINT ( 'NONE',  ( 4.558138955834660777, -12.48645740063006748, 3.720000000000000639 ) ) ;
#4326 = DIRECTION ( 'NONE',  ( 1.000000000000000000, 0.000000000000000000, 0.000000000000000000 ) ) ;
#4327 = CARTESIAN_POINT ( 'NONE',  ( -3.700000000000003730, -4.599999999999999645, 2.720000000000000195 ) ) ;
#4328 = CARTESIAN_POINT ( 'NONE',  ( 4.599886081696021201, -2.802249297449238785, 3.319999999999999396 ) ) ;
#4329 = CARTESIAN_POINT ( 'NONE',  ( 8.499999999999996447, -2.499999999999998668, 2.720000000000000195 ) ) ;
#4330 = ORIENTED_EDGE ( 'NONE', *, *, #5253, .F. ) ;
#4331 = CARTESIAN_POINT ( 'NONE',  ( 3.817382062587413749, -6.843922325840508414, 3.319999999999999396 ) ) ;
#4332 = EDGE_LOOP ( 'NONE', ( #1922, #1251, #1641, #5696 ) ) ;
#4333 = LINE ( 'NONE', #6821, #3363 ) ;
#4334 = CARTESIAN_POINT ( 'NONE',  ( 0.4693278649279637449, -4.358877902431265383, 3.319999999999999840 ) ) ;
#4335 = CARTESIAN_POINT ( 'NONE',  ( 2.918494823187899545, 3.901358895735954846, 3.319999999999999396 ) ) ;
#4336 = CARTESIAN_POINT ( 'NONE',  ( 4.599893199066662497, 2.411598531445268367, 3.720000000000001084 ) ) ;
#4337 = CARTESIAN_POINT ( 'NONE',  ( 4.186240696848510190, 4.600714191899043293, 3.720000000000000195 ) ) ;
#4338 = AXIS2_PLACEMENT_3D ( 'NONE', #5858, #3289, #7534 ) ;
#4339 = CARTESIAN_POINT ( 'NONE',  ( 1.893370863970587958, 8.878676470588239056, 3.720000000000000195 ) ) ;
#4340 = VERTEX_POINT ( 'NONE', #4922 ) ;
#4341 = ORIENTED_EDGE ( 'NONE', *, *, #1354, .T. ) ;
#4342 = EDGE_CURVE ( 'NONE', #6285, #760, #6882, .T. ) ;
#4343 = AXIS2_PLACEMENT_3D ( 'NONE', #3118, #4904, #1730 ) ;
#4344 = CARTESIAN_POINT ( 'NONE',  ( -12.50000000000000178, -3.700000000000000178, 1.200000000000000178 ) ) ;
#4345 = LINE ( 'NONE', #3613, #7777 ) ;
#4346 = ORIENTED_EDGE ( 'NONE', *, *, #172, .F. ) ;
#4347 = CARTESIAN_POINT ( 'NONE',  ( 4.593240460903883715, -7.535845114191221938, 3.319999999999998952 ) ) ;
#4348 = DIRECTION ( 'NONE',  ( -1.000000000000000000, -8.673617379884034239E-17, 0.000000000000000000 ) ) ;
#4349 = CARTESIAN_POINT ( 'NONE',  ( 0.6349132957885100792, -11.01629028374063779, 3.719999999999998863 ) ) ;
#4350 = AXIS2_PLACEMENT_3D ( 'NONE', #5072, #3474, #3516 ) ;
#4351 = B_SPLINE_CURVE_WITH_KNOTS ( 'NONE', 3,
 ( #7464, #680, #808, #2039, #5787, #5659, #2644, #2566, #2686, #1875, #5058, #6931, #1336, #3834, #3877, #769, #3261, #5745, #5135 ),
 .UNSPECIFIED., .F., .F.,
 ( 4, 1, 1, 1, 1, 1, 1, 1, 1, 1, 1, 1, 1, 1, 1, 1, 4 ),
 ( 0.000000000000000000, 0.07801658241315506670, 0.1520108989696595247, 0.2235235135621239655, 0.2913608410231869339, 0.3557436233543372350, 0.4173412190993510129, 0.4756446101987400477, 0.5316386042055216699, 0.5858325707155116469, 0.6390406953663660961, 0.6926000062315468275, 0.7470606306267160157, 0.8037278171866862886, 0.8639649962929041305, 0.9293068567077238384, 0.9999999999999998890 ),
 .UNSPECIFIED. ) ;
#4352 = EDGE_CURVE ( 'NONE', #1091, #55, #5695, .T. ) ;
#4353 = DIRECTION ( 'NONE',  ( 1.000000000000000000, 0.000000000000000000, 0.000000000000000000 ) ) ;
#4354 = CARTESIAN_POINT ( 'NONE',  ( -0.6185849058697233671, -11.05504928534013587, 3.720000000000001084 ) ) ;
#4355 = ORIENTED_EDGE ( 'NONE', *, *, #7653, .T. ) ;
#4356 = CARTESIAN_POINT ( 'NONE',  ( 12.20000000000000107, -3.600000000000000977, 2.720000000000000195 ) ) ;
#4357 = FACE_OUTER_BOUND ( 'NONE', #5076, .T. ) ;
#4358 = EDGE_CURVE ( 'NONE', #5637, #7687, #1689, .T. ) ;
#4359 = ORIENTED_EDGE ( 'NONE', *, *, #921, .T. ) ;
#4360 = EDGE_CURVE ( 'NONE', #4191, #5017, #1396, .T. ) ;
#4361 = VERTEX_POINT ( 'NONE', #3986 ) ;
#4362 = LINE ( 'NONE', #6194, #4644 ) ;
#4363 = CARTESIAN_POINT ( 'NONE',  ( 0.2916770998294672679, 7.134800849755194463, 3.319999999999999396 ) ) ;
#4364 = CARTESIAN_POINT ( 'NONE',  ( 0.1643382352941175073, -2.240875842524508332, 3.319999999999999840 ) ) ;
#4365 = PLANE ( 'NONE',  #5894 ) ;
#4366 = CARTESIAN_POINT ( 'NONE',  ( 3.183552149108344942, 5.197708689601661547, 3.720000000000002416 ) ) ;
#4367 = CARTESIAN_POINT ( 'NONE',  ( -13.00000000000000533, -15.80000000000000426, -1.000000000000001110 ) ) ;
#4368 = ORIENTED_EDGE ( 'NONE', *, *, #2861, .F. ) ;
#4369 = EDGE_CURVE ( 'NONE', #7396, #4856, #3292, .T. ) ;
#4370 = FACE_OUTER_BOUND ( 'NONE', #5007, .T. ) ;
#4371 = CARTESIAN_POINT ( 'NONE',  ( 3.314867614684270603, -7.728055581045849998, 3.720000000000000195 ) ) ;
#4372 = VERTEX_POINT ( 'NONE', #6052 ) ;
#4373 = PLANE ( 'NONE',  #6752 ) ;
#4374 = CARTESIAN_POINT ( 'NONE',  ( 0.9752670516640307152, -4.201849096592345845, 3.720000000000001528 ) ) ;
#4375 = VECTOR ( 'NONE', #3436, 1000.000000000000000 ) ;
#4376 = CARTESIAN_POINT ( 'NONE',  ( -0.7694852941176472116, -6.595071231617643193, 3.319999999999999840 ) ) ;
#4377 = CARTESIAN_POINT ( 'NONE',  ( -13.00000000000000533, 15.79999999999998828, -1.000000000000001110 ) ) ;
#4378 = CARTESIAN_POINT ( 'NONE',  ( 2.628261615045362820, 3.855353856323473494, 3.319999999999999840 ) ) ;
#4379 = CARTESIAN_POINT ( 'NONE',  ( 11.69999999999999751, -17.60000000000000142, -1.800000000000010703 ) ) ;
#4380 = ORIENTED_EDGE ( 'NONE', *, *, #4262, .T. ) ;
#4381 = ORIENTED_EDGE ( 'NONE', *, *, #603, .F. ) ;
#4382 = DIRECTION ( 'NONE',  ( -0.000000000000000000, -0.000000000000000000, -1.000000000000000000 ) ) ;
#4383 = CARTESIAN_POINT ( 'NONE',  ( -5.000000000000000888, -3.100000000000000533, 2.720000000000000195 ) ) ;
#4384 = LINE ( 'NONE', #6263, #6746 ) ;
#4385 = CARTESIAN_POINT ( 'NONE',  ( 4.676200771276228352, -6.794164315771696216, 3.719999999999998863 ) ) ;
#4386 = CARTESIAN_POINT ( 'NONE',  ( 3.183552149108343610, -7.798002094712063403, 3.719999999999999751 ) ) ;
#4387 = CARTESIAN_POINT ( 'NONE',  ( -5.300000000000004263, -16.30000000000000071, 1.180000000000000160 ) ) ;
#4388 = EDGE_CURVE ( 'NONE', #3679, #2722, #6431, .T. ) ;
#4389 = VECTOR ( 'NONE', #1163, 1000.000000000000000 ) ;
#4390 = CONICAL_SURFACE ( 'NONE', #7779, 0.7999999999999986011, 0.7853981633974653764 ) ;
#4391 = CYLINDRICAL_SURFACE ( 'NONE', #4695, 0.5999999999999998668 ) ;
#4392 = VECTOR ( 'NONE', #4991, 1000.000000000000000 ) ;
#4393 = CARTESIAN_POINT ( 'NONE',  ( -0.1277339207837065171, -10.15170809159413423, 3.719999999999999307 ) ) ;
#4394 = VERTEX_POINT ( 'NONE', #7699 ) ;
#4395 = CARTESIAN_POINT ( 'NONE',  ( 3.816051211593602943, -6.477089618486742140, 3.719999999999997975 ) ) ;
#4396 = EDGE_CURVE ( 'NONE', #6702, #7668, #842, .T. ) ;
#4397 = PLANE ( 'NONE',  #6481 ) ;
#4398 = VECTOR ( 'NONE', #5796, 1000.000000000000000 ) ;
#4399 = VECTOR ( 'NONE', #7702, 1000.000000000000000 ) ;
#4400 = AXIS2_PLACEMENT_3D ( 'NONE', #6465, #7569, #5811 ) ;
#4401 = VERTEX_POINT ( 'NONE', #1542 ) ;
#4402 = EDGE_LOOP ( 'NONE', ( #7061, #3320, #3730, #5702, #1690 ) ) ;
#4403 = FACE_OUTER_BOUND ( 'NONE', #913, .T. ) ;
#4404 = FACE_OUTER_BOUND ( 'NONE', #2585, .T. ) ;
#4405 = ADVANCED_FACE ( 'NONE', ( #5168 ), #4044, .F. ) ;
#4406 = CARTESIAN_POINT ( 'NONE',  ( 1.893370863970587958, 8.878676470588239056, 3.319999999999999840 ) ) ;
#4407 = CARTESIAN_POINT ( 'NONE',  ( 3.540637442984554184, 8.513127971581065268, 3.719999999999999751 ) ) ;
#4408 = VECTOR ( 'NONE', #1448, 1000.000000000000000 ) ;
#4409 = ADVANCED_FACE ( 'NONE', ( #6474 ), #4511, .T. ) ;
#4410 = FACE_OUTER_BOUND ( 'NONE', #673, .T. ) ;
#4411 = FACE_OUTER_BOUND ( 'NONE', #7934, .T. ) ;
#4412 = EDGE_LOOP ( 'NONE', ( #8010, #5343, #5132, #662, #6572, #6, #7489, #4341 ) ) ;
#4413 = LINE ( 'NONE', #6371, #1658 ) ;
#4414 = CARTESIAN_POINT ( 'NONE',  ( 0.7114590718654819623, 8.724780530516653698, 3.319999999999999396 ) ) ;
#4415 = ORIENTED_EDGE ( 'NONE', *, *, #5008, .F. ) ;
#4416 = FACE_OUTER_BOUND ( 'NONE', #4264, .T. ) ;
#4417 = CARTESIAN_POINT ( 'NONE',  ( -2.100000000000009859, 17.60000000000000142, 0.9799999999999943201 ) ) ;
#4418 = CARTESIAN_POINT ( 'NONE',  ( 4.429771752450980316, -2.249387254901959121, 3.319999999999999840 ) ) ;
#4419 = DIRECTION ( 'NONE',  ( 0.000000000000000000, 0.000000000000000000, 1.000000000000000000 ) ) ;
#4420 = CARTESIAN_POINT ( 'NONE',  ( 9.500000000000001776, -3.900000000000000799, 1.180000000000000160 ) ) ;
#4421 = EDGE_CURVE ( 'NONE', #5028, #215, #4166, .T. ) ;
#4422 = DIRECTION ( 'NONE',  ( 0.000000000000000000, 0.000000000000000000, 1.000000000000000000 ) ) ;
#4423 = CARTESIAN_POINT ( 'NONE',  ( 3.595964893866836931, 7.117169641371819289, 3.719999999999999751 ) ) ;
#4424 = B_SPLINE_SURFACE_WITH_KNOTS ( 'NONE', 3, 1, ( 
 ( #2525, #5061 ),
 ( #3922, #5183 ),
 ( #5012, #6368 ),
 ( #7505, #6404 ),
 ( #1299, #3181 ),
 ( #3797, #78 ),
 ( #3223, #161 ),
 ( #1877, #5099 ),
 ( #3140, #4366 ),
 ( #7549, #1960 ),
 ( #811, #5137 ),
 ( #3304, #1261 ),
 ( #7585, #3265 ),
 ( #2042, #4445 ),
 ( #6933, #3836 ),
 ( #6320, #4527 ),
 ( #725, #7017 ),
 ( #3760, #6243 ),
 ( #5872, #5335 ) ),
 .UNSPECIFIED., .F., .F., .F.,
 ( 4, 1, 1, 1, 1, 1, 1, 1, 1, 1, 1, 1, 1, 1, 1, 1, 4 ),
 ( 2, 2 ),
 ( 0.000000000000000000, 0.07998687184711988918, 0.1559865130290785940, 0.2277006833242031236, 0.2961486476827292491, 0.3608880826660947894, 0.4217378579292104801, 0.4798847986416894806, 0.5355057445050774856, 0.5892689189416134843, 0.6422809993223053127, 0.6946689085360283622, 0.7481243169006167593, 0.8040541819839501780, 0.8644630359991968271, 0.9290926937957373344, 1.000000000000000000 ),
 ( 0.000000000000000000, 1.000000000000000000 ),
 .UNSPECIFIED. ) ;
#4425 = ORIENTED_EDGE ( 'NONE', *, *, #2152, .F. ) ;
#4426 = EDGE_LOOP ( 'NONE', ( #984, #5815, #5156, #4031 ) ) ;
#4427 = PLANE ( 'NONE',  #5566 ) ;
#4428 = CARTESIAN_POINT ( 'NONE',  ( 4.536077841974388569, -13.39392723107262562, 3.319999999999999396 ) ) ;
#4429 = CARTESIAN_POINT ( 'NONE',  ( -4.200000000000005507, 16.29999999999999716, 2.720000000000000195 ) ) ;
#4430 = CARTESIAN_POINT ( 'NONE',  ( 4.186240696848508414, -8.394996592414681658, 3.719999999999997975 ) ) ;
#4431 = CARTESIAN_POINT ( 'NONE',  ( 2.006871473906586711, -8.007372307544377676, 3.720000000000000195 ) ) ;
#4432 = CARTESIAN_POINT ( 'NONE',  ( 0.6368783199567772391, 5.280326633819551141, 3.720000000000000195 ) ) ;
#4433 = CARTESIAN_POINT ( 'NONE',  ( 0.1643382352941175073, -2.249387254901959121, 3.319999999999999840 ) ) ;
#4434 = DIRECTION ( 'NONE',  ( 0.000000000000000000, 1.000000000000000000, -0.000000000000000000 ) ) ;
#4435 = CARTESIAN_POINT ( 'NONE',  ( 0.1981011932888828431, -9.936531625956538605, 3.720000000000000639 ) ) ;
#4436 = ORIENTED_EDGE ( 'NONE', *, *, #5817, .T. ) ;
#4437 = CARTESIAN_POINT ( 'NONE',  ( -0.2961969039688158167, -3.259653733640624385, 3.720000000000001084 ) ) ;
#4438 = DIRECTION ( 'NONE',  ( -0.000000000000000000, -0.000000000000000000, -1.000000000000000000 ) ) ;
#4439 = ORIENTED_EDGE ( 'NONE', *, *, #3165, .T. ) ;
#4440 = ORIENTED_EDGE ( 'NONE', *, *, #4308, .T. ) ;
#4441 = ADVANCED_FACE ( 'NONE', ( #5898 ), #7123, .T. ) ;
#4442 = DIRECTION ( 'NONE',  ( 0.000000000000000000, -0.000000000000000000, -1.000000000000000000 ) ) ;
#4443 = CARTESIAN_POINT ( 'NONE',  ( 0.1168372491556373544, 6.716619682156159676, 3.720000000000000639 ) ) ;
#4444 = CARTESIAN_POINT ( 'NONE',  ( 3.310245256455142560, 8.626165647008486204, 3.720000000000002416 ) ) ;
#4445 = CARTESIAN_POINT ( 'NONE',  ( 3.695472489205327893, 5.683810851885056969, 3.720000000000002416 ) ) ;
#4446 = LINE ( 'NONE', #773, #4135 ) ;
#4447 = ORIENTED_EDGE ( 'NONE', *, *, #4849, .F. ) ;
#4448 = DIRECTION ( 'NONE',  ( -1.000000000000000000, 0.000000000000000000, 0.000000000000000000 ) ) ;
#4449 = CARTESIAN_POINT ( 'NONE',  ( 4.441676628387185133, -3.259728861054607130, 3.720000000000000639 ) ) ;
#4450 = EDGE_LOOP ( 'NONE', ( #6082, #7762, #1856, #6518 ) ) ;
#4451 = ADVANCED_FACE ( 'NONE', ( #3947 ), #6392, .T. ) ;
#4452 = DIRECTION ( 'NONE',  ( 1.000000000000000000, 0.000000000000000000, 0.000000000000000000 ) ) ;
#4453 = CARTESIAN_POINT ( 'NONE',  ( -0.6321831313066192948, -3.093102164451828617, 3.720000000000000639 ) ) ;
#4454 = CARTESIAN_POINT ( 'NONE',  ( 4.429771752450980316, -2.249387254901959121, 3.319999999999999840 ) ) ;
#4455 = DIRECTION ( 'NONE',  ( 0.000000000000000000, 0.000000000000000000, 1.000000000000000000 ) ) ;
#4456 = CARTESIAN_POINT ( 'NONE',  ( 11.69999999999999751, -17.60000000000000142, -1.800000000000010481 ) ) ;
#4457 = DIRECTION ( 'NONE',  ( 0.000000000000000000, 1.000000000000000000, 0.000000000000000000 ) ) ;
#4458 = DIRECTION ( 'NONE',  ( 0.000000000000000000, -0.000000000000000000, -1.000000000000000000 ) ) ;
#4459 = EDGE_CURVE ( 'NONE', #1331, #6609, #4994, .T. ) ;
#4460 = ORIENTED_EDGE ( 'NONE', *, *, #1113, .T. ) ;
#4461 = ORIENTED_EDGE ( 'NONE', *, *, #3045, .F. ) ;
#4462 = EDGE_CURVE ( 'NONE', #7153, #1992, #2858, .T. ) ;
#4463 = CARTESIAN_POINT ( 'NONE',  ( 4.318756282232527610, 4.787273604373589286, 3.720000000000000639 ) ) ;
#4464 = CARTESIAN_POINT ( 'NONE',  ( 4.467640008518714900, 2.960928820918317328, 3.319999999999999840 ) ) ;
#4465 = DIRECTION ( 'NONE',  ( 0.000000000000000000, 0.000000000000000000, -1.000000000000000000 ) ) ;
#4466 = CARTESIAN_POINT ( 'NONE',  ( 1.505248522259038824, -9.872435397259151202, 3.719999999999999751 ) ) ;
#4467 = CARTESIAN_POINT ( 'NONE',  ( 0.1564578703581392671, -8.676508103508313141, 3.719999999999999751 ) ) ;
#4468 = CARTESIAN_POINT ( 'NONE',  ( -2.100000000000004530, 16.60000000000000142, 1.180000000000000160 ) ) ;
#4469 = AXIS2_PLACEMENT_3D ( 'NONE', #2107, #3943, #4587 ) ;
#4470 = CARTESIAN_POINT ( 'NONE',  ( -0.6906399380423565715, -13.11453293245350693, 3.319999999999999396 ) ) ;
#4471 = CARTESIAN_POINT ( 'NONE',  ( 3.053354779411764586, -0.1482843137254885590, 3.319999999999999840 ) ) ;
#4472 = CARTESIAN_POINT ( 'NONE',  ( 3.742203814327879741, -6.146664884080451863, 3.719999999999998863 ) ) ;
#4473 = ORIENTED_EDGE ( 'NONE', *, *, #2512, .F. ) ;
#4474 = CARTESIAN_POINT ( 'NONE',  ( -0.2636642156862746278, -3.261029411764704289, 3.720000000000000195 ) ) ;
#4475 = CIRCLE ( 'NONE', #3171, 0.7999999999999986011 ) ;
#4476 = CARTESIAN_POINT ( 'NONE',  ( 0.8701904552719087471, 7.561518018501292460, 3.719999999999999751 ) ) ;
#4477 = ORIENTED_EDGE ( 'NONE', *, *, #1613, .F. ) ;
#4478 = ORIENTED_EDGE ( 'NONE', *, *, #1661, .T. ) ;
#4479 = DIRECTION ( 'NONE',  ( 0.000000000000000000, -1.000000000000000000, 0.000000000000000000 ) ) ;
#4480 = FACE_OUTER_BOUND ( 'NONE', #4827, .T. ) ;
#4481 = CARTESIAN_POINT ( 'NONE',  ( -2.400000000000005240, 8.599999999999999645, 1.180000000000000160 ) ) ;
#4482 = CARTESIAN_POINT ( 'NONE',  ( 4.576445481037233698, 7.162618466529310446, 3.720000000000000639 ) ) ;
#4483 = DIRECTION ( 'NONE',  ( 1.000000000000000000, 1.445602896647339508E-15, 0.000000000000000000 ) ) ;
#4484 = CARTESIAN_POINT ( 'NONE',  ( 2.014586592403878829, 7.710939032736680687, 3.320000000000000728 ) ) ;
#4485 = EDGE_CURVE ( 'NONE', #3023, #6354, #6948, .T. ) ;
#4486 = ORIENTED_EDGE ( 'NONE', *, *, #2364, .T. ) ;
#4487 = LINE ( 'NONE', #41, #6346 ) ;
#4488 = CARTESIAN_POINT ( 'NONE',  ( 1.893370863970587958, 8.878676470588239056, 3.719999999999998419 ) ) ;
#4489 = ORIENTED_EDGE ( 'NONE', *, *, #2641, .F. ) ;
#4490 = CARTESIAN_POINT ( 'NONE',  ( -0.4440917969420591915, 2.940992138351987251, 3.319999999999999396 ) ) ;
#4491 = CARTESIAN_POINT ( 'NONE',  ( -0.5841716453349947713, -3.154494544296718939, 3.719999999999999307 ) ) ;
#4492 = ORIENTED_EDGE ( 'NONE', *, *, #226, .T. ) ;
#4493 = CARTESIAN_POINT ( 'NONE',  ( 4.599771926949995482, -0.2241004973256953414, 3.720000000000000195 ) ) ;
#4494 = FACE_OUTER_BOUND ( 'NONE', #3954, .T. ) ;
#4495 = CARTESIAN_POINT ( 'NONE',  ( 0.5982294429459222851, 7.428972591851406904, 3.320000000000000728 ) ) ;
#4496 = DIRECTION ( 'NONE',  ( 1.000000000000000000, 0.000000000000000000, 0.000000000000000000 ) ) ;
#4497 = CARTESIAN_POINT ( 'NONE',  ( 3.677485567709203984, 6.990566170017372016, 3.720000000000000639 ) ) ;
#4498 = EDGE_CURVE ( 'NONE', #4563, #5956, #1191, .T. ) ;
#4499 = ORIENTED_EDGE ( 'NONE', *, *, #565, .T. ) ;
#4500 = ORIENTED_EDGE ( 'NONE', *, *, #3161, .T. ) ;
#4501 = CARTESIAN_POINT ( 'NONE',  ( 4.677818627450980316, -6.693560431985290826, 3.720000000000000639 ) ) ;
#4502 = LINE ( 'NONE', #7606, #7520 ) ;
#4503 = CARTESIAN_POINT ( 'NONE',  ( 3.433275238834901710, 5.350516990820941565, 3.320000000000000728 ) ) ;
#4504 = EDGE_CURVE ( 'NONE', #5189, #381, #4942, .T. ) ;
#4505 = CARTESIAN_POINT ( 'NONE',  ( 2.546343318312898507, -10.81824113880305127, 3.720000000000001972 ) ) ;
#4506 = CARTESIAN_POINT ( 'NONE',  ( 11.70000000000000107, 15.80000000000000426, -1.000000000000001332 ) ) ;
#4507 = LINE ( 'NONE', #105, #813 ) ;
#4508 = ADVANCED_FACE ( 'NONE', ( #453 ), #5551, .T. ) ;
#4509 = CARTESIAN_POINT ( 'NONE',  ( 1.607380601132971654, -11.16573907160347190, 3.320000000000000284 ) ) ;
#4510 = CARTESIAN_POINT ( 'NONE',  ( 1.951734834558823461, -5.284313725490193292, 3.719999999999998863 ) ) ;
#4511 = PLANE ( 'NONE',  #2728 ) ;
#4512 = ORIENTED_EDGE ( 'NONE', *, *, #3256, .F. ) ;
#4513 = CARTESIAN_POINT ( 'NONE',  ( -0.6916666666666668739, -2.857345281862743391, 3.720000000000000195 ) ) ;
#4514 = VECTOR ( 'NONE', #2669, 1000.000000000000000 ) ;
#4515 = EDGE_CURVE ( 'NONE', #2624, #2623, #5593, .T. ) ;
#4516 = CARTESIAN_POINT ( 'NONE',  ( -1.900000000000004130, 17.60000000000000142, 1.180000000000000160 ) ) ;
#4517 = VECTOR ( 'NONE', #973, 1000.000000000000000 ) ;
#4518 = ORIENTED_EDGE ( 'NONE', *, *, #1958, .F. ) ;
#4519 = ORIENTED_EDGE ( 'NONE', *, *, #6341, .F. ) ;
#4520 = CARTESIAN_POINT ( 'NONE',  ( 0.000000000000000000, 17.60000000000000142, -2.000000000000000000 ) ) ;
#4521 = DIRECTION ( 'NONE',  ( 0.000000000000000000, 0.000000000000000000, -1.000000000000000000 ) ) ;
#4522 = CARTESIAN_POINT ( 'NONE',  ( 1.935927925857843235, 4.987745098039218838, 3.720000000000000195 ) ) ;
#4523 = VECTOR ( 'NONE', #4267, 1000.000000000000000 ) ;
#4524 = CIRCLE ( 'NONE', #611, 0.2999999999999999334 ) ;
#4525 = CARTESIAN_POINT ( 'NONE',  ( 4.468109560808314562, -0.7148379793588833797, 3.319999999999998952 ) ) ;
#4526 = AXIS2_PLACEMENT_3D ( 'NONE', #4811, #3634, #6847 ) ;
#4527 = CARTESIAN_POINT ( 'NONE',  ( 3.792337689382959898, 5.979472151925861567, 3.720000000000002416 ) ) ;
#4528 = CARTESIAN_POINT ( 'NONE',  ( 0.000000000000000000, -17.40000000000000924, -2.000000000000000000 ) ) ;
#4529 = EDGE_LOOP ( 'NONE', ( #6531, #830, #1988, #241 ) ) ;
#4530 = VECTOR ( 'NONE', #3850, 1000.000000000000000 ) ;
#4531 = DIRECTION ( 'NONE',  ( 1.000000000000000000, 0.000000000000000000, 0.000000000000000000 ) ) ;
#4532 = VERTEX_POINT ( 'NONE', #3724 ) ;
#4533 = FACE_OUTER_BOUND ( 'NONE', #4912, .T. ) ;
#4534 = CARTESIAN_POINT ( 'NONE',  ( 4.559047424262224091, -0.5773243444499276400, 3.320000000000001172 ) ) ;
#4535 = VERTEX_POINT ( 'NONE', #4376 ) ;
#4536 = AXIS2_PLACEMENT_3D ( 'NONE', #4916, #4272, #1166 ) ;
#4537 = LINE ( 'NONE', #1388, #5205 ) ;
#4538 = DIRECTION ( 'NONE',  ( 0.000000000000000000, -0.7071067811865474617, 0.7071067811865474617 ) ) ;
#4539 = EDGE_CURVE ( 'NONE', #2160, #7460, #911, .T. ) ;
#4540 = DIRECTION ( 'NONE',  ( 0.000000000000000000, -0.000000000000000000, -1.000000000000000000 ) ) ;
#4541 = LINE ( 'NONE', #3934, #2395 ) ;
#4542 = LINE ( 'NONE', #3239, #4530 ) ;
#4543 = EDGE_LOOP ( 'NONE', ( #5115, #3609, #1215, #2484 ) ) ;
#4544 = DIRECTION ( 'NONE',  ( -0.000000000000000000, -0.000000000000000000, 1.000000000000000000 ) ) ;
#4545 = CARTESIAN_POINT ( 'NONE',  ( -11.70000000000000462, -17.60000000000000142, 3.520000000000001350 ) ) ;
#4546 = CARTESIAN_POINT ( 'NONE',  ( 2.717426679218164498, 5.049107593218783663, 3.320000000000000284 ) ) ;
#4547 = EDGE_CURVE ( 'NONE', #2955, #1773, #1725, .T. ) ;
#4548 = CARTESIAN_POINT ( 'NONE',  ( 1.846507268213797959, -10.01339988415634963, 3.719999999999999751 ) ) ;
#4549 = CARTESIAN_POINT ( 'NONE',  ( 11.29999999999999538, 16.60000000000000497, 2.720000000000000195 ) ) ;
#4550 = CARTESIAN_POINT ( 'NONE',  ( 0.08651960784313711406, 6.364162071078435012, 3.720000000000000195 ) ) ;
#4551 = CIRCLE ( 'NONE', #4805, 0.2999999999999999334 ) ;
#4552 = UNCERTAINTY_MEASURE_WITH_UNIT (LENGTH_MEASURE( 1.000000000000000082E-05 ), #7307, 'distance_accuracy_value', 'NONE');
#4553 = CARTESIAN_POINT ( 'NONE',  ( -0.6886696963187426412, -13.16532750833775189, 3.319999999999999396 ) ) ;
#4554 = CARTESIAN_POINT ( 'NONE',  ( 11.69999999999999929, -17.10000000000000497, -1.000000000000001110 ) ) ;
#4555 = EDGE_CURVE ( 'NONE', #4179, #2997, #6895, .T. ) ;
#4556 = CARTESIAN_POINT ( 'NONE',  ( 0.1643382352941175073, -12.36580882352940947, 3.319999999999999840 ) ) ;
#4557 = ORIENTED_EDGE ( 'NONE', *, *, #5321, .T. ) ;
#4558 = CARTESIAN_POINT ( 'NONE',  ( 2.138818883099698809, -5.285677082341361910, 3.319999999999999840 ) ) ;
#4559 = VECTOR ( 'NONE', #752, 1000.000000000000000 ) ;
#4560 = CARTESIAN_POINT ( 'NONE',  ( 4.589937152665778619, -2.993989820046238037, 3.720000000000001528 ) ) ;
#4561 = EDGE_CURVE ( 'NONE', #3106, #2162, #4551, .T. ) ;
#4562 = VERTEX_POINT ( 'NONE', #4418 ) ;
#4563 = VERTEX_POINT ( 'NONE', #1931 ) ;
#4564 = EDGE_CURVE ( 'NONE', #3435, #2983, #6252, .T. ) ;
#4565 = DIRECTION ( 'NONE',  ( 0.000000000000000000, 0.000000000000000000, -1.000000000000000000 ) ) ;
#4566 = CARTESIAN_POINT ( 'NONE',  ( -12.50000000000000178, 5.500000000000000000, 6.240000000000000213 ) ) ;
#4567 = FACE_OUTER_BOUND ( 'NONE', #1278, .T. ) ;
#4568 = FACE_OUTER_BOUND ( 'NONE', #4750, .T. ) ;
#4569 = VERTEX_POINT ( 'NONE', #5630 ) ;
#4570 = CARTESIAN_POINT ( 'NONE',  ( -3.300000000000004263, -16.30000000000000071, 2.720000000000000195 ) ) ;
#4571 = VERTEX_POINT ( 'NONE', #6905 ) ;
#4572 = CARTESIAN_POINT ( 'NONE',  ( 1.986996400122548856, 3.820465686274513661, 3.720000000000000195 ) ) ;
#4573 = CARTESIAN_POINT ( 'NONE',  ( 4.559047424262224091, -0.5773243444499276400, 3.720000000000001528 ) ) ;
#4574 = ORIENTED_EDGE ( 'NONE', *, *, #959, .T. ) ;
#4575 = CARTESIAN_POINT ( 'NONE',  ( 3.053354779411764586, -0.1312614889705868149, 3.319999999999999840 ) ) ;
#4576 = DIRECTION ( 'NONE',  ( 0.000000000000000000, 0.7071067811865470176, -0.7071067811865480168 ) ) ;
#4577 = CARTESIAN_POINT ( 'NONE',  ( 13.49999999999999645, 15.80000000000000071, -1.800000000000010481 ) ) ;
#4578 = CARTESIAN_POINT ( 'NONE',  ( 4.515179031723806524, 0.3207697733707685073, 3.319999999999999840 ) ) ;
#4579 = CARTESIAN_POINT ( 'NONE',  ( 12.50000000000000000, -3.600000000000000977, 1.180000000000000160 ) ) ;
#4580 = ORIENTED_EDGE ( 'NONE', *, *, #2662, .F. ) ;
#4581 = ORIENTED_EDGE ( 'NONE', *, *, #8038, .F. ) ;
#4582 = CARTESIAN_POINT ( 'NONE',  ( 4.635614459181250702, -6.103178408703778146, 3.720000000000001972 ) ) ;
#4583 = DIRECTION ( 'NONE',  ( 1.000000000000000000, 1.482669637587014767E-16, -0.000000000000000000 ) ) ;
#4584 = FACE_OUTER_BOUND ( 'NONE', #7679, .T. ) ;
#4585 = CARTESIAN_POINT ( 'NONE',  ( 1.682328125744839253, -9.935059128441690035, 3.720000000000000195 ) ) ;
#4586 = CARTESIAN_POINT ( 'NONE',  ( 2.508873867356993692, 8.841131379481861785, 3.320000000000001172 ) ) ;
#4587 = DIRECTION ( 'NONE',  ( -1.000000000000000000, 0.000000000000000000, 0.000000000000000000 ) ) ;
#4588 = EDGE_CURVE ( 'NONE', #5462, #6742, #6288, .T. ) ;
#4589 = CIRCLE ( 'NONE', #6680, 0.5999999999999998668 ) ;
#4590 = CARTESIAN_POINT ( 'NONE',  ( -0.6402264963124243424, -13.30083205727703621, 3.319999999999999840 ) ) ;
#4591 = CARTESIAN_POINT ( 'NONE',  ( 12.50000000000000000, 16.60000000000000497, 1.180000000000000160 ) ) ;
#4592 = CARTESIAN_POINT ( 'NONE',  ( 4.635614459181250702, -6.103178408703778146, 3.720000000000001528 ) ) ;
#4593 = ORIENTED_EDGE ( 'NONE', *, *, #3663, .F. ) ;
#4594 = DIRECTION ( 'NONE',  ( -1.000000000000000000, 0.000000000000000000, 0.000000000000000000 ) ) ;
#4595 = VECTOR ( 'NONE', #2312, 1000.000000000000000 ) ;
#4596 = DIRECTION ( 'NONE',  ( 1.000000000000000000, 0.000000000000000000, 0.000000000000000000 ) ) ;
#4597 = EDGE_CURVE ( 'NONE', #381, #5522, #1308, .T. ) ;
#4598 = VERTEX_POINT ( 'NONE', #3149 ) ;
#4599 = ORIENTED_EDGE ( 'NONE', *, *, #2165, .F. ) ;
#4600 = CARTESIAN_POINT ( 'NONE',  ( 12.50000000000000000, -3.099999999999998757, 2.720000000000000195 ) ) ;
#4601 = CARTESIAN_POINT ( 'NONE',  ( 4.558028615700148833, -2.359825200778526089, 3.720000000000003748 ) ) ;
#4602 = CARTESIAN_POINT ( 'NONE',  ( 0.1651700160415829344, 5.848665993130350849, 3.319999999999998952 ) ) ;
#4603 = ADVANCED_FACE ( 'NONE', ( #5070, #7635 ), #5799, .T. ) ;
#4604 = CARTESIAN_POINT ( 'NONE',  ( -0.6916666666666668739, -2.154545802696076873, 3.319999999999999840 ) ) ;
#4605 = AXIS2_PLACEMENT_3D ( 'NONE', #7386, #2900, #4249 ) ;
#4606 = EDGE_CURVE ( 'NONE', #6241, #6143, #4537, .T. ) ;
#4607 = ORIENTED_EDGE ( 'NONE', *, *, #1699, .T. ) ;
#4608 = B_SPLINE_CURVE_WITH_KNOTS ( 'NONE', 3,
 ( #3104, #4328, #1059, #3554, #8070, #4892, #1802, #7994, #3594, #7431, #5468 ),
 .UNSPECIFIED., .F., .F.,
 ( 4, 1, 1, 1, 1, 1, 1, 1, 4 ),
 ( 0.000000000000000000, 0.2307313715838278656, 0.4202245970738951453, 0.5733066572504014191, 0.6969176508348614574, 0.7916874715686683661, 0.8673325780455298784, 0.9320749550736062705, 1.000000000000000000 ),
 .UNSPECIFIED. ) ;
#4609 = CARTESIAN_POINT ( 'NONE',  ( -12.30000000000000426, 6.600000000000001421, 3.720000000000000195 ) ) ;
#4610 = ORIENTED_EDGE ( 'NONE', *, *, #3008, .F. ) ;
#4611 = CARTESIAN_POINT ( 'NONE',  ( 4.429771752450980316, 1.952818627450982003, 3.319999999999999840 ) ) ;
#4612 = FACE_OUTER_BOUND ( 'NONE', #1682, .T. ) ;
#4613 = ORIENTED_EDGE ( 'NONE', *, *, #4061, .T. ) ;
#4614 = CARTESIAN_POINT ( 'NONE',  ( 1.104262143940900609, 3.910000280497464953, 3.320000000000000728 ) ) ;
#4615 = CARTESIAN_POINT ( 'NONE',  ( 12.50000000000000000, -16.60000000000000142, -2.000000000000000000 ) ) ;
#4616 = CARTESIAN_POINT ( 'NONE',  ( 3.821813725490196045, -6.660730698529407690, 3.319999999999999840 ) ) ;
#4617 = CARTESIAN_POINT ( 'NONE',  ( -0.6859008748015064105, 7.229051735239396592, 3.719999999999999307 ) ) ;
#4618 = AXIS2_PLACEMENT_3D ( 'NONE', #5334, #970, #851 ) ;
#4619 = DIRECTION ( 'NONE',  ( -1.000000000000000000, -2.891205793294679312E-16, 0.000000000000000000 ) ) ;
#4620 = EDGE_CURVE ( 'NONE', #4666, #1466, #5407, .T. ) ;
#4621 = ORIENTED_EDGE ( 'NONE', *, *, #716, .F. ) ;
#4622 = ORIENTED_EDGE ( 'NONE', *, *, #1241, .T. ) ;
#4623 = DIRECTION ( 'NONE',  ( 1.000000000000000000, 0.000000000000000000, 0.000000000000000000 ) ) ;
#4624 = CARTESIAN_POINT ( 'NONE',  ( -11.69999999999999929, -16.60000000000000497, 2.720000000000000195 ) ) ;
#4625 = DIRECTION ( 'NONE',  ( -0.000000000000000000, -0.000000000000000000, -1.000000000000000000 ) ) ;
#4626 = CARTESIAN_POINT ( 'NONE',  ( -0.2958112996687715657, 2.963607080435438856, 3.720000000000001084 ) ) ;
#4627 = CARTESIAN_POINT ( 'NONE',  ( 4.675496803454074701, 6.404388944356337987, 3.320000000000000728 ) ) ;
#4628 = DIRECTION ( 'NONE',  ( 1.000000000000000000, 0.000000000000000000, 0.000000000000000000 ) ) ;
#4629 = CARTESIAN_POINT ( 'NONE',  ( -0.4752198769493778951, -13.43257408392957153, 3.319999999999999396 ) ) ;
#4630 = CARTESIAN_POINT ( 'NONE',  ( 0.08651960784313711406, -6.631548713235291714, 3.719999999999998419 ) ) ;
#4631 = VERTEX_POINT ( 'NONE', #5669 ) ;
#4632 = CARTESIAN_POINT ( 'NONE',  ( 0.7467241359920965271, -9.801269834383493418, 3.719999999999999307 ) ) ;
#4633 = VECTOR ( 'NONE', #3757, 1000.000000000000000 ) ;
#4634 = EDGE_LOOP ( 'NONE', ( #6829, #2371, #6713, #4492 ) ) ;
#4635 = CARTESIAN_POINT ( 'NONE',  ( 3.137180618666890464, -5.501334542793305360, 3.719999999999998419 ) ) ;
#4636 = LINE ( 'NONE', #6436, #6743 ) ;
#4637 = CARTESIAN_POINT ( 'NONE',  ( 12.20000000000000107, -5.399999999999999467, 2.720000000000000195 ) ) ;
#4638 = AXIS2_PLACEMENT_3D ( 'NONE', #4259, #6135, #537 ) ;
#4639 = CARTESIAN_POINT ( 'NONE',  ( 1.986996400122549300, -9.175245098039214398, 3.320000000000000284 ) ) ;
#4640 = DIRECTION ( 'NONE',  ( 0.000000000000000000, 0.000000000000000000, 1.000000000000000000 ) ) ;
#4641 = DIRECTION ( 'NONE',  ( -1.000000000000000000, 8.673617379884034239E-17, 0.000000000000000000 ) ) ;
#4642 = EDGE_CURVE ( 'NONE', #4856, #4569, #2534, .T. ) ;
#4643 = CARTESIAN_POINT ( 'NONE',  ( -0.4791056565309638193, -1.505305900092980265, 3.319999999999999396 ) ) ;
#4644 = VECTOR ( 'NONE', #3259, 1000.000000000000000 ) ;
#4645 = VECTOR ( 'NONE', #5118, 1000.000000000000000 ) ;
#4646 = ORIENTED_EDGE ( 'NONE', *, *, #2430, .T. ) ;
#4647 = VECTOR ( 'NONE', #7150, 1000.000000000000114 ) ;
#4648 = DIRECTION ( 'NONE',  ( 0.000000000000000000, 0.000000000000000000, -1.000000000000000000 ) ) ;
#4649 = ORIENTED_EDGE ( 'NONE', *, *, #7003, .F. ) ;
#4651 = VECTOR ( 'NONE', #4868, 1000.000000000000000 ) ;
#4650 = CARTESIAN_POINT ( 'NONE',  ( 1.883173295279584769, 3.822715911180379678, 3.719999999999999751 ) ) ;
#4652 = CARTESIAN_POINT ( 'NONE',  ( 0.5934236856860697351, -8.922957216216792276, 3.319999999999999396 ) ) ;
#4653 = VECTOR ( 'NONE', #7087, 1000.000000000000000 ) ;
#4654 = ORIENTED_EDGE ( 'NONE', *, *, #6598, .F. ) ;
#4655 = CARTESIAN_POINT ( 'NONE',  ( 1.883173295279584769, 3.822715911180379678, 3.319999999999999396 ) ) ;
#4656 = APPLICATION_PROTOCOL_DEFINITION ( 'draft international standard', 'automotive_design', 1998, #5057 ) ;
#4657 = EDGE_CURVE ( 'NONE', #5973, #2696, #7812, .T. ) ;
#4658 = AXIS2_PLACEMENT_3D ( 'NONE', #5177, #1335, #3260 ) ;
#4659 = CARTESIAN_POINT ( 'NONE',  ( 4.442930326586222556, -2.250594266657886422, 3.320000000000000728 ) ) ;
#4660 = CARTESIAN_POINT ( 'NONE',  ( -11.69999999999999929, -15.80000000000000426, -2.000000000000000000 ) ) ;
#4661 = LINE ( 'NONE', #6006, #4647 ) ;
#4662 = VECTOR ( 'NONE', #1845, 1000.000000000000000 ) ;
#4663 = CIRCLE ( 'NONE', #357, 0.2999999999999999334 ) ;
#4664 = ORIENTED_EDGE ( 'NONE', *, *, #1519, .T. ) ;
#4665 = EDGE_CURVE ( 'NONE', #4562, #2160, #3892, .T. ) ;
#4666 = VERTEX_POINT ( 'NONE', #780 ) ;
#4667 = DIRECTION ( 'NONE',  ( -1.000000000000000000, 0.000000000000000000, 0.000000000000000000 ) ) ;
#4668 = CARTESIAN_POINT ( 'NONE',  ( 11.70000000000000107, -15.80000000000000071, -1.000000000000001110 ) ) ;
#4669 = CARTESIAN_POINT ( 'NONE',  ( 0.4102726688495643703, 5.469056763744776894, 3.319999999999998952 ) ) ;
#4670 = EDGE_CURVE ( 'NONE', #4831, #4571, #3845, .T. ) ;
#4671 = CARTESIAN_POINT ( 'NONE',  ( -12.50000000000000000, 15.80000000000000071, -1.500000000000000444 ) ) ;
#4672 = DIRECTION ( 'NONE',  ( 0.000000000000000000, 1.000000000000000000, 0.000000000000000000 ) ) ;
#4673 = CARTESIAN_POINT ( 'NONE',  ( -0.6402264963124243424, -13.30083205727703621, 3.319999999999999840 ) ) ;
#4674 = DIRECTION ( 'NONE',  ( 1.025008792639169292E-13, 4.057483087386067946E-13, 1.000000000000000000 ) ) ;
#4675 = ORIENTED_EDGE ( 'NONE', *, *, #4807, .T. ) ;
#4676 = CARTESIAN_POINT ( 'NONE',  ( 3.310245256455140783, -4.369545137305242299, 3.720000000000000639 ) ) ;
#4677 = ORIENTED_EDGE ( 'NONE', *, *, #4547, .F. ) ;
#4678 = CARTESIAN_POINT ( 'NONE',  ( 3.137180618666890464, -5.501334542793305360, 3.319999999999999840 ) ) ;
#4679 = CARTESIAN_POINT ( 'NONE',  ( 2.546343318312898507, -10.81824113880305127, 3.320000000000001616 ) ) ;
#4680 = CARTESIAN_POINT ( 'NONE',  ( 4.599678605473521920, -2.883494662547302134, 3.319999999999999840 ) ) ;
#4681 = CARTESIAN_POINT ( 'NONE',  ( 1.876348039215686159, -12.36580882352940947, 3.720000000000000195 ) ) ;
#4682 = CARTESIAN_POINT ( 'NONE',  ( -5.300000000000004263, -16.60000000000000497, 1.180000000000000160 ) ) ;
#4683 = CARTESIAN_POINT ( 'NONE',  ( 0.3144049315891143115, -7.414604544859658475, 3.720000000000000639 ) ) ;
#4684 = VECTOR ( 'NONE', #658, 1000.000000000000000 ) ;
#4685 = LINE ( 'NONE', #7784, #1623 ) ;
#4686 = DIRECTION ( 'NONE',  ( -1.000000000000000000, 0.000000000000000000, 0.000000000000000000 ) ) ;
#4687 = VECTOR ( 'NONE', #2544, 1000.000000000000114 ) ;
#4688 = ADVANCED_FACE ( 'NONE', ( #133 ), #6376, .T. ) ;
#4689 = VERTEX_POINT ( 'NONE', #2657 ) ;
#4690 = DIRECTION ( 'NONE',  ( 1.000000000000000000, 0.000000000000000000, 0.000000000000000000 ) ) ;
#4691 = ORIENTED_EDGE ( 'NONE', *, *, #5855, .T. ) ;
#4692 = CARTESIAN_POINT ( 'NONE',  ( 4.599736752102543846, 2.584904392107866489, 3.720000000000001084 ) ) ;
#4693 = CARTESIAN_POINT ( 'NONE',  ( 0.8401748656908832880, -9.015104437538761672, 3.720000000000000195 ) ) ;
#4694 = ORIENTED_EDGE ( 'NONE', *, *, #3316, .F. ) ;
#4695 = AXIS2_PLACEMENT_3D ( 'NONE', #1783, #1205, #3662 ) ;
#4696 = DIRECTION ( 'NONE',  ( 0.000000000000000000, 0.000000000000000000, 1.000000000000000000 ) ) ;
#4697 =( NAMED_UNIT ( * ) PLANE_ANGLE_UNIT ( ) SI_UNIT ( $, .RADIAN. ) );
#4698 = CARTESIAN_POINT ( 'NONE',  ( 2.138818883099698809, -5.285677082341361910, 3.319999999999999840 ) ) ;
#4699 = CARTESIAN_POINT ( 'NONE',  ( 4.558138955834660777, -12.48645740063006748, 3.320000000000000284 ) ) ;
#4700 = CARTESIAN_POINT ( 'NONE',  ( 13.50099999999999412, -3.700000000000000178, 3.720000000000000195 ) ) ;
#4701 = EDGE_CURVE ( 'NONE', #3441, #5536, #854, .T. ) ;
#4702 = VERTEX_POINT ( 'NONE', #6330 ) ;
#4703 = ORIENTED_EDGE ( 'NONE', *, *, #6983, .T. ) ;
#4704 = CARTESIAN_POINT ( 'NONE',  ( 12.50000000000000000, -5.399999999999999467, 1.180000000000000160 ) ) ;
#4705 = PLANE ( 'NONE',  #1909 ) ;
#4706 = CARTESIAN_POINT ( 'NONE',  ( 0.08827652974940969344, 6.301214722494322906, 3.719999999999997975 ) ) ;
#4707 = DIRECTION ( 'NONE',  ( 1.000000000000000000, 0.000000000000000000, 0.000000000000000000 ) ) ;
#4708 = CARTESIAN_POINT ( 'NONE',  ( 1.752482942289506074, -8.006632097018135497, 3.319999999999999840 ) ) ;
#4709 = EDGE_CURVE ( 'NONE', #1976, #4214, #5109, .T. ) ;
#4710 = ADVANCED_FACE ( 'NONE', ( #822 ), #1497, .T. ) ;
#4711 = ORIENTED_EDGE ( 'NONE', *, *, #6341, .T. ) ;
#4712 = CARTESIAN_POINT ( 'NONE',  ( 0.8555492643206568104, -10.96819425261583270, 3.719999999999999307 ) ) ;
#4713 = CARTESIAN_POINT ( 'NONE',  ( -0.6660504722639298825, -1.837673996281374622, 3.719999999999998419 ) ) ;
#4714 = ORIENTED_EDGE ( 'NONE', *, *, #7008, .F. ) ;
#4715 = CARTESIAN_POINT ( 'NONE',  ( 2.138818883099698809, -5.285677082341361910, 3.719999999999998419 ) ) ;
#4716 = CARTESIAN_POINT ( 'NONE',  ( 9.099999999999996092, 10.10000000000000142, 2.720000000000000195 ) ) ;
#4717 = CARTESIAN_POINT ( 'NONE',  ( 4.599886081696021201, -2.802249297449238785, 3.319999999999999396 ) ) ;
#4718 = EDGE_CURVE ( 'NONE', #2502, #4361, #5880, .T. ) ;
#4719 = DIRECTION ( 'NONE',  ( 0.000000000000000000, 1.000000000000000000, 0.000000000000000000 ) ) ;
#4720 = DIRECTION ( 'NONE',  ( 0.000000000000000000, -0.000000000000000000, -1.000000000000000000 ) ) ;
#4721 = DIRECTION ( 'NONE',  ( 0.000000000000000000, 1.000000000000000000, 0.000000000000000000 ) ) ;
#4722 = LINE ( 'NONE', #2731, #7743 ) ;
#4723 = CARTESIAN_POINT ( 'NONE',  ( -0.6905776508824017501, -2.096499597300987450, 3.319999999999999840 ) ) ;
#4724 = ORIENTED_EDGE ( 'NONE', *, *, #464, .F. ) ;
#4725 = CARTESIAN_POINT ( 'NONE',  ( 4.589944902963966733, -13.16793386302839153, 3.720000000000001084 ) ) ;
#4726 = ORIENTED_EDGE ( 'NONE', *, *, #5837, .T. ) ;
#4727 = PLANE ( 'NONE',  #7506 ) ;
#4728 = CARTESIAN_POINT ( 'NONE',  ( 1.384159298394787241, -9.138703639453048311, 3.319999999999999396 ) ) ;
#4729 = VERTEX_POINT ( 'NONE', #5957 ) ;
#4730 = DIRECTION ( 'NONE',  ( -0.000000000000000000, -0.000000000000000000, 1.000000000000000000 ) ) ;
#4731 = PRESENTATION_STYLE_ASSIGNMENT (( #1560 ) ) ;
#4732 = CARTESIAN_POINT ( 'NONE',  ( 4.536781844187784962, -2.306307401994700523, 3.319999999999999396 ) ) ;
#4733 = EDGE_CURVE ( 'NONE', #4050, #4372, #5344, .T. ) ;
#4734 = VECTOR ( 'NONE', #8005, 1000.000000000000000 ) ;
#4735 = DIRECTION ( 'NONE',  ( 0.7071067811865486830, 0.000000000000000000, 0.7071067811865464625 ) ) ;
#4736 = PLANE ( 'NONE',  #3614 ) ;
#4737 = ORIENTED_EDGE ( 'NONE', *, *, #107, .T. ) ;
#4738 = ORIENTED_EDGE ( 'NONE', *, *, #716, .T. ) ;
#4739 = CARTESIAN_POINT ( 'NONE',  ( 0.7114590718654819623, -4.270930253797074805, 3.319999999999999396 ) ) ;
#4740 = CARTESIAN_POINT ( 'NONE',  ( -4.400000000000003020, 6.000000000000001776, 3.720000000000000195 ) ) ;
#4741 = CARTESIAN_POINT ( 'NONE',  ( 0.08651960784313711406, 6.364162071078435012, 3.719999999999998419 ) ) ;
#4742 = CARTESIAN_POINT ( 'NONE',  ( 12.20000000000000107, -5.099999999999999645, 1.180000000000000160 ) ) ;
#4743 = EDGE_CURVE ( 'NONE', #309, #1577, #3514, .T. ) ;
#4744 = PLANE ( 'NONE',  #5506 ) ;
#4745 = VERTEX_POINT ( 'NONE', #5844 ) ;
#4746 = ORIENTED_EDGE ( 'NONE', *, *, #5359, .T. ) ;
#4747 = CARTESIAN_POINT ( 'NONE',  ( 0.5430146463612659513, -11.05959743307815302, 3.720000000000000639 ) ) ;
#4748 = DIRECTION ( 'NONE',  ( -0.7071067811865475727, 0.000000000000000000, 0.7071067811865475727 ) ) ;
#4749 = EDGE_CURVE ( 'NONE', #1773, #5169, #2809, .T. ) ;
#4750 = EDGE_LOOP ( 'NONE', ( #6817, #2616, #6476, #7624 ) ) ;
#4751 = ORIENTED_EDGE ( 'NONE', *, *, #7706, .T. ) ;
#4752 = LINE ( 'NONE', #388, #1012 ) ;
#4753 = ADVANCED_FACE ( 'NONE', ( #6454 ), #7828, .F. ) ;
#4754 = LINE ( 'NONE', #2922, #2637 ) ;
#4755 = DIRECTION ( 'NONE',  ( 1.000000000000000000, 0.000000000000000000, 0.000000000000000000 ) ) ;
#4756 = AXIS2_PLACEMENT_3D ( 'NONE', #2285, #4696, #7181 ) ;
#4757 = LINE ( 'NONE', #6026, #5752 ) ;
#4758 = CARTESIAN_POINT ( 'NONE',  ( 3.751816608296656863, -4.615807106755890565, 3.320000000000000728 ) ) ;
#4759 = CARTESIAN_POINT ( 'NONE',  ( 1.226054338099081154, -7.942916422292493728, 3.720000000000000195 ) ) ;
#4760 = CARTESIAN_POINT ( 'NONE',  ( 1.314597214444990003, -9.829791983697321101, 3.319999999999999396 ) ) ;
#4761 = EDGE_CURVE ( 'NONE', #2691, #3441, #5918, .T. ) ;
#4762 = CARTESIAN_POINT ( 'NONE',  ( 0.1981011932888828431, -9.936531625956538605, 3.320000000000000284 ) ) ;
#4763 = VERTEX_POINT ( 'NONE', #2817 ) ;
#4764 = VECTOR ( 'NONE', #48, 1000.000000000000000 ) ;
#4765 = CARTESIAN_POINT ( 'NONE',  ( 2.315515325655292056, -9.170261595515670550, 3.719999999999999307 ) ) ;
#4766 = ORIENTED_EDGE ( 'NONE', *, *, #6692, .F. ) ;
#4767 = CARTESIAN_POINT ( 'NONE',  ( 1.876348039215686381, -11.89038564644607909, 3.320000000000000284 ) ) ;
#4768 = CARTESIAN_POINT ( 'NONE',  ( -0.4783067767883101840, -7.943131122465747040, 3.719999999999999307 ) ) ;
#4769 = AXIS2_PLACEMENT_3D ( 'NONE', #3798, #38, #3923 ) ;
#4770 = VERTEX_POINT ( 'NONE', #5229 ) ;
#4771 = CARTESIAN_POINT ( 'NONE',  ( 11.69999999999999751, -17.60000000000000142, 3.520000000000001350 ) ) ;
#4772 = VECTOR ( 'NONE', #3459, 1000.000000000000000 ) ;
#4773 = CARTESIAN_POINT ( 'NONE',  ( -5.000000000000002665, 16.40000000000000568, 3.720000000000000195 ) ) ;
#4774 = AXIS2_PLACEMENT_3D ( 'NONE', #3158, #3693, #3081 ) ;
#4775 = FACE_OUTER_BOUND ( 'NONE', #1200, .T. ) ;
#4776 = DIRECTION ( 'NONE',  ( -0.7071067811865470176, 2.096811509994356411E-16, -0.7071067811865480168 ) ) ;
#4777 = ORIENTED_EDGE ( 'NONE', *, *, #5452, .F. ) ;
#4778 = ORIENTED_EDGE ( 'NONE', *, *, #3799, .T. ) ;
#4779 = VECTOR ( 'NONE', #2946, 1000.000000000000000 ) ;
#4780 = CARTESIAN_POINT ( 'NONE',  ( 1.986996400122549300, -9.175245098039214398, 3.320000000000000284 ) ) ;
#4781 = CARTESIAN_POINT ( 'NONE',  ( 4.599906260399320601, 2.502035249240194048, 3.319999999999999840 ) ) ;
#4782 = DIRECTION ( 'NONE',  ( -1.000000000000000000, 0.000000000000000000, 0.000000000000000000 ) ) ;
#4783 = DIRECTION ( 'NONE',  ( -0.5773502691896409411, 0.5773502691896180705, -0.5773502691896181815 ) ) ;
#4784 = DIRECTION ( 'NONE',  ( 1.000000000000000000, 0.000000000000000000, -0.000000000000000000 ) ) ;
#4785 = VECTOR ( 'NONE', #6606, 1000.000000000000000 ) ;
#4786 = CIRCLE ( 'NONE', #7397, 1.300000000000002487 ) ;
#4787 = VERTEX_POINT ( 'NONE', #2246 ) ;
#4788 = ORIENTED_EDGE ( 'NONE', *, *, #6537, .T. ) ;
#4789 = EDGE_CURVE ( 'NONE', #7473, #1543, #5307, .T. ) ;
#4790 = CARTESIAN_POINT ( 'NONE',  ( 0.1653056041911797336, -11.86077711596988848, 3.719999999999999751 ) ) ;
#4791 = PLANE ( 'NONE',  #4002 ) ;
#4792 = ORIENTED_EDGE ( 'NONE', *, *, #4200, .F. ) ;
#4793 = EDGE_LOOP ( 'NONE', ( #6902, #1966, #1451, #3097 ) ) ;
#4794 = DIRECTION ( 'NONE',  ( 0.000000000000000000, -0.000000000000000000, 1.000000000000000000 ) ) ;
#4795 = CIRCLE ( 'NONE', #7138, 0.8000000000000038192 ) ;
#4796 = FACE_OUTER_BOUND ( 'NONE', #4450, .T. ) ;
#4797 = DIRECTION ( 'NONE',  ( -0.000000000000000000, 0.000000000000000000, -1.000000000000000000 ) ) ;
#4798 = EDGE_CURVE ( 'NONE', #2785, #6235, #1636, .T. ) ;
#4799 = CARTESIAN_POINT ( 'NONE',  ( 4.599893199066662497, 2.411598531445268367, 3.320000000000000728 ) ) ;
#4800 = CARTESIAN_POINT ( 'NONE',  ( 1.811935036693962608, -11.46737707486184021, 3.720000000000000639 ) ) ;
#4801 = CARTESIAN_POINT ( 'NONE',  ( 2.732352941176470651, -12.36580882352940947, 3.319999999999999840 ) ) ;
#4802 = CARTESIAN_POINT ( 'NONE',  ( 0.9726137913909583821, -9.799211183144089787, 3.320000000000000284 ) ) ;
#4803 = CARTESIAN_POINT ( 'NONE',  ( 0.5975463920718844246, -9.818893160180714119, 3.720000000000001084 ) ) ;
#4804 = ADVANCED_FACE ( 'NONE', ( #7220 ), #259, .T. ) ;
#4805 = AXIS2_PLACEMENT_3D ( 'NONE', #4861, #4258, #536 ) ;
#4806 = ORIENTED_EDGE ( 'NONE', *, *, #4842, .T. ) ;
#4807 = EDGE_CURVE ( 'NONE', #7956, #338, #4173, .T. ) ;
#4808 = CARTESIAN_POINT ( 'NONE',  ( 4.505400134665674905, -13.43135212303997506, 3.320000000000000728 ) ) ;
#4809 = ORIENTED_EDGE ( 'NONE', *, *, #7033, .F. ) ;
#4810 = CARTESIAN_POINT ( 'NONE',  ( -0.7270713678500889676, 5.807470412875842314, 3.720000000000000195 ) ) ;
#4811 = CARTESIAN_POINT ( 'NONE',  ( -0.08492455575980373261, -1.321643305759802489, 3.319999999999999840 ) ) ;
#4812 = ORIENTED_EDGE ( 'NONE', *, *, #3748, .T. ) ;
#4813 = CARTESIAN_POINT ( 'NONE',  ( -0.5839902617161963905, 5.284684533755481084, 3.719999999999999751 ) ) ;
#4814 = CARTESIAN_POINT ( 'NONE',  ( 13.39999999999999680, -3.199999999999994404, 3.620000000000000107 ) ) ;
#4815 = CARTESIAN_POINT ( 'NONE',  ( 0.08798715818796096211, -6.569435075998753426, 3.319999999999999396 ) ) ;
#4816 = CLOSED_SHELL ( 'NONE', ( #5140, #3925, #214, #2606, #4178, #7885, #2198, #7311, #1102, #1483, #2810, #6359, #379, #7548, #3016, #7581, #3706, #3771, #1774, #4020, #6058, #5946, #3504, #1469, #7430, #6599, #7869, #5738, #660, #4163, #7202, #7447, #3449, #7404, #7246, #5849, #4957, #4291, #7993, #7484, #3051, #4753, #7498, #4007, #7015, #7086, #5744, #6117, #4242, #1596, #4992, #5386, #2890, #964, #6837, #3347, #1214, #2540, #6110, #2002, #2925, #2873, #1980, #6548, #7206, #3661, #7142, #3215, #756, #28, #1820, #6843, #6885, #3211, #4409, #436, #4114, #1412, #7562, #848, #5348, #966, #3415, #6607, #2015, #2215, #1158, #4946, #6658, #6351, #4073, #3465, #6305, #318, #6190, #4877, #765, #3622, #6589, #3656, #7151, #712, #7611, #5436, #5405, #4405, #4165, #3411, #7454, #6396, #1898, #6810, #6466, #810, #1617, #5111, #6646, #7358, #5930, #3059, #5762, #1340, #347, #4804, #3862, #2757, #1804, #7628, #7094, #4209, #6715, #5989, #413, #2548, #4441, #1409, #6949, #6512, #7186, #551, #7291, #2126, #2718, #6907, #2998, #1849, #7077, #4077, #4688, #5221, #6185, #1863, #6402, #6849, #3401, #2, #6995, #5351, #5203, #5757, #1247, #6260, #1861, #5063, #1752, #7417, #4710, #3014, #5565, #3110, #5807, #4603, #3951, #7492, #4508, #1259, #3249, #1204, #4312, #6196, #2867, #3781, #2764, #7377, #661, #1716, #2226, #5311, #7939, #7441, #6312, #7640, #5479, #3596, #1574, #6300, #910, #4451, #3960, #5577, #2272, #975, #7649, #5244, #7193, #6249 ) ) ;
#4817 = CARTESIAN_POINT ( 'NONE',  ( 3.500820289539123831, 7.230360563971668597, 3.319999999999999396 ) ) ;
#4818 = ORIENTED_EDGE ( 'NONE', *, *, #6362, .T. ) ;
#4819 = CARTESIAN_POINT ( 'NONE',  ( 2.717426679218164942, -7.946603191094943952, 3.720000000000001084 ) ) ;
#4820 = ORIENTED_EDGE ( 'NONE', *, *, #1530, .F. ) ;
#4821 = CARTESIAN_POINT ( 'NONE',  ( 4.429771752450980316, 1.952818627450982003, 3.319999999999999840 ) ) ;
#4822 = CARTESIAN_POINT ( 'NONE',  ( -0.5266806422855275782, -5.300307738098230637, 3.319999999999999840 ) ) ;
#4823 = CARTESIAN_POINT ( 'NONE',  ( 2.315515325655293388, 3.825449188798053957, 3.319999999999999840 ) ) ;
#4824 = CARTESIAN_POINT ( 'NONE',  ( 0.4102726688495643703, 5.469056763744776894, 3.719999999999997087 ) ) ;
#4825 = CARTESIAN_POINT ( 'NONE',  ( 4.677818627450980316, 6.302150352328435012, 3.319999999999999840 ) ) ;
#4826 = DIRECTION ( 'NONE',  ( -0.000000000000000000, -0.000000000000000000, -1.000000000000000000 ) ) ;
#4827 = EDGE_LOOP ( 'NONE', ( #541, #1373, #298, #488 ) ) ;
#4828 = ORIENTED_EDGE ( 'NONE', *, *, #5454, .T. ) ;
#4829 = DIRECTION ( 'NONE',  ( 0.000000000000000000, -0.000000000000000000, 1.000000000000000000 ) ) ;
#4830 = CARTESIAN_POINT ( 'NONE',  ( 4.581586856711283851, 2.747331714456710205, 3.319999999999999840 ) ) ;
#4831 = VERTEX_POINT ( 'NONE', #3060 ) ;
#4832 = ORIENTED_EDGE ( 'NONE', *, *, #5598, .T. ) ;
#4833 = CARTESIAN_POINT ( 'NONE',  ( -0.07641314338235286052, 1.090734145220590312, 3.319999999999999840 ) ) ;
#4834 = CARTESIAN_POINT ( 'NONE',  ( 2.368837935621445734, -10.48687101556896550, 3.320000000000000284 ) ) ;
#4835 = EDGE_CURVE ( 'NONE', #1188, #3448, #3388, .T. ) ;
#4836 = DIRECTION ( 'NONE',  ( -0.000000000000000000, -0.7071067811865486830, -0.7071067811865464625 ) ) ;
#4837 = CARTESIAN_POINT ( 'NONE',  ( 4.599698685512344731, 2.330352783295121633, 3.320000000000000284 ) ) ;
#4838 = CARTESIAN_POINT ( 'NONE',  ( 1.164529298768745447, -10.97293048921140013, 3.720000000000000195 ) ) ;
#4839 = DIRECTION ( 'NONE',  ( 1.433655765270088355E-16, -1.000000000000000000, -0.000000000000000000 ) ) ;
#4840 = VERTEX_POINT ( 'NONE', #2370 ) ;
#4841 = LINE ( 'NONE', #7336, #7617 ) ;
#4842 = EDGE_CURVE ( 'NONE', #3826, #2996, #3551, .T. ) ;
#4843 = CARTESIAN_POINT ( 'NONE',  ( -0.4465203500931305691, -10.57147149097582428, 3.320000000000000284 ) ) ;
#4844 = ORIENTED_EDGE ( 'NONE', *, *, #5294, .T. ) ;
#4845 = CARTESIAN_POINT ( 'NONE',  ( -0.6916666666666668739, -2.857345281862743391, 3.319999999999999840 ) ) ;
#4846 = ORIENTED_EDGE ( 'NONE', *, *, #2319, .T. ) ;
#4847 = CARTESIAN_POINT ( 'NONE',  ( 1.494883483122620538, -11.08506671632211393, 3.719999999999999307 ) ) ;
#4848 = CARTESIAN_POINT ( 'NONE',  ( 1.749716334588010680, 7.709749204927950572, 3.320000000000000284 ) ) ;
#4849 = EDGE_CURVE ( 'NONE', #6697, #5223, #2547, .T. ) ;
#4850 = DIRECTION ( 'NONE',  ( 1.000000000000000000, 0.000000000000000000, 0.000000000000000000 ) ) ;
#4851 = DIRECTION ( 'NONE',  ( -0.000000000000000000, -0.000000000000000000, 1.000000000000000000 ) ) ;
#4852 = EDGE_CURVE ( 'NONE', #5105, #15, #3283, .T. ) ;
#4853 = CARTESIAN_POINT ( 'NONE',  ( 1.951734834558823461, -5.284313725490193292, 3.320000000000000284 ) ) ;
#4854 = AXIS2_PLACEMENT_3D ( 'NONE', #2841, #5328, #2231 ) ;
#4855 = CARTESIAN_POINT ( 'NONE',  ( 4.429771752450980316, 1.952818627450982003, 3.720000000000000195 ) ) ;
#4856 = VERTEX_POINT ( 'NONE', #4364 ) ;
#4857 = CARTESIAN_POINT ( 'NONE',  ( 2.006871473906586711, -8.007372307544377676, 3.319999999999999840 ) ) ;
#4858 = ORIENTED_EDGE ( 'NONE', *, *, #4665, .T. ) ;
#4859 = LINE ( 'NONE', #7354, #4662 ) ;
#4860 = CARTESIAN_POINT ( 'NONE',  ( 0.4693278649279637449, -4.358877902431265383, 3.720000000000000639 ) ) ;
#4861 = CARTESIAN_POINT ( 'NONE',  ( -3.700000000000003730, -4.599999999999999645, 1.180000000000000160 ) ) ;
#4862 = LINE ( 'NONE', #1272, #2690 ) ;
#4863 = CARTESIAN_POINT ( 'NONE',  ( -13.50000000000000355, 4.299999999999999822, 2.400000000000000355 ) ) ;
#4864 = EDGE_CURVE ( 'NONE', #5101, #2472, #1424, .T. ) ;
#4865 = CARTESIAN_POINT ( 'NONE',  ( 1.999654359078481436, 8.877150765179777636, 3.720000000000000195 ) ) ;
#4866 = ORIENTED_EDGE ( 'NONE', *, *, #959, .F. ) ;
#4867 = ORIENTED_EDGE ( 'NONE', *, *, #820, .T. ) ;
#4868 = DIRECTION ( 'NONE',  ( 0.000000000000000000, 1.000000000000000000, 0.000000000000000000 ) ) ;
#4869 = CARTESIAN_POINT ( 'NONE',  ( 9.500000000000001776, -3.600000000000000977, 1.180000000000000160 ) ) ;
#4870 = ORIENTED_EDGE ( 'NONE', *, *, #1112, .F. ) ;
#4871 = ORIENTED_EDGE ( 'NONE', *, *, #1057, .T. ) ;
#4872 = CARTESIAN_POINT ( 'NONE',  ( -11.70000000000000462, 6.000000000000001776, 3.720000000000000195 ) ) ;
#4873 = CARTESIAN_POINT ( 'NONE',  ( -0.6658044171748163098, 1.554336689283740913, 3.319999999999999840 ) ) ;
#4874 = CARTESIAN_POINT ( 'NONE',  ( -13.50000000000000355, -3.899999999999999467, -2.000000000000000000 ) ) ;
#4875 = VECTOR ( 'NONE', #2847, 1000.000000000000114 ) ;
#4876 = DIRECTION ( 'NONE',  ( 1.000000000000000000, -0.000000000000000000, 0.000000000000000000 ) ) ;
#4877 = ADVANCED_FACE ( 'NONE', ( #3218 ), #645, .T. ) ;
#4878 = CARTESIAN_POINT ( 'NONE',  ( -0.3803387260041215523, -10.45364201701480056, 3.319999999999998952 ) ) ;
#4879 = ORIENTED_EDGE ( 'NONE', *, *, #1606, .F. ) ;
#4880 = CARTESIAN_POINT ( 'NONE',  ( 2.465469750631533064, -10.64443506640790815, 3.719999999999999307 ) ) ;
#4881 = CARTESIAN_POINT ( 'NONE',  ( -0.6553355458517194920, -11.27614200691671975, 3.719999999999999751 ) ) ;
#4882 = MANIFOLD_SOLID_BREP ( 'гпЁЩ-и╗цХ1', #4816 ) ;
#4883 = ORIENTED_EDGE ( 'NONE', *, *, #7351, .F. ) ;
#4884 = CARTESIAN_POINT ( 'NONE',  ( 4.558513880666894558, -13.33810115153652021, 3.320000000000001172 ) ) ;
#4885 = ORIENTED_EDGE ( 'NONE', *, *, #2914, .F. ) ;
#4886 = EDGE_CURVE ( 'NONE', #3183, #3831, #120, .T. ) ;
#4887 = B_SPLINE_CURVE_WITH_KNOTS ( 'NONE', 3,
 ( #2627, #4027, #5159, #5119, #7647, #4546, #6508, #7036, #2021, #917, #4503, #2222, #7318, #5319, #6709, #1604, #6012, #5391, #2345 ),
 .UNSPECIFIED., .F., .F.,
 ( 4, 1, 1, 1, 1, 1, 1, 1, 1, 1, 1, 1, 1, 1, 1, 1, 4 ),
 ( 0.000000000000000000, 0.07998687184711988918, 0.1559865130290785940, 0.2277006833242031236, 0.2961486476827292491, 0.3608880826660947894, 0.4217378579292104801, 0.4798847986416894806, 0.5355057445050774856, 0.5892689189416134843, 0.6422809993223053127, 0.6946689085360283622, 0.7481243169006167593, 0.8040541819839501780, 0.8644630359991968271, 0.9290926937957373344, 1.000000000000000000 ),
 .UNSPECIFIED. ) ;
#4888 = CARTESIAN_POINT ( 'NONE',  ( -0.7672072574601828121, 6.297585255155870421, 3.720000000000000639 ) ) ;
#4889 = CARTESIAN_POINT ( 'NONE',  ( 4.558513880666894558, -13.33810115153652021, 3.720000000000001528 ) ) ;
#4890 = CARTESIAN_POINT ( 'NONE',  ( -0.7270713678500889676, 5.807470412875842314, 3.720000000000000195 ) ) ;
#4891 = CARTESIAN_POINT ( 'NONE',  ( -2.700000000000005507, 8.599999999999999645, 1.180000000000000160 ) ) ;
#4892 = CARTESIAN_POINT ( 'NONE',  ( 4.558290901122947325, -3.152735213634149325, 3.319999999999999840 ) ) ;
#4893 = CARTESIAN_POINT ( 'NONE',  ( 3.819839896776485944, 6.397882500131513162, 3.319999999999999396 ) ) ;
#4894 = ORIENTED_EDGE ( 'NONE', *, *, #1026, .F. ) ;
#4895 = CARTESIAN_POINT ( 'NONE',  ( 3.314867614684270603, -7.728055581045849998, 3.319999999999999396 ) ) ;
#4896 = ORIENTED_EDGE ( 'NONE', *, *, #826, .T. ) ;
#4897 = EDGE_CURVE ( 'NONE', #1195, #6222, #1749, .T. ) ;
#4898 = CARTESIAN_POINT ( 'NONE',  ( 4.641758464136102269, -7.272280387146397018, 3.320000000000000284 ) ) ;
#4899 = CARTESIAN_POINT ( 'NONE',  ( 0.04975960708691167661, -4.594030569084967652, 3.720000000000001084 ) ) ;
#4900 = CARTESIAN_POINT ( 'NONE',  ( 3.430282589505371238, 4.056366309447394514, 3.320000000000000728 ) ) ;
#4901 = CARTESIAN_POINT ( 'NONE',  ( 4.589878291051367576, 2.219859958553943802, 3.719999999999999751 ) ) ;
#4902 = AXIS2_PLACEMENT_3D ( 'NONE', #7182, #1635, #4130 ) ;
#4903 = CARTESIAN_POINT ( 'NONE',  ( 1.951734834558823461, -5.284313725490193292, 3.320000000000000284 ) ) ;
#4904 = DIRECTION ( 'NONE',  ( -1.000000000000000000, 0.000000000000000000, -0.000000000000000000 ) ) ;
#4905 = EDGE_CURVE ( 'NONE', #4532, #4770, #5096, .T. ) ;
#4906 = EDGE_LOOP ( 'NONE', ( #2586, #4460, #4167, #2663 ) ) ;
#4907 = VECTOR ( 'NONE', #5079, 1000.000000000000000 ) ;
#4908 = EDGE_LOOP ( 'NONE', ( #1647, #5758, #5779, #803 ) ) ;
#4909 = EDGE_CURVE ( 'NONE', #5169, #2983, #3301, .T. ) ;
#4910 = CARTESIAN_POINT ( 'NONE',  ( -0.6905101489369600554, 1.770335079278336554, 3.719999999999999751 ) ) ;
#4911 = PLANE ( 'NONE',  #5296 ) ;
#4912 = EDGE_LOOP ( 'NONE', ( #2772, #3914, #821, #6529 ) ) ;
#4913 = CIRCLE ( 'NONE', #4009, 0.5999999999999998668 ) ;
#4914 = VECTOR ( 'NONE', #1457, 1000.000000000000000 ) ;
#4915 = ORIENTED_EDGE ( 'NONE', *, *, #3608, .F. ) ;
#4916 = CARTESIAN_POINT ( 'NONE',  ( -0.06830911308056873688, -4.695923288840121224, 3.319999999999998952 ) ) ;
#4917 = AXIS2_PLACEMENT_3D ( 'NONE', #768, #6930, #6400 ) ;
#4918 = DIRECTION ( 'NONE',  ( 0.7071067811865481278, 0.000000000000000000, -0.7071067811865470176 ) ) ;
#4919 = CARTESIAN_POINT ( 'NONE',  ( -3.500000000000003109, 16.60000000000000497, -1.500000000000000000 ) ) ;
#4920 = VECTOR ( 'NONE', #5366, 1000.000000000000000 ) ;
#4921 = DIRECTION ( 'NONE',  ( 0.000000000000000000, 0.000000000000000000, -1.000000000000000000 ) ) ;
#4922 = CARTESIAN_POINT ( 'NONE',  ( -4.000000000000003553, -2.699999999999999289, 1.180000000000000160 ) ) ;
#4923 = EDGE_LOOP ( 'NONE', ( #7930, #2727, #5093, #5442 ) ) ;
#4924 = CARTESIAN_POINT ( 'NONE',  ( 3.500820289539123831, 7.230360563971668597, 3.319999999999999396 ) ) ;
#4925 = CARTESIAN_POINT ( 'NONE',  ( 0.7467241359920965271, -9.801269834383493418, 3.719999999999999751 ) ) ;
#4926 = B_SPLINE_SURFACE_WITH_KNOTS ( 'NONE', 3, 1, ( 
 ( #7399, #5549 ),
 ( #6287, #2655 ),
 ( #3889, #206 ),
 ( #7593, #3966 ),
 ( #1434, #3232 ),
 ( #7060, #4491 ),
 ( #2695, #4453 ),
 ( #1347, #5145 ),
 ( #6327, #1968 ),
 ( #860, #1930 ),
 ( #7516, #3929 ) ),
 .UNSPECIFIED., .F., .F., .F.,
 ( 4, 1, 1, 1, 1, 1, 1, 1, 4 ),
 ( 2, 2 ),
 ( 0.000000000000000000, 0.1463295087365604485, 0.2794937139539293569, 0.4002637426777958529, 0.5173694038893403846, 0.6315987502037564427, 0.7474332714039008119, 0.8682170732963948590, 1.000000000000000000 ),
 ( 0.000000000000000000, 1.000000000000000000 ),
 .UNSPECIFIED. ) ;
#4927 = VERTEX_POINT ( 'NONE', #6318 ) ;
#4928 = CARTESIAN_POINT ( 'NONE',  ( -0.6886696963187426412, -13.16532750833775189, 3.719999999999997975 ) ) ;
#4929 = ORIENTED_EDGE ( 'NONE', *, *, #5634, .F. ) ;
#4930 = DIRECTION ( 'NONE',  ( -0.000000000000000000, 0.000000000000000000, 1.000000000000000000 ) ) ;
#4931 = FACE_OUTER_BOUND ( 'NONE', #7634, .T. ) ;
#4932 = CARTESIAN_POINT ( 'NONE',  ( -0.7627894552391498717, 6.097731796666375992, 3.719999999999999751 ) ) ;
#4933 = LINE ( 'NONE', #4290, #2139 ) ;
#4934 = CARTESIAN_POINT ( 'NONE',  ( 0.3793862580545630525, -5.749325959338624337, 3.319999999999999840 ) ) ;
#4935 = CARTESIAN_POINT ( 'NONE',  ( 2.992843763966192672, 7.557583318804179662, 3.320000000000000284 ) ) ;
#4936 = EDGE_CURVE ( 'NONE', #7687, #1772, #4351, .T. ) ;
#4937 = VERTEX_POINT ( 'NONE', #4522 ) ;
#4938 = CARTESIAN_POINT ( 'NONE',  ( -0.7694852941176472116, 6.400639552696082646, 3.319999999999999840 ) ) ;
#4939 = ORIENTED_EDGE ( 'NONE', *, *, #2261, .T. ) ;
#4940 = CARTESIAN_POINT ( 'NONE',  ( 4.599743193529153729, -0.05825327344684259889, 3.319999999999999840 ) ) ;
#4941 = CARTESIAN_POINT ( 'NONE',  ( -0.4148385620766564807, -5.095074423745654890, 3.319999999999999840 ) ) ;
#4942 = LINE ( 'NONE', #7400, #255 ) ;
#4943 = CARTESIAN_POINT ( 'NONE',  ( 1.893370863970587958, 8.878676470588239056, 3.720000000000000195 ) ) ;
#4944 = CARTESIAN_POINT ( 'NONE',  ( 11.29999999999999538, 16.60000000000000497, -2.000000000000000000 ) ) ;
#4945 = DIRECTION ( 'NONE',  ( -0.000000000000000000, -0.000000000000000000, 1.000000000000000000 ) ) ;
#4946 = ADVANCED_FACE ( 'NONE', ( #7014 ), #3503, .F. ) ;
#4947 = ORIENTED_EDGE ( 'NONE', *, *, #649, .F. ) ;
#4948 = ORIENTED_EDGE ( 'NONE', *, *, #7982, .T. ) ;
#4949 = VECTOR ( 'NONE', #6667, 1000.000000000000000 ) ;
#4950 = CARTESIAN_POINT ( 'NONE',  ( -0.6916666666666668739, 1.817851945465688068, 3.720000000000000195 ) ) ;
#4951 = DIRECTION ( 'NONE',  ( 0.000000000000000000, 1.000000000000000000, 0.000000000000000000 ) ) ;
#4952 = VERTEX_POINT ( 'NONE', #2201 ) ;
#4953 = EDGE_CURVE ( 'NONE', #6398, #40, #5871, .T. ) ;
#4954 = CARTESIAN_POINT ( 'NONE',  ( 4.677818627450980316, -6.693560431985290826, 3.319999999999999840 ) ) ;
#4955 = CARTESIAN_POINT ( 'NONE',  ( -0.7672072574601828121, -6.698125529157858082, 3.720000000000000639 ) ) ;
#4956 = CARTESIAN_POINT ( 'NONE',  ( -0.07641314338235286052, 1.090734145220590312, 3.319999999999999840 ) ) ;
#4957 = ADVANCED_FACE ( 'NONE', ( #7709 ), #5220, .F. ) ;
#4958 = CARTESIAN_POINT ( 'NONE',  ( -5.000000000000002665, 5.500000000000000000, 6.240000000000000213 ) ) ;
#4959 = CARTESIAN_POINT ( 'NONE',  ( 8.499999999999996447, -2.499999999999996891, 3.520000000000008455 ) ) ;
#4960 = ORIENTED_EDGE ( 'NONE', *, *, #1920, .F. ) ;
#4961 = LINE ( 'NONE', #3865, #2527 ) ;
#4962 = EDGE_CURVE ( 'NONE', #3329, #4666, #6487, .T. ) ;
#4963 = CARTESIAN_POINT ( 'NONE',  ( 1.367406743332829411, 7.677094390814788838, 3.720000000000000195 ) ) ;
#4964 = ORIENTED_EDGE ( 'NONE', *, *, #3866, .T. ) ;
#4965 = ORIENTED_EDGE ( 'NONE', *, *, #4117, .T. ) ;
#4966 = PLANE ( 'NONE',  #3345 ) ;
#4967 = CARTESIAN_POINT ( 'NONE',  ( 4.599869662451130381, -12.96081952704074958, 3.719999999999999751 ) ) ;
#4968 = VECTOR ( 'NONE', #6522, 1000.000000000000000 ) ;
#4969 = CARTESIAN_POINT ( 'NONE',  ( 0.1564578703581391839, 4.319202680805410921, 3.319999999999999840 ) ) ;
#4970 = DIRECTION ( 'NONE',  ( 0.000000000000000000, 0.000000000000000000, 1.000000000000000000 ) ) ;
#4971 = CARTESIAN_POINT ( 'NONE',  ( 1.749716334588011124, -5.285961579385778819, 3.320000000000000728 ) ) ;
#4972 = CARTESIAN_POINT ( 'NONE',  ( 2.992843763966192672, 7.557583318804179662, 3.719999999999999751 ) ) ;
#4973 = VECTOR ( 'NONE', #6004, 1000.000000000000000 ) ;
#4974 = ORIENTED_EDGE ( 'NONE', *, *, #5214, .T. ) ;
#4975 = LINE ( 'NONE', #3144, #5437 ) ;
#4976 = CARTESIAN_POINT ( 'NONE',  ( -0.2807895102048653113, 8.086122206351804564, 3.719999999999997975 ) ) ;
#4977 = ORIENTED_EDGE ( 'NONE', *, *, #2802, .T. ) ;
#4978 = DIRECTION ( 'NONE',  ( 0.000000000000000000, 0.000000000000000000, -1.000000000000000000 ) ) ;
#4979 = DIRECTION ( 'NONE',  ( 1.000000000000000000, 0.000000000000000000, 0.000000000000000000 ) ) ;
#4980 = CARTESIAN_POINT ( 'NONE',  ( 0.1672155743374217629, -11.75430410772768930, 3.319999999999999840 ) ) ;
#4981 = LINE ( 'NONE', #3647, #3731 ) ;
#4982 = EDGE_CURVE ( 'NONE', #5006, #940, #4685, .T. ) ;
#4983 = CARTESIAN_POINT ( 'NONE',  ( 0.1643382352941175073, 1.952818627450982003, 3.319999999999999840 ) ) ;
#4984 = VECTOR ( 'NONE', #346, 1000.000000000000000 ) ;
#4985 = CARTESIAN_POINT ( 'NONE',  ( 3.751816608296655531, 8.379903677557836161, 3.319999999999999840 ) ) ;
#4986 = EDGE_LOOP ( 'NONE', ( #4879, #596, #2457, #1675, #4489 ) ) ;
#4987 = ORIENTED_EDGE ( 'NONE', *, *, #514, .T. ) ;
#4988 = AXIS2_PLACEMENT_3D ( 'NONE', #1148, #2412, #5584 ) ;
#4989 = LINE ( 'NONE', #4228, #7256 ) ;
#4990 = DIRECTION ( 'NONE',  ( -0.3340861419264046228, 0.9425425453382623164, 0.000000000000000000 ) ) ;
#4991 = DIRECTION ( 'NONE',  ( 1.000000000000000000, 2.965339275174029533E-16, -0.000000000000000000 ) ) ;
#4992 = ADVANCED_FACE ( 'NONE', ( #4567 ), #7173, .F. ) ;
#4993 = B_SPLINE_CURVE_WITH_KNOTS ( 'NONE', 3,
 ( #2860, #368, #4174, #406, #7756, #4092, #5382, #6574, #2333, #7221, #980, #2247, #7912, #906, #2779, #2938, #7867, #2818, #4014 ),
 .UNSPECIFIED., .F., .F.,
 ( 4, 1, 1, 1, 1, 1, 1, 1, 1, 1, 1, 1, 1, 1, 1, 1, 4 ),
 ( 0.000000000000000000, 0.07255272313457271360, 0.1417418909686664341, 0.2077360430198709751, 0.2714290876032899869, 0.3325578037061183156, 0.3914575579804829286, 0.4488933542825400136, 0.5054700295189402670, 0.5615532413088397679, 0.6180923290137484427, 0.6752642379500596315, 0.7344520322322817263, 0.7959842728098599496, 0.8603756616731867979, 0.9280028065836891660, 1.000000000000000000 ),
 .UNSPECIFIED. ) ;
#4994 = B_SPLINE_CURVE_WITH_KNOTS ( 'NONE', 3,
 ( #7774, #2191, #1498, #3417, #308, #2798, #4676, #5820, #7165, #1067, #4183, #5127, #6665, #3564, #2634, #4592, #7005, #1413, #797 ),
 .UNSPECIFIED., .F., .F.,
 ( 4, 1, 1, 1, 1, 1, 1, 1, 1, 1, 1, 1, 1, 1, 1, 1, 4 ),
 ( 0.000000000000000000, 0.07382228342945415522, 0.1440501022091540406, 0.2107282076646930513, 0.2746787875331983542, 0.3359894966732780430, 0.3953132383740303180, 0.4526620807477487185, 0.5091377853370301354, 0.5651006441719411688, 0.6213201579575617917, 0.6784104757689226606, 0.7371470321365205525, 0.7979752356230530586, 0.8617276823459042445, 0.9289725806969629796, 1.000000000000000000 ),
 .UNSPECIFIED. ) ;
#4995 = ORIENTED_EDGE ( 'NONE', *, *, #2713, .F. ) ;
#4996 = CARTESIAN_POINT ( 'NONE',  ( 1.935927925857843235, -8.007965686274506112, 3.720000000000000195 ) ) ;
#4997 = CARTESIAN_POINT ( 'NONE',  ( 0.3924810674875682248, -11.16651720353779531, 3.720000000000001528 ) ) ;
#4998 = EDGE_CURVE ( 'NONE', #4074, #5460, #897, .T. ) ;
#4999 = CARTESIAN_POINT ( 'NONE',  ( 12.50000000000000000, 15.80000000000000426, 2.720000000000000195 ) ) ;
#5000 = EDGE_CURVE ( 'NONE', #746, #6844, #7135, .T. ) ;
#5001 = CARTESIAN_POINT ( 'NONE',  ( -0.2208117484164772437, -10.24240354343839421, 3.720000000000001528 ) ) ;
#5002 = ORIENTED_EDGE ( 'NONE', *, *, #73, .F. ) ;
#5003 = CARTESIAN_POINT ( 'NONE',  ( 3.500820289539123831, -5.765350220342056353, 3.719999999999997975 ) ) ;
#5004 = CARTESIAN_POINT ( 'NONE',  ( 0.2916770998294672679, 7.134800849755194463, 3.719999999999999751 ) ) ;
#5005 = B_SPLINE_CURVE_WITH_KNOTS ( 'NONE', 3,
 ( #7823, #6568, #5793, #203, #7675, #7789, #2204, #2089, #6449, #1472, #3544, #7260, #3631, #6690, #1671, #6773, #4765, #6157, #1051 ),
 .UNSPECIFIED., .F., .F.,
 ( 4, 1, 1, 1, 1, 1, 1, 1, 1, 1, 1, 1, 1, 1, 1, 1, 4 ),
 ( 0.000000000000000000, 0.07162820314866644167, 0.1389881115085654373, 0.2024548791123502445, 0.2622910703773536634, 0.3193827275654349540, 0.3744225040896250190, 0.4284167490842137327, 0.4819218502216051081, 0.5360709801611813763, 0.5917317931235176465, 0.6498297489339293076, 0.7111916591917686326, 0.7764452229142141393, 0.8457809067368113887, 0.9202927221421004500, 1.000000000000000000 ),
 .UNSPECIFIED. ) ;
#5006 = VERTEX_POINT ( 'NONE', #4120 ) ;
#5007 = EDGE_LOOP ( 'NONE', ( #855, #6795, #5783, #7674 ) ) ;
#5008 = EDGE_CURVE ( 'NONE', #4631, #5913, #5023, .T. ) ;
#5009 = DIRECTION ( 'NONE',  ( 0.000000000000000000, -1.000000000000000000, -0.000000000000000000 ) ) ;
#5010 = CARTESIAN_POINT ( 'NONE',  ( 11.69999999999999751, 17.40000000000000924, -2.000000000000000000 ) ) ;
#5011 = CARTESIAN_POINT ( 'NONE',  ( 11.29999999999999716, 12.59999999999999964, 3.520000000000008455 ) ) ;
#5012 = CARTESIAN_POINT ( 'NONE',  ( 2.145222136040061400, 4.989495655152266451, 3.319999999999999396 ) ) ;
#5013 = DIRECTION ( 'NONE',  ( 0.000000000000000000, 0.7071067811865433539, 0.7071067811865517916 ) ) ;
#5014 = ORIENTED_EDGE ( 'NONE', *, *, #3878, .F. ) ;
#5015 = CARTESIAN_POINT ( 'NONE',  ( 11.70000000000000107, -16.60000000000000142, 2.720000000000000195 ) ) ;
#5016 = DIRECTION ( 'NONE',  ( -0.000000000000000000, -0.000000000000000000, -1.000000000000000000 ) ) ;
#5017 = VERTEX_POINT ( 'NONE', #3426 ) ;
#5018 = DIRECTION ( 'NONE',  ( 0.7071067811865352493, 0.000000000000000000, 0.7071067811865597852 ) ) ;
#5019 = CARTESIAN_POINT ( 'NONE',  ( 4.578361860732077737, -0.5034652992515117331, 3.719999999999999307 ) ) ;
#5020 = VECTOR ( 'NONE', #6039, 1000.000000000000000 ) ;
#5021 = CARTESIAN_POINT ( 'NONE',  ( 4.590569054874359622, -0.4124629123822056709, 3.719999999999999307 ) ) ;
#5022 = LINE ( 'NONE', #2993, #4132 ) ;
#5023 = B_SPLINE_CURVE_WITH_KNOTS ( 'NONE', 3,
 ( #396, #1585, #3461, #6605, #4602, #5179, #2806, #316, #1549, #5257, #3390, #6564, #1465, #2768, #6442, #3341, #3959, #4047, #933 ),
 .UNSPECIFIED., .F., .F.,
 ( 4, 1, 1, 1, 1, 1, 1, 1, 1, 1, 1, 1, 1, 1, 1, 1, 4 ),
 ( 0.000000000000000000, 0.07205748326946208315, 0.1383846133461964778, 0.2008197347184779435, 0.2598038300101357390, 0.3168503838887137825, 0.3728482335114459700, 0.4283531432337642775, 0.4848110048265389938, 0.5426269460141154299, 0.6014573603993190742, 0.6628287376421636568, 0.7267901150654367814, 0.7927359298324763159, 0.8605160265926914409, 0.9294173656588029520, 0.9999999999999998890 ),
 .UNSPECIFIED. ) ;
#5024 = CARTESIAN_POINT ( 'NONE',  ( 2.315515325655293388, 3.825449188798053957, 3.719999999999999751 ) ) ;
#5025 = CARTESIAN_POINT ( 'NONE',  ( 4.599909338284354554, -0.1377398732530867864, 3.320000000000000728 ) ) ;
#5026 = ORIENTED_EDGE ( 'NONE', *, *, #7249, .F. ) ;
#5027 = AXIS2_PLACEMENT_3D ( 'NONE', #6811, #4930, #6651 ) ;
#5028 = VERTEX_POINT ( 'NONE', #5909 ) ;
#5029 = VECTOR ( 'NONE', #3315, 1000.000000000000000 ) ;
#5030 = CARTESIAN_POINT ( 'NONE',  ( 3.310245256455140783, -4.369545137305242299, 3.720000000000001084 ) ) ;
#5031 = CARTESIAN_POINT ( 'NONE',  ( 4.505400134665674905, -13.43135212303997506, 3.320000000000000728 ) ) ;
#5032 = FACE_OUTER_BOUND ( 'NONE', #7482, .T. ) ;
#5033 = CIRCLE ( 'NONE', #3741, 1.799999999999999600 ) ;
#5034 = CARTESIAN_POINT ( 'NONE',  ( 2.098934823967300911, -9.173547036301046731, 3.719999999999998863 ) ) ;
#5035 = CARTESIAN_POINT ( 'NONE',  ( 3.820291584535983720, -6.723651431562601033, 3.719999999999999751 ) ) ;
#5036 = CARTESIAN_POINT ( 'NONE',  ( -0.3619588193838789714, 1.201993879193886006, 3.319999999999999840 ) ) ;
#5037 = AXIS2_PLACEMENT_3D ( 'NONE', #5869, #2199, #4720 ) ;
#5038 = AXIS2_PLACEMENT_3D ( 'NONE', #2991, #4979, #2380 ) ;
#5039 = EDGE_CURVE ( 'NONE', #1301, #3131, #6054, .T. ) ;
#5040 = VECTOR ( 'NONE', #3141, 1000.000000000000000 ) ;
#5041 = VECTOR ( 'NONE', #2389, 1000.000000000000000 ) ;
#5042 = PLANE ( 'NONE',  #1463 ) ;
#5043 = VECTOR ( 'NONE', #198, 1000.000000000000000 ) ;
#5044 = AXIS2_PLACEMENT_3D ( 'NONE', #4429, #1939, #6220 ) ;
#5045 = PLANE ( 'NONE',  #6633 ) ;
#5046 = ORIENTED_EDGE ( 'NONE', *, *, #695, .T. ) ;
#5047 = DIRECTION ( 'NONE',  ( -0.7071067811865597852, 0.000000000000000000, -0.7071067811865352493 ) ) ;
#5048 = VECTOR ( 'NONE', #1925, 1000.000000000000000 ) ;
#5049 = DIRECTION ( 'NONE',  ( 1.000000000000000000, 0.000000000000000000, 0.000000000000000000 ) ) ;
#5050 = VECTOR ( 'NONE', #7515, 1000.000000000000000 ) ;
#5051 = VECTOR ( 'NONE', #2884, 1000.000000000000000 ) ;
#5052 = EDGE_CURVE ( 'NONE', #6860, #72, #4722, .T. ) ;
#5053 = ORIENTED_EDGE ( 'NONE', *, *, #593, .F. ) ;
#5054 = VERTEX_POINT ( 'NONE', #7212 ) ;
#5055 = FACE_OUTER_BOUND ( 'NONE', #3560, .T. ) ;
#5056 = CARTESIAN_POINT ( 'NONE',  ( 0.1573584998753235487, 6.871817297604182251, 3.320000000000000284 ) ) ;
#5057 = APPLICATION_CONTEXT ( 'automotive_design' ) ;
#5058 = CARTESIAN_POINT ( 'NONE',  ( 0.4813877927264149648, -5.650762489072276296, 3.719999999999997975 ) ) ;
#5059 = EDGE_CURVE ( 'NONE', #3404, #3212, #3777, .T. ) ;
#5060 = CARTESIAN_POINT ( 'NONE',  ( 4.600000000000000533, -0.1811140471813708352, 3.320000000000000284 ) ) ;
#5061 = CARTESIAN_POINT ( 'NONE',  ( 1.935927925857843235, 4.987745098039218838, 3.720000000000001084 ) ) ;
#5062 = DIRECTION ( 'NONE',  ( 0.000000000000000000, 1.000000000000000000, 0.000000000000000000 ) ) ;
#5063 = ADVANCED_FACE ( 'NONE', ( #2929 ), #912, .T. ) ;
#5064 = ORIENTED_EDGE ( 'NONE', *, *, #5052, .F. ) ;
#5065 = DIRECTION ( 'NONE',  ( 0.000000000000000000, 0.000000000000000000, -1.000000000000000000 ) ) ;
#5066 = CARTESIAN_POINT ( 'NONE',  ( -12.50000000000000178, -2.500000000000000444, 1.200000000000000178 ) ) ;
#5067 = ORIENTED_EDGE ( 'NONE', *, *, #3557, .F. ) ;
#5068 = CARTESIAN_POINT ( 'NONE',  ( 11.69999999999999751, -15.80000000000000071, 3.520000000000001350 ) ) ;
#5069 = CARTESIAN_POINT ( 'NONE',  ( -11.70000000000000462, 17.60000000000000142, 3.720000000000000195 ) ) ;
#5070 = FACE_BOUND ( 'NONE', #4062, .T. ) ;
#5071 = CARTESIAN_POINT ( 'NONE',  ( -0.6916666666666668739, 1.817851945465688068, 3.319999999999999840 ) ) ;
#5072 = CARTESIAN_POINT ( 'NONE',  ( 12.20000000000000107, -5.399999999999999467, 1.180000000000000160 ) ) ;
#5073 = AXIS2_PLACEMENT_3D ( 'NONE', #194, #2684, #6439 ) ;
#5074 = LINE ( 'NONE', #3809, #6428 ) ;
#5075 = LINE ( 'NONE', #6910, #4278 ) ;
#5076 = EDGE_LOOP ( 'NONE', ( #6049, #1745, #1476, #5326, #450, #5978 ) ) ;
#5077 = VERTEX_POINT ( 'NONE', #7296 ) ;
#5078 = CARTESIAN_POINT ( 'NONE',  ( 3.540637442984556404, -4.482582812732663236, 3.320000000000001616 ) ) ;
#5079 = DIRECTION ( 'NONE',  ( 0.000000000000000000, 0.000000000000000000, 1.000000000000000000 ) ) ;
#5080 = CARTESIAN_POINT ( 'NONE',  ( 11.69999999999999751, 17.40000000000000213, 3.720000000000000195 ) ) ;
#5081 = CARTESIAN_POINT ( 'NONE',  ( 1.998534280465897650, -10.10659455469320633, 3.719999999999999751 ) ) ;
#5082 = CARTESIAN_POINT ( 'NONE',  ( 2.885129675213251588, -7.907318041715490686, 3.719999999999999751 ) ) ;
#5083 = LINE ( 'NONE', #7769, #1603 ) ;
#5084 = VECTOR ( 'NONE', #61, 1000.000000000000000 ) ;
#5085 = CARTESIAN_POINT ( 'NONE',  ( 1.811935036693962608, -11.46737707486184021, 3.320000000000000284 ) ) ;
#5086 = DIRECTION ( 'NONE',  ( 0.7071067811865597852, 0.000000000000000000, -0.7071067811865352493 ) ) ;
#5087 = CARTESIAN_POINT ( 'NONE',  ( 0.000000000000000000, 0.000000000000000000, 3.720000000000000195 ) ) ;
#5088 = VERTEX_POINT ( 'NONE', #1088 ) ;
#5089 = CARTESIAN_POINT ( 'NONE',  ( 11.50000000000000178, 17.60000000000000142, 0.9799999999999943201 ) ) ;
#5090 = EDGE_CURVE ( 'NONE', #3186, #7946, #2400, .T. ) ;
#5091 = CARTESIAN_POINT ( 'NONE',  ( 1.190849515199450481, 7.647791787634128369, 3.720000000000000195 ) ) ;
#5092 = ORIENTED_EDGE ( 'NONE', *, *, #3699, .F. ) ;
#5093 = ORIENTED_EDGE ( 'NONE', *, *, #3538, .T. ) ;
#5094 = CARTESIAN_POINT ( 'NONE',  ( -13.00000000000000178, -15.80000000000000426, -1.000000000000001110 ) ) ;
#5095 = CARTESIAN_POINT ( 'NONE',  ( -3.300000000000004263, -16.30000000000000071, 1.180000000000000160 ) ) ;
#5096 = LINE ( 'NONE', #4481, #5528 ) ;
#5097 = EDGE_CURVE ( 'NONE', #729, #6986, #476, .T. ) ;
#5098 = DIRECTION ( 'NONE',  ( -0.9315148299942045407, 0.3637033427133550822, 0.000000000000000000 ) ) ;
#5099 = CARTESIAN_POINT ( 'NONE',  ( 3.041169989447176203, 5.136150589587440862, 3.720000000000001528 ) ) ;
#5100 = CARTESIAN_POINT ( 'NONE',  ( 2.537481044252467122, -7.972915107463330209, 3.320000000000000728 ) ) ;
#5101 = VERTEX_POINT ( 'NONE', #2362 ) ;
#5102 = EDGE_CURVE ( 'NONE', #248, #2954, #4841, .T. ) ;
#5103 = CYLINDRICAL_SURFACE ( 'NONE', #7656, 0.5999999999999998668 ) ;
#5104 = CARTESIAN_POINT ( 'NONE',  ( 4.536527627813279118, -3.205935567610072479, 3.719999999999999307 ) ) ;
#5105 = VERTEX_POINT ( 'NONE', #1903 ) ;
#5106 = CARTESIAN_POINT ( 'NONE',  ( -11.70000000000007567, 16.60000000000000497, -1.500000000000000000 ) ) ;
#5107 = DIRECTION ( 'NONE',  ( 0.000000000000000000, 0.000000000000000000, -1.000000000000000000 ) ) ;
#5108 = ORIENTED_EDGE ( 'NONE', *, *, #2443, .T. ) ;
#5109 = LINE ( 'NONE', #7595, #1770 ) ;
#5110 = CARTESIAN_POINT ( 'NONE',  ( -11.69999999999999751, 17.10000000000000142, -1.000000000000001110 ) ) ;
#5111 = ADVANCED_FACE ( 'NONE', ( #1989 ), #3708, .T. ) ;
#5112 = CARTESIAN_POINT ( 'NONE',  ( 2.315515325655293388, 3.825449188798053957, 3.319999999999999840 ) ) ;
#5113 = CARTESIAN_POINT ( 'NONE',  ( 11.69999999999999751, 15.80000000000000071, -2.000000000000000000 ) ) ;
#5114 = LINE ( 'NONE', #7067, #1404 ) ;
#5115 = ORIENTED_EDGE ( 'NONE', *, *, #4109, .T. ) ;
#5116 = ORIENTED_EDGE ( 'NONE', *, *, #5939, .F. ) ;
#5117 = CARTESIAN_POINT ( 'NONE',  ( 4.388927285258672484, -5.349877870210875130, 3.720000000000001528 ) ) ;
#5118 = DIRECTION ( 'NONE',  ( 1.000000000000000000, 0.000000000000000000, 0.000000000000000000 ) ) ;
#5119 = CARTESIAN_POINT ( 'NONE',  ( 2.346927279405215838, 5.001552975777673993, 3.319999999999999396 ) ) ;
#5120 = EDGE_CURVE ( 'NONE', #6215, #3195, #5697, .T. ) ;
#5121 = DIRECTION ( 'NONE',  ( -1.000000000000000000, 0.000000000000000000, 0.000000000000000000 ) ) ;
#5122 = CARTESIAN_POINT ( 'NONE',  ( 4.473892615369948977, 0.3544305047672342002, 3.719999999999999751 ) ) ;
#5123 = LINE ( 'NONE', #2672, #7335 ) ;
#5124 = AXIS2_PLACEMENT_3D ( 'NONE', #1322, #3983, #3820 ) ;
#5125 = CARTESIAN_POINT ( 'NONE',  ( -0.6697905033347774095, -13.23700290155031389, 3.719999999999998419 ) ) ;
#5126 = CARTESIAN_POINT ( 'NONE',  ( 1.367406743332829633, -5.318616393498937001, 3.719999999999998419 ) ) ;
#5127 = CARTESIAN_POINT ( 'NONE',  ( 4.261889006266472713, -5.136666990335138294, 3.719999999999999751 ) ) ;
#5128 = ORIENTED_EDGE ( 'NONE', *, *, #2252, .T. ) ;
#5129 = LINE ( 'NONE', #3911, #3579 ) ;
#5130 = DIRECTION ( 'NONE',  ( 0.5773502691896257311, 0.5773502691896257311, -0.5773502691896257311 ) ) ;
#5131 = ORIENTED_EDGE ( 'NONE', *, *, #629, .T. ) ;
#5132 = ORIENTED_EDGE ( 'NONE', *, *, #2674, .T. ) ;
#5133 = DIRECTION ( 'NONE',  ( 0.000000000000000000, -0.7071067811865597852, -0.7071067811865352493 ) ) ;
#5134 = FACE_OUTER_BOUND ( 'NONE', #787, .T. ) ;
#5135 = CARTESIAN_POINT ( 'NONE',  ( 0.08651960784313711406, -6.631548713235291714, 3.719999999999999307 ) ) ;
#5136 = LINE ( 'NONE', #6319, #3816 ) ;
#5137 = CARTESIAN_POINT ( 'NONE',  ( 3.433275238834901710, 5.350516990820941565, 3.720000000000001972 ) ) ;
#5138 = CARTESIAN_POINT ( 'NONE',  ( 3.535695553811072589, -7.547309634191011973, 3.319999999999999396 ) ) ;
#5139 = VECTOR ( 'NONE', #2604, 1000.000000000000000 ) ;
#5140 = ADVANCED_FACE ( 'NONE', ( #7007 ), #592, .F. ) ;
#5141 = ORIENTED_EDGE ( 'NONE', *, *, #2653, .T. ) ;
#5142 = CARTESIAN_POINT ( 'NONE',  ( 4.428555836397059409, -13.45526960784313530, 3.319999999999999840 ) ) ;
#5143 = ORIENTED_EDGE ( 'NONE', *, *, #1360, .F. ) ;
#5144 = LINE ( 'NONE', #85, #2186 ) ;
#5145 = CARTESIAN_POINT ( 'NONE',  ( -0.6664370899757338096, -3.022591067804277554, 3.719999999999998419 ) ) ;
#5146 = VERTEX_POINT ( 'NONE', #5737 ) ;
#5147 = DIRECTION ( 'NONE',  ( 1.000000000000000000, 0.000000000000000000, 0.000000000000000000 ) ) ;
#5148 = CARTESIAN_POINT ( 'NONE',  ( 0.1643382352941175073, 1.952818627450982003, 3.319999999999999840 ) ) ;
#5149 = DIRECTION ( 'NONE',  ( 0.000000000000000000, 0.000000000000000000, 1.000000000000000000 ) ) ;
#5150 = DIRECTION ( 'NONE',  ( 0.000000000000000000, 0.000000000000000000, 1.000000000000000000 ) ) ;
#5151 = EDGE_CURVE ( 'NONE', #215, #6988, #4961, .T. ) ;
#5152 = CARTESIAN_POINT ( 'NONE',  ( -3.700000000000003730, -4.899999999999999467, 2.720000000000000195 ) ) ;
#5153 = EDGE_CURVE ( 'NONE', #5388, #248, #6924, .T. ) ;
#5154 = ORIENTED_EDGE ( 'NONE', *, *, #1552, .T. ) ;
#5155 = AXIS2_PLACEMENT_3D ( 'NONE', #2617, #7025, #1349 ) ;
#5156 = ORIENTED_EDGE ( 'NONE', *, *, #447, .F. ) ;
#5157 = LINE ( 'NONE', #7645, #2441 ) ;
#5158 = PLANE ( 'NONE',  #1130 ) ;
#5159 = CARTESIAN_POINT ( 'NONE',  ( 2.145222136040061400, 4.989495655152266451, 3.319999999999999396 ) ) ;
#5160 = CARTESIAN_POINT ( 'NONE',  ( 3.651875885848974157, -8.831700331566464612, 3.719999999999998863 ) ) ;
#5161 = CARTESIAN_POINT ( 'NONE',  ( 13.29999999999999716, -15.80000000000000071, 3.720000000000000195 ) ) ;
#5162 = CARTESIAN_POINT ( 'NONE',  ( 0.5167474395479867422, 5.367759049040298436, 3.720000000000001528 ) ) ;
#5163 = EDGE_CURVE ( 'NONE', #6409, #4787, #6310, .T. ) ;
#5164 = EDGE_CURVE ( 'NONE', #7949, #54, #1428, .T. ) ;
#5165 = ORIENTED_EDGE ( 'NONE', *, *, #6916, .F. ) ;
#5166 = CARTESIAN_POINT ( 'NONE',  ( 13.49999999999999645, 15.80000000000000071, 3.520000000000001350 ) ) ;
#5167 = CARTESIAN_POINT ( 'NONE',  ( 0.4813877927264149648, -5.650762489072276296, 3.719999999999996199 ) ) ;
#5168 = FACE_OUTER_BOUND ( 'NONE', #448, .T. ) ;
#5169 = VERTEX_POINT ( 'NONE', #2032 ) ;
#5170 = DIRECTION ( 'NONE',  ( 0.000000000000000000, 0.000000000000000000, -1.000000000000000000 ) ) ;
#5171 = VECTOR ( 'NONE', #863, 1000.000000000000000 ) ;
#5172 = CARTESIAN_POINT ( 'NONE',  ( 4.558290901122947325, -3.152735213634149325, 3.720000000000000639 ) ) ;
#5173 = VERTEX_POINT ( 'NONE', #4356 ) ;
#5174 = AXIS2_PLACEMENT_3D ( 'NONE', #385, #2228, #1077 ) ;
#5175 = ORIENTED_EDGE ( 'NONE', *, *, #2807, .F. ) ;
#5176 = LINE ( 'NONE', #7707, #6084 ) ;
#5177 = CARTESIAN_POINT ( 'NONE',  ( 0.1643382352941175073, -2.240875842524508332, 3.319999999999999840 ) ) ;
#5178 = AXIS2_PLACEMENT_3D ( 'NONE', #7609, #1533, #4029 ) ;
#5179 = CARTESIAN_POINT ( 'NONE',  ( 0.2323243807279836426, 5.707369428656144272, 3.320000000000000728 ) ) ;
#5180 = AXIS2_PLACEMENT_3D ( 'NONE', #4139, #6543, #4667 ) ;
#5181 = CARTESIAN_POINT ( 'NONE',  ( 1.951734834558823239, 7.711397058823532547, 3.720000000000001084 ) ) ;
#5182 = VECTOR ( 'NONE', #86, 1000.000000000000000 ) ;
#5183 = CARTESIAN_POINT ( 'NONE',  ( 2.006871473906586711, 4.988338476769349050, 3.720000000000001084 ) ) ;
#5184 = ORIENTED_EDGE ( 'NONE', *, *, #5540, .T. ) ;
#5185 = LINE ( 'NONE', #815, #3999 ) ;
#5186 = VERTEX_POINT ( 'NONE', #3209 ) ;
#5187 = CARTESIAN_POINT ( 'NONE',  ( 4.599906260399320601, 2.502035249240194048, 3.720000000000000195 ) ) ;
#5188 = LINE ( 'NONE', #819, #4015 ) ;
#5189 = VERTEX_POINT ( 'NONE', #5089 ) ;
#5190 = CARTESIAN_POINT ( 'NONE',  ( 4.559047424262224091, -0.5773243444499276400, 3.720000000000001528 ) ) ;
#5191 = LINE ( 'NONE', #693, #5678 ) ;
#5192 = CARTESIAN_POINT ( 'NONE',  ( 3.677485567709203984, -6.005144614296359151, 3.320000000000000728 ) ) ;
#5193 = EDGE_CURVE ( 'NONE', #3038, #5627, #5129, .T. ) ;
#5194 = CARTESIAN_POINT ( 'NONE',  ( 9.733333333333289872, 7.133333333333416348, 4.746666666666584433 ) ) ;
#5195 = CARTESIAN_POINT ( 'NONE',  ( -0.4752198769493778951, -13.43257408392957153, 3.719999999999999751 ) ) ;
#5196 = VERTEX_POINT ( 'NONE', #2480 ) ;
#5197 = EDGE_LOOP ( 'NONE', ( #935, #8061, #4724, #5402 ) ) ;
#5198 = CARTESIAN_POINT ( 'NONE',  ( 4.670976802750296031, -6.392289308406781778, 3.319999999999998952 ) ) ;
#5199 = LINE ( 'NONE', #141, #2303 ) ;
#5200 = CARTESIAN_POINT ( 'NONE',  ( 9.800000000000000711, -5.100000000000000533, 1.180000000000000160 ) ) ;
#5201 = CARTESIAN_POINT ( 'NONE',  ( 2.628261615045363264, -9.140356927990254121, 3.320000000000000728 ) ) ;
#5202 = CARTESIAN_POINT ( 'NONE',  ( 2.207046322889366419, 8.874173642151074404, 3.320000000000000284 ) ) ;
#5203 = ADVANCED_FACE ( 'NONE', ( #7457 ), #6233, .T. ) ;
#5204 = DIRECTION ( 'NONE',  ( 1.000000000000000000, 0.000000000000000000, 0.000000000000000000 ) ) ;
#5205 = VECTOR ( 'NONE', #3189, 1000.000000000000000 ) ;
#5206 = AXIS2_PLACEMENT_3D ( 'NONE', #6945, #5149, #6982 ) ;
#5207 = CARTESIAN_POINT ( 'NONE',  ( -0.3086531096813723840, -13.45526960784313530, 3.319999999999999840 ) ) ;
#5208 = CARTESIAN_POINT ( 'NONE',  ( 0.8701904552719090802, -5.434192765812433379, 3.719999999999997975 ) ) ;
#5209 = EDGE_CURVE ( 'NONE', #2696, #7790, #4075, .T. ) ;
#5210 = B_SPLINE_SURFACE_WITH_KNOTS ( 'NONE', 3, 1, ( 
 ( #4767, #1795 ),
 ( #5997, #7906 ),
 ( #562, #2895 ),
 ( #7263, #1094 ),
 ( #3057, #1753 ),
 ( #3588, #5537 ),
 ( #6122, #6079 ),
 ( #1673, #484 ),
 ( #3019, #2407 ),
 ( #5464, #3548 ),
 ( #7950, #4847 ),
 ( #5499, #4287 ),
 ( #8026, #5705 ),
 ( #3793, #2602 ),
 ( #2037, #6929 ) ),
 .UNSPECIFIED., .F., .F., .F.,
 ( 4, 1, 1, 1, 1, 1, 1, 1, 1, 1, 1, 1, 4 ),
 ( 2, 2 ),
 ( 0.000000000000000000, 0.08291963688059321436, 0.1588916064393524896, 0.2291120832283457809, 0.2943789722942755094, 0.3552227454872642909, 0.4135120807972566537, 0.4697072908392677659, 0.5248100291663855277, 0.6345563989241332914, 0.7499326764144844670, 0.8711479335753136155, 1.000000000000000000 ),
 ( 0.000000000000000000, 1.000000000000000000 ),
 .UNSPECIFIED. ) ;
#5211 = CARTESIAN_POINT ( 'NONE',  ( 0.6349132957885100792, -11.01629028374063779, 3.319999999999998952 ) ) ;
#5212 = ORIENTED_EDGE ( 'NONE', *, *, #2101, .T. ) ;
#5213 = LINE ( 'NONE', #3454, #58 ) ;
#5214 = EDGE_CURVE ( 'NONE', #6697, #6671, #5213, .T. ) ;
#5215 = CARTESIAN_POINT ( 'NONE',  ( 4.428555836397059409, -3.261029411764704289, 3.720000000000000639 ) ) ;
#5216 = ORIENTED_EDGE ( 'NONE', *, *, #5447, .T. ) ;
#5217 = ORIENTED_EDGE ( 'NONE', *, *, #2517, .F. ) ;
#5218 = FACE_OUTER_BOUND ( 'NONE', #6104, .T. ) ;
#5219 = CARTESIAN_POINT ( 'NONE',  ( 4.442930326586222556, -2.250594266657886422, 3.720000000000003748 ) ) ;
#5220 = PLANE ( 'NONE',  #3054 ) ;
#5221 = ADVANCED_FACE ( 'NONE', ( #3419 ), #5271, .T. ) ;
#5222 = CARTESIAN_POINT ( 'NONE',  ( -0.08492455575980373261, -1.321643305759802489, 3.319999999999999840 ) ) ;
#5223 = VERTEX_POINT ( 'NONE', #7814 ) ;
#5224 = LINE ( 'NONE', #7098, #1127 ) ;
#5225 = VERTEX_POINT ( 'NONE', #2193 ) ;
#5226 = CARTESIAN_POINT ( 'NONE',  ( -0.4783067767883106280, 5.052579661847977022, 3.720000000000001084 ) ) ;
#5227 = CARTESIAN_POINT ( 'NONE',  ( -0.7627894552391498717, -6.897978987647350735, 3.720000000000000639 ) ) ;
#5228 = VERTEX_POINT ( 'NONE', #344 ) ;
#5229 = CARTESIAN_POINT ( 'NONE',  ( -3.600000000000005862, 8.599999999999999645, 1.180000000000000160 ) ) ;
#5230 = CARTESIAN_POINT ( 'NONE',  ( 1.951734834558823239, 7.711397058823532547, 3.319999999999999840 ) ) ;
#5231 = CARTESIAN_POINT ( 'NONE',  ( -4.000000000000003553, -2.399999999999999467, 1.180000000000000160 ) ) ;
#5232 = PLANE ( 'NONE',  #3698 ) ;
#5233 = DIRECTION ( 'NONE',  ( 1.000000000000000000, -0.000000000000000000, -0.000000000000000000 ) ) ;
#5234 = ORIENTED_EDGE ( 'NONE', *, *, #1112, .T. ) ;
#5235 = CARTESIAN_POINT ( 'NONE',  ( -1.500000000000003553, -2.699999999999999289, 2.720000000000000195 ) ) ;
#5236 = DIRECTION ( 'NONE',  ( 1.000000000000000000, 0.000000000000000000, 0.000000000000000000 ) ) ;
#5237 = CARTESIAN_POINT ( 'NONE',  ( -11.70000000000000107, 15.80000000000000071, -2.000000000000000000 ) ) ;
#5238 = AXIS2_PLACEMENT_3D ( 'NONE', #6247, #2196, #1266 ) ;
#5239 = CARTESIAN_POINT ( 'NONE',  ( -3.600000000000005862, 8.599999999999999645, 1.180000000000000160 ) ) ;
#5240 = CARTESIAN_POINT ( 'NONE',  ( 2.793941042246974593, 8.791575155795523955, 3.319999999999999840 ) ) ;
#5241 = CARTESIAN_POINT ( 'NONE',  ( 0.08651960784313711406, -6.631548713235291714, 3.719999999999999307 ) ) ;
#5242 = B_SPLINE_CURVE_WITH_KNOTS ( 'NONE', 3,
 ( #6621, #942, #327, #5310, #2134, #5960, #4016, #7719, #4093, #7148, #293 ),
 .UNSPECIFIED., .F., .F.,
 ( 4, 1, 1, 1, 1, 1, 1, 1, 4 ),
 ( 0.000000000000000000, 0.06743523449480771925, 0.1326149057624723127, 0.2077145321105981490, 0.3018009635754654307, 0.4225082214689079851, 0.5744864003002586594, 0.7646871824132088769, 1.000000000000000000 ),
 .UNSPECIFIED. ) ;
#5243 = AXIS2_PLACEMENT_3D ( 'NONE', #3933, #4540, #6865 ) ;
#5244 = ADVANCED_FACE ( 'NONE', ( #2840 ), #3103, .F. ) ;
#5245 = CARTESIAN_POINT ( 'NONE',  ( 0.9790019914215682961, -10.96507352941176272, 3.319999999999999840 ) ) ;
#5246 = CARTESIAN_POINT ( 'NONE',  ( 0.08798715818796096211, -6.569435075998753426, 3.319999999999999396 ) ) ;
#5247 = ORIENTED_EDGE ( 'NONE', *, *, #5287, .F. ) ;
#5248 = DIRECTION ( 'NONE',  ( 0.9382516517461335637, -0.3459535199931521032, 0.000000000000000000 ) ) ;
#5249 = ORIENTED_EDGE ( 'NONE', *, *, #1667, .F. ) ;
#5250 = CARTESIAN_POINT ( 'NONE',  ( -0.6905101489369600554, 1.770335079278336554, 3.319999999999999396 ) ) ;
#5251 = CONICAL_SURFACE ( 'NONE', #4854, 1.300000000000004263, 0.7853981633974500554 ) ;
#5252 = CARTESIAN_POINT ( 'NONE',  ( 12.50000000000000000, 15.80000000000000426, -2.000000000000000000 ) ) ;
#5253 = EDGE_CURVE ( 'NONE', #5101, #3575, #4795, .T. ) ;
#5254 = DIRECTION ( 'NONE',  ( 0.000000000000000000, 0.000000000000000000, -1.000000000000000000 ) ) ;
#5255 = CARTESIAN_POINT ( 'NONE',  ( 12.50000000000000000, -3.300000000000000711, 2.720000000000000195 ) ) ;
#5256 = CARTESIAN_POINT ( 'NONE',  ( 1.752482942289506074, -8.006632097018135497, 3.720000000000000195 ) ) ;
#5257 = CARTESIAN_POINT ( 'NONE',  ( 0.6368783199567772391, 5.280326633819551141, 3.319999999999999840 ) ) ;
#5258 = CARTESIAN_POINT ( 'NONE',  ( -0.1380905708865673709, -1.337731883084837703, 3.319999999999998952 ) ) ;
#5259 = CIRCLE ( 'NONE', #5243, 1.600000000000007638 ) ;
#5260 = ORIENTED_EDGE ( 'NONE', *, *, #2557, .F. ) ;
#5261 = EDGE_CURVE ( 'NONE', #2816, #4230, #237, .T. ) ;
#5262 = DIRECTION ( 'NONE',  ( 0.000000000000000000, 0.000000000000000000, 1.000000000000000000 ) ) ;
#5263 = ORIENTED_EDGE ( 'NONE', *, *, #6788, .T. ) ;
#5264 = DIRECTION ( 'NONE',  ( 0.7071067811865433539, -0.000000000000000000, 0.7071067811865517916 ) ) ;
#5265 = CARTESIAN_POINT ( 'NONE',  ( -0.03293378579303537362, -8.522650254413044024, 3.720000000000001084 ) ) ;
#5266 = ORIENTED_EDGE ( 'NONE', *, *, #7731, .T. ) ;
#5267 = DIRECTION ( 'NONE',  ( -0.000000000000000000, -0.000000000000000000, -1.000000000000000000 ) ) ;
#5268 = DIRECTION ( 'NONE',  ( 1.000000000000000000, 0.000000000000000000, 0.000000000000000000 ) ) ;
#5269 = DIRECTION ( 'NONE',  ( -0.7071067811865464625, 0.000000000000000000, 0.7071067811865486830 ) ) ;
#5270 = PLANE ( 'NONE',  #93 ) ;
#5271 = B_SPLINE_SURFACE_WITH_KNOTS ( 'NONE', 3, 1, ( 
 ( #2760, #3294 ),
 ( #3989, #5900 ),
 ( #2151, #2113 ),
 ( #7167, #5780 ),
 ( #3383, #6433 ),
 ( #7701, #1616 ),
 ( #2800, #190 ),
 ( #1579, #6394 ),
 ( #2679, #7126 ),
 ( #5250, #7737 ),
 ( #7776, #7045 ) ),
 .UNSPECIFIED., .F., .F., .F.,
 ( 4, 1, 1, 1, 1, 1, 1, 1, 4 ),
 ( 2, 2 ),
 ( 0.000000000000000000, 0.1599730367684607524, 0.2980369452549108678, 0.4190414817417271176, 0.5290716882652989339, 0.6342876325762824008, 0.7437291757241517587, 0.8640925132873834569, 1.000000000000000000 ),
 ( 0.000000000000000000, 1.000000000000000000 ),
 .UNSPECIFIED. ) ;
#5272 = VERTEX_POINT ( 'NONE', #7663 ) ;
#5273 = ORIENTED_EDGE ( 'NONE', *, *, #1467, .F. ) ;
#5274 = CARTESIAN_POINT ( 'NONE',  ( 3.792337689382959898, 5.979472151925861567, 3.720000000000001528 ) ) ;
#5275 = CARTESIAN_POINT ( 'NONE',  ( -0.7647935289299603312, -6.304901350054332276, 3.319999999999998952 ) ) ;
#5276 = CARTESIAN_POINT ( 'NONE',  ( 0.5167474395479867422, 5.367759049040298436, 3.719999999999999751 ) ) ;
#5277 = LINE ( 'NONE', #2258, #3392 ) ;
#5278 = CARTESIAN_POINT ( 'NONE',  ( -0.7694852941176472116, -6.595071231617643193, 3.720000000000000195 ) ) ;
#5279 = CARTESIAN_POINT ( 'NONE',  ( 0.1651700160415826013, -7.147044791183374990, 3.320000000000000284 ) ) ;
#5280 = ORIENTED_EDGE ( 'NONE', *, *, #151, .T. ) ;
#5281 = B_SPLINE_CURVE_WITH_KNOTS ( 'NONE', 3,
 ( #3115, #4336, #577, #4901, #5594, #1309, #6172, #1767, #6750, #6906, #5552 ),
 .UNSPECIFIED., .F., .F.,
 ( 4, 1, 1, 1, 1, 1, 1, 1, 4 ),
 ( 0.000000000000000000, 0.2316484571289949002, 0.4218948593405938974, 0.5755853731645109717, 0.6956200244023659218, 0.7888603435338746861, 0.8649227760575693980, 0.9318049741151038790, 1.000000000000000000 ),
 .UNSPECIFIED. ) ;
#5282 = PLANE ( 'NONE',  #2705 ) ;
#5283 = CARTESIAN_POINT ( 'NONE',  ( -0.6265358321838214728, -1.707931921208672987, 3.720000000000001084 ) ) ;
#5284 = CARTESIAN_POINT ( 'NONE',  ( -3.000000000000004441, -16.60000000000000497, -2.000000000000000000 ) ) ;
#5285 = EDGE_LOOP ( 'NONE', ( #5560, #3416, #5579, #2175 ) ) ;
#5286 = CARTESIAN_POINT ( 'NONE',  ( 1.951734834558823239, -5.284313725490192404, 3.319999999999999840 ) ) ;
#5287 = EDGE_CURVE ( 'NONE', #3398, #6742, #2723, .T. ) ;
#5288 = LINE ( 'NONE', #278, #5441 ) ;
#5289 = CARTESIAN_POINT ( 'NONE',  ( 4.428555836397059409, -3.261029411764704289, 3.720000000000000195 ) ) ;
#5290 = CONICAL_SURFACE ( 'NONE', #6337, 0.7999999999999986011, 0.7853981633974653764 ) ;
#5291 = PLANE ( 'NONE',  #5037 ) ;
#5292 = CARTESIAN_POINT ( 'NONE',  ( 13.29999999999999716, 10.70000000000000107, 3.520000000000008455 ) ) ;
#5293 = DIRECTION ( 'NONE',  ( -8.673617379884034239E-17, -1.000000000000000000, 0.000000000000000000 ) ) ;
#5294 = EDGE_CURVE ( 'NONE', #2955, #1737, #8012, .T. ) ;
#5295 = CARTESIAN_POINT ( 'NONE',  ( -0.6660504722639298825, -1.837673996281374622, 3.719999999999997087 ) ) ;
#5296 = AXIS2_PLACEMENT_3D ( 'NONE', #3040, #4990, #8053 ) ;
#5297 = EDGE_LOOP ( 'NONE', ( #6335, #6412, #5414, #6272 ) ) ;
#5298 = VECTOR ( 'NONE', #2492, 1000.000000000000000 ) ;
#5299 = CARTESIAN_POINT ( 'NONE',  ( -0.07641314338235286052, 1.090734145220590312, 3.720000000000000195 ) ) ;
#5300 = VERTEX_POINT ( 'NONE', #4833 ) ;
#5302 = AXIS2_PLACEMENT_3D ( 'NONE', #108, #3823, #7573 ) ;
#5301 = LINE ( 'NONE', #2091, #3473 ) ;
#5303 = CARTESIAN_POINT ( 'NONE',  ( 0.1564578703581392671, -8.676508103508313141, 3.720000000000000639 ) ) ;
#5304 = EDGE_CURVE ( 'NONE', #6911, #5189, #4154, .T. ) ;
#5305 = VECTOR ( 'NONE', #7207, 1000.000000000000000 ) ;
#5306 = EDGE_LOOP ( 'NONE', ( #8007, #5064, #6103, #4355 ) ) ;
#5307 = LINE ( 'NONE', #291, #70 ) ;
#5308 = LINE ( 'NONE', #2286, #6211 ) ;
#5309 = CIRCLE ( 'NONE', #1260, 0.8000000000000038192 ) ;
#5310 = CARTESIAN_POINT ( 'NONE',  ( 4.504493070247988840, 2.942070855261859741, 3.320000000000001172 ) ) ;
#5311 = ADVANCED_FACE ( 'NONE', ( #2310 ), #239, .T. ) ;
#5312 = FACE_OUTER_BOUND ( 'NONE', #6781, .T. ) ;
#5313 = CARTESIAN_POINT ( 'NONE',  ( -0.6916666666666668739, -13.08806295955882248, 3.720000000000000195 ) ) ;
#5314 = VECTOR ( 'NONE', #4452, 1000.000000000000000 ) ;
#5315 = ORIENTED_EDGE ( 'NONE', *, *, #509, .T. ) ;
#5316 = VERTEX_POINT ( 'NONE', #4872 ) ;
#5317 = DIRECTION ( 'NONE',  ( -0.000000000000000000, -0.000000000000000000, 1.000000000000000000 ) ) ;
#5318 = FACE_OUTER_BOUND ( 'NONE', #1866, .T. ) ;
#5319 = CARTESIAN_POINT ( 'NONE',  ( 3.695472489205327893, 5.683810851885056969, 3.320000000000001172 ) ) ;
#5320 = CARTESIAN_POINT ( 'NONE',  ( -0.6674336935153163397, 2.727099477895984059, 3.720000000000000639 ) ) ;
#5321 = EDGE_CURVE ( 'NONE', #2353, #1114, #1080, .T. ) ;
#5322 = CARTESIAN_POINT ( 'NONE',  ( 1.572030634622815448, -7.991949172840151938, 3.719999999999998863 ) ) ;
#5323 = ORIENTED_EDGE ( 'NONE', *, *, #1048, .F. ) ;
#5324 = CARTESIAN_POINT ( 'NONE',  ( 0.9790019914215682961, -10.96507352941176272, 3.719999999999999307 ) ) ;
#5325 = CARTESIAN_POINT ( 'NONE',  ( -11.69999999999999751, 17.10000000000000142, -1.000000000000001110 ) ) ;
#5326 = ORIENTED_EDGE ( 'NONE', *, *, #4962, .F. ) ;
#5327 = DIRECTION ( 'NONE',  ( 0.000000000000000000, 0.000000000000000000, 1.000000000000000000 ) ) ;
#5328 = DIRECTION ( 'NONE',  ( -0.000000000000000000, -0.000000000000000000, 1.000000000000000000 ) ) ;
#5329 = LINE ( 'NONE', #311, #4653 ) ;
#5330 = CARTESIAN_POINT ( 'NONE',  ( 4.558359975347428872, 2.062997804193453799, 3.720000000000000639 ) ) ;
#5331 = EDGE_CURVE ( 'NONE', #7214, #1736, #6594, .T. ) ;
#5332 = LINE ( 'NONE', #3299, #4772 ) ;
#5333 = CARTESIAN_POINT ( 'NONE',  ( 4.575512131854021725, -2.429801679228236644, 3.319999999999999840 ) ) ;
#5334 = CARTESIAN_POINT ( 'NONE',  ( 11.69999999999999751, -15.80000000000000071, -1.800000000000010481 ) ) ;
#5335 = CARTESIAN_POINT ( 'NONE',  ( 3.821813725490196045, 6.334980085784317261, 3.720000000000001084 ) ) ;
#5336 = AXIS2_PLACEMENT_3D ( 'NONE', #4143, #1571, #2910 ) ;
#5337 = ORIENTED_EDGE ( 'NONE', *, *, #3302, .T. ) ;
#5338 = LINE ( 'NONE', #6530, #3477 ) ;
#5339 = EDGE_LOOP ( 'NONE', ( #2491, #5430, #2128, #6314, #4574, #7576, #159, #5840 ) ) ;
#5340 = EDGE_CURVE ( 'NONE', #3464, #1792, #5808, .T. ) ;
#5341 = FACE_OUTER_BOUND ( 'NONE', #2174, .T. ) ;
#5342 = CARTESIAN_POINT ( 'NONE',  ( 0.5934236856860697351, -8.922957216216792276, 3.720000000000000639 ) ) ;
#5343 = ORIENTED_EDGE ( 'NONE', *, *, #2793, .T. ) ;
#5344 = LINE ( 'NONE', #1634, #4375 ) ;
#5345 = CARTESIAN_POINT ( 'NONE',  ( -3.500000000000003109, 16.60000000000000497, -0.5000000000000000000 ) ) ;
#5346 = CARTESIAN_POINT ( 'NONE',  ( 0.4693278649279637449, 8.636832881882462232, 3.720000000000000639 ) ) ;
#5347 = CARTESIAN_POINT ( 'NONE',  ( 12.50000000000000000, -15.80000000000000071, -2.000000000000000000 ) ) ;
#5348 = ADVANCED_FACE ( 'NONE', ( #3495 ), #7367, .F. ) ;
#5349 = ORIENTED_EDGE ( 'NONE', *, *, #3689, .T. ) ;
#5350 = ORIENTED_EDGE ( 'NONE', *, *, #6213, .T. ) ;
#5351 = ADVANCED_FACE ( 'NONE', ( #6065, #1697 ), #4193, .T. ) ;
#5352 = CARTESIAN_POINT ( 'NONE',  ( 0.2499247949663248036, -4.468650837177396973, 3.319999999999998952 ) ) ;
#5353 = DIRECTION ( 'NONE',  ( 0.000000000000000000, 0.000000000000000000, 1.000000000000000000 ) ) ;
#5354 = CARTESIAN_POINT ( 'NONE',  ( 0.9111222575578867833, 5.143376208434174757, 3.719999999999997975 ) ) ;
#5355 = CARTESIAN_POINT ( 'NONE',  ( 12.50000000000000178, 15.80000000000000071, -1.500000000000000000 ) ) ;
#5356 = CARTESIAN_POINT ( 'NONE',  ( 0.08651960784313711406, -6.631548713235291714, 3.319999999999999840 ) ) ;
#5357 = VERTEX_POINT ( 'NONE', #5979 ) ;
#5358 = ORIENTED_EDGE ( 'NONE', *, *, #283, .F. ) ;
#5359 = EDGE_CURVE ( 'NONE', #7461, #6661, #4752, .T. ) ;
#5360 = CARTESIAN_POINT ( 'NONE',  ( -11.70000000000007567, 17.09999999999999076, -1.000000000000001110 ) ) ;
#5361 = CARTESIAN_POINT ( 'NONE',  ( -4.000000000000003553, -2.399999999999999467, 1.180000000000000160 ) ) ;
#5362 = VERTEX_POINT ( 'NONE', #6677 ) ;
#5363 = ORIENTED_EDGE ( 'NONE', *, *, #4761, .T. ) ;
#5364 = LINE ( 'NONE', #7241, #8048 ) ;
#5365 = DIRECTION ( 'NONE',  ( 1.000000000000000000, 0.000000000000000000, 0.000000000000000000 ) ) ;
#5366 = DIRECTION ( 'NONE',  ( 1.000000000000000000, 0.000000000000000000, 0.000000000000000000 ) ) ;
#5367 = CIRCLE ( 'NONE', #6417, 0.8000000000000020428 ) ;
#5368 = CARTESIAN_POINT ( 'NONE',  ( 8.499999999999996447, -2.500000000000000000, 2.720000000000000195 ) ) ;
#5369 = FACE_OUTER_BOUND ( 'NONE', #7843, .T. ) ;
#5370 = FACE_OUTER_BOUND ( 'NONE', #6202, .T. ) ;
#5371 = CIRCLE ( 'NONE', #5124, 0.6000000000000015321 ) ;
#5372 = CARTESIAN_POINT ( 'NONE',  ( 1.505248522259038824, -9.872435397259151202, 3.319999999999999396 ) ) ;
#5373 = CARTESIAN_POINT ( 'NONE',  ( 0.5975463920718844246, -9.818893160180714119, 3.320000000000000284 ) ) ;
#5374 = ORIENTED_EDGE ( 'NONE', *, *, #5489, .T. ) ;
#5375 = VECTOR ( 'NONE', #4457, 1000.000000000000000 ) ;
#5376 = CARTESIAN_POINT ( 'NONE',  ( 4.467884046924470276, -13.45193082964737741, 3.719999999999999751 ) ) ;
#5377 = ORIENTED_EDGE ( 'NONE', *, *, #516, .T. ) ;
#5378 = CARTESIAN_POINT ( 'NONE',  ( -0.5839902617161963905, 5.284684533755481084, 3.719999999999999751 ) ) ;
#5379 = CARTESIAN_POINT ( 'NONE',  ( 0.3659679270342620638, -8.809046985882316605, 3.320000000000000284 ) ) ;
#5380 = ORIENTED_EDGE ( 'NONE', *, *, #3915, .T. ) ;
#5381 = DIRECTION ( 'NONE',  ( 0.000000000000000000, 0.7071067811865474617, 0.7071067811865474617 ) ) ;
#5382 = CARTESIAN_POINT ( 'NONE',  ( 0.5934236856860691800, 4.072753568096932675, 3.320000000000000728 ) ) ;
#5383 = DIRECTION ( 'NONE',  ( 0.000000000000000000, 0.000000000000000000, 1.000000000000000000 ) ) ;
#5384 = CARTESIAN_POINT ( 'NONE',  ( -0.7694852941176472116, 6.400639552696082646, 3.719999999999999307 ) ) ;
#5385 = DIRECTION ( 'NONE',  ( -0.5773502691896190697, 0.5773502691896391648, 0.5773502691896191807 ) ) ;
#5386 = ADVANCED_FACE ( 'NONE', ( #547 ), #466, .T. ) ;
#5387 = ORIENTED_EDGE ( 'NONE', *, *, #1771, .T. ) ;
#5388 = VERTEX_POINT ( 'NONE', #2882 ) ;
#5389 = DIRECTION ( 'NONE',  ( 0.7071067811865475727, 0.7071067811865475727, 0.000000000000000000 ) ) ;
#5390 = CARTESIAN_POINT ( 'NONE',  ( -1.900000000000004130, 16.60000000000000142, -2.000000000000000000 ) ) ;
#5391 = CARTESIAN_POINT ( 'NONE',  ( 3.820291584535983720, 6.272059352751123917, 3.319999999999999396 ) ) ;
#5392 = CARTESIAN_POINT ( 'NONE',  ( 1.986996400122548856, 3.820465686274513661, 3.319999999999999840 ) ) ;
#5393 = LINE ( 'NONE', #3486, #6558 ) ;
#5394 = EDGE_CURVE ( 'NONE', #2472, #7456, #3043, .T. ) ;
#5395 = B_SPLINE_CURVE_WITH_KNOTS ( 'NONE', 3,
 ( #3000, #7446, #543, #2505, #1855, #507, #4428, #5031, #4268, #6914, #3124 ),
 .UNSPECIFIED., .F., .F.,
 ( 4, 1, 1, 1, 1, 1, 1, 1, 4 ),
 ( 0.000000000000000000, 0.2329775814554020941, 0.4270831855953208800, 0.5828747919909919029, 0.7049663042965282900, 0.7977701322591704836, 0.8733553273976367715, 0.9360622281519258570, 1.000000000000000000 ),
 .UNSPECIFIED. ) ;
#5396 = B_SPLINE_CURVE_WITH_KNOTS ( 'NONE', 3,
 ( #2243, #249, #4008, #976, #5954, #3468, #363, #6613, #7825, #2207, #4611 ),
 .UNSPECIFIED., .F., .F.,
 ( 4, 1, 1, 1, 1, 1, 1, 1, 4 ),
 ( 0.000000000000000000, 0.2316484571289949002, 0.4218948593405938974, 0.5755853731645109717, 0.6956200244023659218, 0.7888603435338746861, 0.8649227760575693980, 0.9318049741151038790, 1.000000000000000000 ),
 .UNSPECIFIED. ) ;
#5397 = EDGE_LOOP ( 'NONE', ( #3668, #7261, #7543, #2349 ) ) ;
#5398 = ORIENTED_EDGE ( 'NONE', *, *, #2512, .T. ) ;
#5399 = CARTESIAN_POINT ( 'NONE',  ( -13.50000000000000355, -15.80000000000000071, -2.000000000000000000 ) ) ;
#5400 = CARTESIAN_POINT ( 'NONE',  ( -3.700000000000003730, -2.699999999999999289, 1.180000000000000160 ) ) ;
#5401 = EDGE_CURVE ( 'NONE', #5189, #6742, #5364, .T. ) ;
#5402 = ORIENTED_EDGE ( 'NONE', *, *, #7989, .T. ) ;
#5403 = CARTESIAN_POINT ( 'NONE',  ( 1.752482942289506074, -8.006632097018135497, 3.319999999999999840 ) ) ;
#5404 = DIRECTION ( 'NONE',  ( -1.000000000000000000, 0.000000000000000000, 0.000000000000000000 ) ) ;
#5405 = ADVANCED_FACE ( 'NONE', ( #1859 ), #1362, .T. ) ;
#5406 = CARTESIAN_POINT ( 'NONE',  ( 12.20000000000000107, -5.099999999999999645, 2.720000000000000195 ) ) ;
#5407 = CIRCLE ( 'NONE', #3071, 0.5999999999999999778 ) ;
#5408 = FACE_OUTER_BOUND ( 'NONE', #1842, .T. ) ;
#5409 = CARTESIAN_POINT ( 'NONE',  ( -0.5519358696179336166, -10.81455178264110017, 3.320000000000000284 ) ) ;
#5410 = B_SPLINE_CURVE_WITH_KNOTS ( 'NONE', 3,
 ( #6183, #753, #5122, #668, #1822, #7532, #62, #2545, #1321, #7490, #1983 ),
 .UNSPECIFIED., .F., .F.,
 ( 4, 1, 1, 1, 1, 1, 1, 1, 4 ),
 ( 0.000000000000000000, 0.08581052323156927730, 0.1664713142941957602, 0.2522149113308205237, 0.3521401181476014886, 0.4707674687807260061, 0.6163780376647948200, 0.7906655240305081600, 1.000000000000000000 ),
 .UNSPECIFIED. ) ;
#5411 = DIRECTION ( 'NONE',  ( 0.000000000000000000, 0.000000000000000000, 1.000000000000000000 ) ) ;
#5412 = CARTESIAN_POINT ( 'NONE',  ( 1.505248522259038824, -9.872435397259151202, 3.719999999999999307 ) ) ;
#5413 = CARTESIAN_POINT ( 'NONE',  ( -0.6185849058697233671, -11.05504928534013587, 3.320000000000000728 ) ) ;
#5414 = ORIENTED_EDGE ( 'NONE', *, *, #1048, .T. ) ;
#5415 = VECTOR ( 'NONE', #2133, 1000.000000000000000 ) ;
#5416 = PLANE ( 'NONE',  #2173 ) ;
#5417 = ORIENTED_EDGE ( 'NONE', *, *, #4485, .T. ) ;
#5418 = PLANE ( 'NONE',  #6596 ) ;
#5419 = DIRECTION ( 'NONE',  ( 0.7071067811865597852, 0.000000000000000000, -0.7071067811865352493 ) ) ;
#5420 = ORIENTED_EDGE ( 'NONE', *, *, #2296, .F. ) ;
#5421 = CARTESIAN_POINT ( 'NONE',  ( 4.589954729084238849, -12.65559033855338811, 3.720000000000001084 ) ) ;
#5422 = LINE ( 'NONE', #6001, #339 ) ;
#5423 = CARTESIAN_POINT ( 'NONE',  ( -0.6664370899757338096, -3.022591067804277554, 3.319999999999998952 ) ) ;
#5424 = VECTOR ( 'NONE', #8009, 1000.000000000000000 ) ;
#5425 = CARTESIAN_POINT ( 'NONE',  ( 4.599999999999999645, 2.456207873774511441, 3.319999999999999840 ) ) ;
#5426 = DIRECTION ( 'NONE',  ( -1.000000000000000000, -2.775557561562891351E-16, 0.000000000000000000 ) ) ;
#5427 = VECTOR ( 'NONE', #5385, 1000.000000000000114 ) ;
#5428 = ORIENTED_EDGE ( 'NONE', *, *, #1705, .F. ) ;
#5429 = CARTESIAN_POINT ( 'NONE',  ( -0.1262612786687403177, 8.252900450589415016, 3.719999999999999307 ) ) ;
#5430 = ORIENTED_EDGE ( 'NONE', *, *, #3295, .T. ) ;
#5431 = VECTOR ( 'NONE', #939, 1000.000000000000000 ) ;
#5432 = CARTESIAN_POINT ( 'NONE',  ( -11.69999999999999929, -15.80000000000000426, 2.720000000000000195 ) ) ;
#5433 = DIRECTION ( 'NONE',  ( 1.000000000000000000, 0.000000000000000000, 0.000000000000000000 ) ) ;
#5434 = CARTESIAN_POINT ( 'NONE',  ( 4.673061466302258715, 6.006333644497314772, 3.319999999999999396 ) ) ;
#5435 = CARTESIAN_POINT ( 'NONE',  ( 1.062979278766168045, 5.089871690956689676, 3.720000000000000195 ) ) ;
#5436 = ADVANCED_FACE ( 'NONE', ( #1941 ), #21, .T. ) ;
#5437 = VECTOR ( 'NONE', #686, 1000.000000000000000 ) ;
#5438 = DIRECTION ( 'NONE',  ( 0.000000000000000000, 0.000000000000000000, -1.000000000000000000 ) ) ;
#5439 = AXIS2_PLACEMENT_3D ( 'NONE', #3187, #6941, #2654 ) ;
#5440 = DIRECTION ( 'NONE',  ( 1.000000000000000000, 0.000000000000000000, 0.000000000000000000 ) ) ;
#5441 = VECTOR ( 'NONE', #2195, 1000.000000000000000 ) ;
#5442 = ORIENTED_EDGE ( 'NONE', *, *, #5859, .T. ) ;
#5443 = ORIENTED_EDGE ( 'NONE', *, *, #6456, .T. ) ;
#5444 = CARTESIAN_POINT ( 'NONE',  ( 1.893370863970587958, -4.117034313725486783, 3.720000000000000639 ) ) ;
#5445 = DIRECTION ( 'NONE',  ( 2.096811509994354686E-16, -0.7071067811865464625, 0.7071067811865486830 ) ) ;
#5446 = EDGE_LOOP ( 'NONE', ( #846, #3135, #3627, #2854 ) ) ;
#5447 = EDGE_CURVE ( 'NONE', #43, #5637, #2786, .T. ) ;
#5448 = ORIENTED_EDGE ( 'NONE', *, *, #4798, .F. ) ;
#5449 = DIRECTION ( 'NONE',  ( 0.000000000000000000, 1.000000000000000000, 0.000000000000000000 ) ) ;
#5450 = LINE ( 'NONE', #428, #4595 ) ;
#5451 = DIRECTION ( 'NONE',  ( -0.000000000000000000, 1.000000000000000000, -0.000000000000000000 ) ) ;
#5452 = EDGE_CURVE ( 'NONE', #7967, #3665, #2509, .T. ) ;
#5453 = LINE ( 'NONE', #5490, #2628 ) ;
#5454 = EDGE_CURVE ( 'NONE', #1543, #5973, #5410, .T. ) ;
#5455 = CARTESIAN_POINT ( 'NONE',  ( 1.860909635711126997, -11.66072884277839350, 3.720000000000000195 ) ) ;
#5456 = DIRECTION ( 'NONE',  ( 0.000000000000000000, -1.000000000000000000, 0.000000000000000000 ) ) ;
#5457 = CARTESIAN_POINT ( 'NONE',  ( -1.500000000000003553, -2.399999999999999467, 1.180000000000000160 ) ) ;
#5458 = CARTESIAN_POINT ( 'NONE',  ( -0.6321907238338541069, 2.801894668341123662, 3.720000000000000639 ) ) ;
#5459 = VECTOR ( 'NONE', #7043, 1000.000000000000000 ) ;
#5460 = VERTEX_POINT ( 'NONE', #1202 ) ;
#5461 = CARTESIAN_POINT ( 'NONE',  ( 4.428555836397059409, -13.45526960784313530, 3.319999999999999840 ) ) ;
#5462 = VERTEX_POINT ( 'NONE', #1896 ) ;
#5463 = EDGE_CURVE ( 'NONE', #3143, #2866, #7759, .T. ) ;
#5464 = CARTESIAN_POINT ( 'NONE',  ( 1.607380601132971654, -11.16573907160347190, 3.320000000000000284 ) ) ;
#5465 = CARTESIAN_POINT ( 'NONE',  ( 0.2161872585927955281, 7.010976821104362600, 3.319999999999999840 ) ) ;
#5466 = CARTESIAN_POINT ( 'NONE',  ( -0.6683769651189270800, 5.536332959680291488, 3.320000000000000284 ) ) ;
#5467 = CARTESIAN_POINT ( 'NONE',  ( 9.099999999999996092, 10.70000000000000107, 3.520000000000008455 ) ) ;
#5468 = CARTESIAN_POINT ( 'NONE',  ( 4.428555836397059409, -3.261029411764704289, 3.319999999999999840 ) ) ;
#5469 = FACE_OUTER_BOUND ( 'NONE', #4908, .T. ) ;
#5470 = ORIENTED_EDGE ( 'NONE', *, *, #1255, .T. ) ;
#5471 = CARTESIAN_POINT ( 'NONE',  ( 3.623287720081255436, -7.436363771416425905, 3.720000000000001084 ) ) ;
#5472 = ORIENTED_EDGE ( 'NONE', *, *, #3375, .T. ) ;
#5473 = CARTESIAN_POINT ( 'NONE',  ( 3.430282589505371238, -8.939344474866331325, 3.319999999999998952 ) ) ;
#5474 = PLANE ( 'NONE',  #5038 ) ;
#5475 = CARTESIAN_POINT ( 'NONE',  ( 11.70000000000000107, 15.80000000000000426, 2.720000000000000195 ) ) ;
#5476 = CARTESIAN_POINT ( 'NONE',  ( 4.428555836397059409, -3.261029411764704289, 3.319999999999999840 ) ) ;
#5477 = CARTESIAN_POINT ( 'NONE',  ( 4.431554698943212856, 4.991999154158729191, 3.319999999999999840 ) ) ;
#5478 = CARTESIAN_POINT ( 'NONE',  ( 3.310245256455142560, 8.626165647008486204, 3.720000000000002416 ) ) ;
#5479 = ADVANCED_FACE ( 'NONE', ( #183 ), #3234, .F. ) ;
#5480 = ORIENTED_EDGE ( 'NONE', *, *, #2620, .F. ) ;
#5481 = ORIENTED_EDGE ( 'NONE', *, *, #794, .F. ) ;
#5482 = LINE ( 'NONE', #2351, #4651 ) ;
#5483 = DIRECTION ( 'NONE',  ( -0.000000000000000000, 0.7071067811865475727, 0.7071067811865475727 ) ) ;
#5484 = ORIENTED_EDGE ( 'NONE', *, *, #565, .F. ) ;
#5485 = VERTEX_POINT ( 'NONE', #3903 ) ;
#5486 = CARTESIAN_POINT ( 'NONE',  ( 1.396190965030241760, -7.972187485425340725, 3.320000000000000284 ) ) ;
#5487 = FACE_OUTER_BOUND ( 'NONE', #1432, .T. ) ;
#5488 = LINE ( 'NONE', #4874, #5700 ) ;
#5489 = EDGE_CURVE ( 'NONE', #5077, #2048, #7038, .T. ) ;
#5490 = CARTESIAN_POINT ( 'NONE',  ( -11.69999999999999929, -16.60000000000000497, 3.720000000000000195 ) ) ;
#5491 = CARTESIAN_POINT ( 'NONE',  ( -4.400000000000001243, 0.000000000000000000, 0.000000000000000000 ) ) ;
#5492 = ORIENTED_EDGE ( 'NONE', *, *, #2823, .T. ) ;
#5493 = CARTESIAN_POINT ( 'NONE',  ( 0.9011833639705878474, -9.797794117647057988, 3.319999999999999840 ) ) ;
#5494 = CARTESIAN_POINT ( 'NONE',  ( -0.4465203500931305691, -10.57147149097582428, 3.720000000000001084 ) ) ;
#5495 = EDGE_CURVE ( 'NONE', #5913, #4937, #7651, .T. ) ;
#5496 = ORIENTED_EDGE ( 'NONE', *, *, #708, .F. ) ;
#5497 = CYLINDRICAL_SURFACE ( 'NONE', #224, 0.6000000000000015321 ) ;
#5498 = ORIENTED_EDGE ( 'NONE', *, *, #3906, .T. ) ;
#5499 = CARTESIAN_POINT ( 'NONE',  ( 1.339058118298168676, -11.01670192371569534, 3.319999999999999840 ) ) ;
#5500 = CARTESIAN_POINT ( 'NONE',  ( 0.5982294429459222851, 7.428972591851406904, 3.720000000000001972 ) ) ;
#5501 = CARTESIAN_POINT ( 'NONE',  ( 0.9752670516640307152, 8.793861687721383547, 3.320000000000000728 ) ) ;
#5502 = ORIENTED_EDGE ( 'NONE', *, *, #312, .T. ) ;
#5503 = EDGE_CURVE ( 'NONE', #55, #1736, #106, .T. ) ;
#5504 = FACE_OUTER_BOUND ( 'NONE', #4022, .T. ) ;
#5505 = CARTESIAN_POINT ( 'NONE',  ( 1.553751428585090189, -5.298566276559209420, 3.319999999999999840 ) ) ;
#5506 = AXIS2_PLACEMENT_3D ( 'NONE', #920, #5893, #4784 ) ;
#5507 = CARTESIAN_POINT ( 'NONE',  ( -5.300000000000004263, -13.60000000000000497, 1.180000000000000160 ) ) ;
#5508 = EDGE_CURVE ( 'NONE', #3195, #2088, #2715, .T. ) ;
#5509 = ORIENTED_EDGE ( 'NONE', *, *, #6237, .T. ) ;
#5510 = CARTESIAN_POINT ( 'NONE',  ( 2.145222136040061844, -8.006215129161462940, 3.720000000000001972 ) ) ;
#5511 = ORIENTED_EDGE ( 'NONE', *, *, #2689, .T. ) ;
#5512 = DIRECTION ( 'NONE',  ( 0.000000000000000000, 0.000000000000000000, 1.000000000000000000 ) ) ;
#5513 = CARTESIAN_POINT ( 'NONE',  ( 1.569657018904940360, -4.121775428278729336, 3.720000000000001528 ) ) ;
#5514 = CARTESIAN_POINT ( 'NONE',  ( 0.4630616638097364568, -11.11104553241502479, 3.319999999999999396 ) ) ;
#5515 = LINE ( 'NONE', #8002, #3995 ) ;
#5516 = DIRECTION ( 'NONE',  ( 0.9382516517461335637, -0.3459535199931521032, 0.000000000000000000 ) ) ;
#5517 = CARTESIAN_POINT ( 'NONE',  ( -5.000000000000000888, -3.100000000000000533, 3.720000000000000195 ) ) ;
#5518 = ORIENTED_EDGE ( 'NONE', *, *, #7056, .F. ) ;
#5519 = EDGE_LOOP ( 'NONE', ( #625, #5154, #5498, #6632, #7775, #1614, #5337, #1222, #7713, #1387 ) ) ;
#5520 = CARTESIAN_POINT ( 'NONE',  ( 1.893370863970587958, -4.117034313725486783, 3.319999999999999840 ) ) ;
#5521 = CARTESIAN_POINT ( 'NONE',  ( -13.50000000000000355, 15.80000000000000071, 3.520000000000001350 ) ) ;
#5522 = VERTEX_POINT ( 'NONE', #6994 ) ;
#5523 = B_SPLINE_CURVE_WITH_KNOTS ( 'NONE', 3,
 ( #724, #5583, #2523, #3264, #3759, #5660, #4444, #4407, #2569, #6932, #5747, #5708, #7584, #1998, #4482, #6971, #1377, #160, #2646 ),
 .UNSPECIFIED., .F., .F.,
 ( 4, 1, 1, 1, 1, 1, 1, 1, 1, 1, 1, 1, 1, 1, 1, 1, 4 ),
 ( 0.000000000000000000, 0.07382228342945415522, 0.1440501022091540684, 0.2107282076646930513, 0.2746787875331982987, 0.3359894966732780430, 0.3953132383740302069, 0.4526620807477487185, 0.5091377853370301354, 0.5651006441719410578, 0.6213201579575615696, 0.6784104757689224385, 0.7371470321365203304, 0.7979752356230528365, 0.8617276823459042445, 0.9289725806969627575, 1.000000000000000000 ),
 .UNSPECIFIED. ) ;
#5524 = VERTEX_POINT ( 'NONE', #4549 ) ;
#5525 = DIRECTION ( 'NONE',  ( -0.7071067811865486830, 2.096811509994361588E-16, -0.7071067811865464625 ) ) ;
#5526 = FACE_OUTER_BOUND ( 'NONE', #7579, .T. ) ;
#5527 = CARTESIAN_POINT ( 'NONE',  ( -4.000000000000003553, -4.599999999999999645, 1.180000000000000160 ) ) ;
#5528 = VECTOR ( 'NONE', #6276, 1000.000000000000000 ) ;
#5529 = CARTESIAN_POINT ( 'NONE',  ( 3.053354779411764586, -0.1312614889705868149, 3.720000000000000195 ) ) ;
#5530 = CARTESIAN_POINT ( 'NONE',  ( 0.9011833639705878474, -9.797794117647057988, 3.319999999999999840 ) ) ;
#5531 = ORIENTED_EDGE ( 'NONE', *, *, #1255, .F. ) ;
#5532 = CARTESIAN_POINT ( 'NONE',  ( 1.682328125744839253, -9.935059128441690035, 3.319999999999999840 ) ) ;
#5533 = CARTESIAN_POINT ( 'NONE',  ( 0.7467241359920965271, -9.801269834383493418, 3.319999999999998952 ) ) ;
#5534 = ORIENTED_EDGE ( 'NONE', *, *, #7239, .F. ) ;
#5535 = LINE ( 'NONE', #1015, #5557 ) ;
#5536 = VERTEX_POINT ( 'NONE', #5161 ) ;
#5537 = CARTESIAN_POINT ( 'NONE',  ( 1.811935036693962608, -11.46737707486184021, 3.720000000000000195 ) ) ;
#5538 = CARTESIAN_POINT ( 'NONE',  ( 1.553751428585089966, 7.697144507754512865, 3.720000000000000195 ) ) ;
#5539 = CARTESIAN_POINT ( 'NONE',  ( 4.504518981260971167, -12.39222551189736166, 3.720000000000001084 ) ) ;
#5540 = EDGE_CURVE ( 'NONE', #7538, #5522, #3410, .T. ) ;
#5541 = CARTESIAN_POINT ( 'NONE',  ( 13.50099999999999412, 5.500000000000000000, 6.240000000000000213 ) ) ;
#5542 = CARTESIAN_POINT ( 'NONE',  ( 1.367406743332829633, -5.318616393498937001, 3.319999999999999840 ) ) ;
#5543 = DIRECTION ( 'NONE',  ( 0.000000000000000000, -0.000000000000000000, 1.000000000000000000 ) ) ;
#5544 = VERTEX_POINT ( 'NONE', #2106 ) ;
#5545 = EDGE_CURVE ( 'NONE', #2709, #7214, #5572, .T. ) ;
#5546 = CARTESIAN_POINT ( 'NONE',  ( 3.753962127863434528, -7.172542251306791350, 3.719999999999999751 ) ) ;
#5547 = ORIENTED_EDGE ( 'NONE', *, *, #7510, .F. ) ;
#5548 = CARTESIAN_POINT ( 'NONE',  ( 13.49999999999999645, 15.80000000000000071, -2.000000000000000000 ) ) ;
#5549 = CARTESIAN_POINT ( 'NONE',  ( -0.2636642156862746278, -3.261029411764704289, 3.719999999999999751 ) ) ;
#5550 = AXIS2_PLACEMENT_3D ( 'NONE', #3396, #5264, #3510 ) ;
#5551 = PLANE ( 'NONE',  #2343 ) ;
#5552 = CARTESIAN_POINT ( 'NONE',  ( 4.429771752450980316, 1.952818627450982003, 3.720000000000000195 ) ) ;
#5553 = EDGE_CURVE ( 'NONE', #15, #3023, #726, .T. ) ;
#5554 = VECTOR ( 'NONE', #6253, 1000.000000000000114 ) ;
#5555 = CARTESIAN_POINT ( 'NONE',  ( 4.676200771276228352, 6.201546468542029622, 3.319999999999999396 ) ) ;
#5556 = CARTESIAN_POINT ( 'NONE',  ( 4.677818627450980316, 6.302150352328435012, 3.319999999999999840 ) ) ;
#5557 = VECTOR ( 'NONE', #399, 1000.000000000000000 ) ;
#5558 = EDGE_LOOP ( 'NONE', ( #7258, #1267, #6397, #3452 ) ) ;
#5559 = VECTOR ( 'NONE', #4229, 1000.000000000000000 ) ;
#5560 = ORIENTED_EDGE ( 'NONE', *, *, #6892, .F. ) ;
#5561 = CARTESIAN_POINT ( 'NONE',  ( -4.000000000000003553, -2.699999999999999289, 1.180000000000000160 ) ) ;
#5562 = AXIS2_PLACEMENT_3D ( 'NONE', #6284, #128, #2611 ) ;
#5563 = CARTESIAN_POINT ( 'NONE',  ( -12.50000000000000178, -2.500000000000000444, 2.400000000000000355 ) ) ;
#5564 = ORIENTED_EDGE ( 'NONE', *, *, #5153, .T. ) ;
#5565 = ADVANCED_FACE ( 'NONE', ( #7117 ), #5892, .T. ) ;
#5566 = AXIS2_PLACEMENT_3D ( 'NONE', #100, #6913, #6422 ) ;
#5567 = ORIENTED_EDGE ( 'NONE', *, *, #272, .T. ) ;
#5568 = CARTESIAN_POINT ( 'NONE',  ( 13.49999999999999822, -3.099999999999999645, 3.520000000000008455 ) ) ;
#5569 = DIRECTION ( 'NONE',  ( -1.000000000000000000, 0.000000000000000000, 0.000000000000000000 ) ) ;
#5570 = VECTOR ( 'NONE', #5233, 1000.000000000000000 ) ;
#5571 = FACE_OUTER_BOUND ( 'NONE', #1975, .T. ) ;
#5572 = CIRCLE ( 'NONE', #1537, 0.5999999999999998668 ) ;
#5573 = CARTESIAN_POINT ( 'NONE',  ( 2.322131918434123588, -5.300160687101264756, 3.719999999999999751 ) ) ;
#5574 = ORIENTED_EDGE ( 'NONE', *, *, #1729, .F. ) ;
#5575 = DIRECTION ( 'NONE',  ( 0.000000000000000000, 0.000000000000000000, 1.000000000000000000 ) ) ;
#5576 = CARTESIAN_POINT ( 'NONE',  ( 1.883217834515139355, 7.710838169387901786, 3.720000000000000639 ) ) ;
#5577 = ADVANCED_FACE ( 'NONE', ( #6510 ), #230, .F. ) ;
#5578 = ORIENTED_EDGE ( 'NONE', *, *, #4909, .F. ) ;
#5579 = ORIENTED_EDGE ( 'NONE', *, *, #410, .F. ) ;
#5580 = LINE ( 'NONE', #7012, #7517 ) ;
#5581 = CARTESIAN_POINT ( 'NONE',  ( 1.367406743332829411, 7.677094390814788838, 3.319999999999999840 ) ) ;
#5582 = CARTESIAN_POINT ( 'NONE',  ( 1.261231859225221408, 8.842900560934019438, 3.319999999999999396 ) ) ;
#5583 = CARTESIAN_POINT ( 'NONE',  ( 1.999654359078481436, 8.877150765179777636, 3.720000000000000195 ) ) ;
#5584 = DIRECTION ( 'NONE',  ( -1.000000000000000000, 0.000000000000000000, 0.000000000000000000 ) ) ;
#5585 = CARTESIAN_POINT ( 'NONE',  ( 3.595964893866836931, 7.117169641371819289, 3.719999999999998863 ) ) ;
#5586 = EDGE_CURVE ( 'NONE', #84, #3435, #1343, .T. ) ;
#5587 = ORIENTED_EDGE ( 'NONE', *, *, #2238, .F. ) ;
#5588 = DIRECTION ( 'NONE',  ( -1.000000000000000000, 0.000000000000000000, 0.000000000000000000 ) ) ;
#5589 = CARTESIAN_POINT ( 'NONE',  ( 3.821813725490196045, -6.660730698529407690, 3.319999999999999840 ) ) ;
#5590 = ORIENTED_EDGE ( 'NONE', *, *, #5261, .F. ) ;
#5591 = CARTESIAN_POINT ( 'NONE',  ( 4.586843293064019278, 0.1418934705591342882, 3.320000000000000284 ) ) ;
#5592 = CARTESIAN_POINT ( 'NONE',  ( 0.9752670516640307152, -4.201849096592345845, 3.720000000000001084 ) ) ;
#5593 = LINE ( 'NONE', #2381, #2468 ) ;
#5594 = CARTESIAN_POINT ( 'NONE',  ( 4.575729019196170810, 2.131596470832125334, 3.719999999999999751 ) ) ;
#5595 = CARTESIAN_POINT ( 'NONE',  ( 4.318756282232527610, 4.787273604373589286, 3.720000000000000195 ) ) ;
#5596 = CARTESIAN_POINT ( 'NONE',  ( 4.112569194110244020, 8.052246023171647948, 3.719999999999999751 ) ) ;
#5597 = EDGE_CURVE ( 'NONE', #3023, #5357, #730, .T. ) ;
#5598 = EDGE_CURVE ( 'NONE', #4097, #6648, #6203, .T. ) ;
#5599 = ORIENTED_EDGE ( 'NONE', *, *, #2108, .T. ) ;
#5600 = ORIENTED_EDGE ( 'NONE', *, *, #401, .T. ) ;
#5601 = VECTOR ( 'NONE', #7319, 1000.000000000000000 ) ;
#5602 = LINE ( 'NONE', #6757, #7393 ) ;
#5603 = DIRECTION ( 'NONE',  ( -1.048405754997178206E-16, -0.7071067811865470176, -0.7071067811865480168 ) ) ;
#5604 = DIRECTION ( 'NONE',  ( -0.000000000000000000, -0.000000000000000000, 1.000000000000000000 ) ) ;
#5605 = VERTEX_POINT ( 'NONE', #7588 ) ;
#5606 = CARTESIAN_POINT ( 'NONE',  ( 2.537481044252467122, -7.972915107463330209, 3.720000000000001084 ) ) ;
#5607 = CARTESIAN_POINT ( 'NONE',  ( -0.6916666666666668739, 1.817851945465688068, 3.319999999999999840 ) ) ;
#5608 = EDGE_CURVE ( 'NONE', #1577, #1195, #5753, .T. ) ;
#5609 = CARTESIAN_POINT ( 'NONE',  ( 1.876348039215686159, -12.36580882352940947, 3.319999999999999840 ) ) ;
#5610 = CARTESIAN_POINT ( 'NONE',  ( -0.4465203500931305691, -10.57147149097582428, 3.720000000000000639 ) ) ;
#5611 = ORIENTED_EDGE ( 'NONE', *, *, #2560, .F. ) ;
#5612 = CARTESIAN_POINT ( 'NONE',  ( 3.677485567709203984, -6.005144614296359151, 3.320000000000000728 ) ) ;
#5613 = DIRECTION ( 'NONE',  ( 0.000000000000000000, 0.000000000000000000, -1.000000000000000000 ) ) ;
#5614 = ORIENTED_EDGE ( 'NONE', *, *, #6802, .F. ) ;
#5615 = VERTEX_POINT ( 'NONE', #5664 ) ;
#5616 = CARTESIAN_POINT ( 'NONE',  ( 3.053354779411764586, -0.1482843137254885590, 3.319999999999999840 ) ) ;
#5617 = CARTESIAN_POINT ( 'NONE',  ( 0.08798715818796096211, 6.426275708314974189, 3.720000000000001528 ) ) ;
#5618 = CARTESIAN_POINT ( 'NONE',  ( -1.800000000000003375, -2.699999999999999289, 1.180000000000000160 ) ) ;
#5619 = DIRECTION ( 'NONE',  ( 0.000000000000000000, 1.000000000000000000, 0.000000000000000000 ) ) ;
#5620 = PRODUCT_DEFINITION ( 'н╢ж╙', '', #3225, #882 ) ;
#5621 = LINE ( 'NONE', #1338, #6615 ) ;
#5622 = CARTESIAN_POINT ( 'NONE',  ( 2.138818883099698809, 7.710033701972363929, 3.719999999999998419 ) ) ;
#5623 = VECTOR ( 'NONE', #782, 1000.000000000000000 ) ;
#5624 = VERTEX_POINT ( 'NONE', #2529 ) ;
#5625 = DIRECTION ( 'NONE',  ( 1.626303258728256651E-16, 1.000000000000000000, -0.000000000000000000 ) ) ;
#5626 = CARTESIAN_POINT ( 'NONE',  ( 12.50000000000000000, 15.80000000000000426, -2.000000000000000000 ) ) ;
#5627 = VERTEX_POINT ( 'NONE', #6900 ) ;
#5628 = CARTESIAN_POINT ( 'NONE',  ( -0.5819956713689760086, 2.862091252051493839, 3.320000000000001616 ) ) ;
#5629 = CARTESIAN_POINT ( 'NONE',  ( -0.7330309488585280420, -6.027002268759130033, 3.720000000000000639 ) ) ;
#5630 = CARTESIAN_POINT ( 'NONE',  ( 0.1643382352941175073, -2.249387254901959121, 3.319999999999999840 ) ) ;
#5631 = CARTESIAN_POINT ( 'NONE',  ( 13.49999999999999645, -3.299999999999991385, 3.720000000000000195 ) ) ;
#5632 = CARTESIAN_POINT ( 'NONE',  ( 0.7280575301023726187, 7.500507990555669302, 3.319999999999998952 ) ) ;
#5633 = AXIS2_PLACEMENT_3D ( 'NONE', #6184, #4918, #7491 ) ;
#5634 = EDGE_CURVE ( 'NONE', #72, #7456, #7553, .T. ) ;
#5635 = CARTESIAN_POINT ( 'NONE',  ( -0.6916666666666668739, 2.540106081495100199, 3.720000000000000195 ) ) ;
#5636 = ORIENTED_EDGE ( 'NONE', *, *, #4515, .T. ) ;
#5637 = VERTEX_POINT ( 'NONE', #6246 ) ;
#5638 = CIRCLE ( 'NONE', #7851, 0.5999999999999998668 ) ;
#5639 = CARTESIAN_POINT ( 'NONE',  ( 2.793941042246974593, -4.204135628518201884, 3.319999999999999396 ) ) ;
#5640 = CARTESIAN_POINT ( 'NONE',  ( -5.000000000000002665, 16.40000000000000568, 3.720000000000000195 ) ) ;
#5641 = FACE_OUTER_BOUND ( 'NONE', #508, .T. ) ;
#5642 = CARTESIAN_POINT ( 'NONE',  ( 13.49999999999999645, 10.70000000000000107, 1.180000000000000160 ) ) ;
#5643 = CARTESIAN_POINT ( 'NONE',  ( 2.346927279405214950, -7.994157808536047405, 3.719999999999997531 ) ) ;
#5644 = EDGE_CURVE ( 'NONE', #1555, #8049, #651, .T. ) ;
#5645 = CARTESIAN_POINT ( 'NONE',  ( 8.299999999999998934, -2.500000000000000000, 3.720000000000000195 ) ) ;
#5646 = VECTOR ( 'NONE', #1800, 1000.000000000000000 ) ;
#5647 = FACE_OUTER_BOUND ( 'NONE', #650, .T. ) ;
#5648 = EDGE_CURVE ( 'NONE', #5196, #2936, #4975, .T. ) ;
#5649 = B_SPLINE_SURFACE_WITH_KNOTS ( 'NONE', 3, 1, ( 
 ( #5245, #5324 ),
 ( #7810, #2227 ),
 ( #7732, #4712 ),
 ( #4034, #6514 ),
 ( #1651, #922 ),
 ( #2794, #4747 ),
 ( #3413, #7771 ),
 ( #7199, #1611 ),
 ( #6590, #995 ),
 ( #3490, #7237 ),
 ( #4150, #1037 ),
 ( #3531, #6018 ),
 ( #423, #2917 ),
 ( #7883, #4790 ),
 ( #7485, #1817 ) ),
 .UNSPECIFIED., .F., .F., .F.,
 ( 4, 1, 1, 1, 1, 1, 1, 1, 1, 1, 1, 1, 4 ),
 ( 2, 2 ),
 ( 0.000000000000000000, 0.08800667525339268826, 0.1692994239925851852, 0.2441880341257051668, 0.3141442368979481814, 0.3802678617435278907, 0.4421785746984972509, 0.5007996094790106989, 0.5584807794972254102, 0.6692880726537718816, 0.7779435630487006037, 0.8875320167062364929, 1.000000000000000000 ),
 ( 0.000000000000000000, 1.000000000000000000 ),
 .UNSPECIFIED. ) ;
#5650 = CARTESIAN_POINT ( 'NONE',  ( 2.014586592403877940, -5.284771751577046928, 3.719999999999999751 ) ) ;
#5651 = ORIENTED_EDGE ( 'NONE', *, *, #1003, .F. ) ;
#5652 = CARTESIAN_POINT ( 'NONE',  ( 3.392552926481703590, -5.663990989986080749, 3.719999999999999307 ) ) ;
#5653 = EDGE_CURVE ( 'NONE', #3435, #2839, #4487, .T. ) ;
#5654 = CARTESIAN_POINT ( 'NONE',  ( 13.49999999999999645, -3.299999999999991385, 3.520000000000001350 ) ) ;
#5655 = VERTEX_POINT ( 'NONE', #5015 ) ;
#5656 = ORIENTED_EDGE ( 'NONE', *, *, #4358, .T. ) ;
#5657 = DIRECTION ( 'NONE',  ( 0.000000000000000000, 0.000000000000000000, 1.000000000000000000 ) ) ;
#5658 = DIRECTION ( 'NONE',  ( -0.7071067811865475727, 0.7071067811865475727, -0.000000000000000000 ) ) ;
#5659 = CARTESIAN_POINT ( 'NONE',  ( 1.190849515199450481, -5.347918996679600134, 3.720000000000000195 ) ) ;
#5660 = CARTESIAN_POINT ( 'NONE',  ( 3.060625051465306168, 8.718078167441632331, 3.719999999999998863 ) ) ;
#5661 = CARTESIAN_POINT ( 'NONE',  ( 2.732352941176470651, -11.92078354779411598, 3.319999999999999840 ) ) ;
#5662 = CARTESIAN_POINT ( 'NONE',  ( -13.30000000000000426, -2.500000000000000444, 1.200000000000000178 ) ) ;
#5663 = ORIENTED_EDGE ( 'NONE', *, *, #3206, .F. ) ;
#5664 = CARTESIAN_POINT ( 'NONE',  ( -2.400000000000005240, 8.900000000000000355, 1.180000000000000160 ) ) ;
#5665 = CARTESIAN_POINT ( 'NONE',  ( 1.569657018904940360, 8.873935356035000055, 3.320000000000000728 ) ) ;
#5666 = ORIENTED_EDGE ( 'NONE', *, *, #2903, .T. ) ;
#5667 = DIRECTION ( 'NONE',  ( -0.000000000000000000, -0.000000000000000000, -1.000000000000000000 ) ) ;
#5668 = DIRECTION ( 'NONE',  ( -0.000000000000000000, -0.000000000000000000, 1.000000000000000000 ) ) ;
#5669 = CARTESIAN_POINT ( 'NONE',  ( 0.08651960784313711406, 6.364162071078435012, 3.320000000000000728 ) ) ;
#5670 = CARTESIAN_POINT ( 'NONE',  ( -12.30000000000000426, 6.600000000000001421, 2.720000000000000195 ) ) ;
#5671 = DIRECTION ( 'NONE',  ( -1.000000000000000000, 0.000000000000000000, 0.000000000000000000 ) ) ;
#5672 = FACE_OUTER_BOUND ( 'NONE', #6453, .T. ) ;
#5673 = B_SPLINE_CURVE_WITH_KNOTS ( 'NONE', 3,
 ( #4604, #5836, #898, #7096, #2202, #1011, #4643, #6566, #284, #2087, #4121 ),
 .UNSPECIFIED., .F., .F.,
 ( 4, 1, 1, 1, 1, 1, 1, 1, 4 ),
 ( 0.000000000000000000, 0.1526900113685664973, 0.2844114173373249455, 0.3997961775335154289, 0.5077722255950330998, 0.6149866776048752426, 0.7274695624405667083, 0.8539230481998415501, 1.000000000000000000 ),
 .UNSPECIFIED. ) ;
#5674 = DIRECTION ( 'NONE',  ( -0.000000000000000000, -1.000000000000000000, 0.000000000000000000 ) ) ;
#5675 = ORIENTED_EDGE ( 'NONE', *, *, #8004, .T. ) ;
#5676 = ORIENTED_EDGE ( 'NONE', *, *, #3263, .T. ) ;
#5677 = EDGE_CURVE ( 'NONE', #5794, #81, #2004, .T. ) ;
#5678 = VECTOR ( 'NONE', #4455, 1000.000000000000000 ) ;
#5679 = CARTESIAN_POINT ( 'NONE',  ( 4.593240460903885491, 5.459865670122503900, 3.720000000000000195 ) ) ;
#5680 = FACE_OUTER_BOUND ( 'NONE', #2209, .T. ) ;
#5681 = FACE_OUTER_BOUND ( 'NONE', #6063, .T. ) ;
#5682 = AXIS2_PLACEMENT_3D ( 'NONE', #7176, #4648, #286 ) ;
#5683 = CARTESIAN_POINT ( 'NONE',  ( 1.986996400122549300, -9.175245098039214398, 3.719999999999999307 ) ) ;
#5684 = CARTESIAN_POINT ( 'NONE',  ( 1.680340340555279921, -9.168598744091152497, 3.720000000000001084 ) ) ;
#5685 = DIRECTION ( 'NONE',  ( -0.000000000000000000, -0.000000000000000000, 1.000000000000000000 ) ) ;
#5686 = AXIS2_PLACEMENT_3D ( 'NONE', #1995, #5009, #3177 ) ;
#5687 = AXIS2_PLACEMENT_3D ( 'NONE', #4151, #7811, #7284 ) ;
#5688 = AXIS2_PLACEMENT_3D ( 'NONE', #3716, #2374, #7916 ) ;
#5689 = EDGE_CURVE ( 'NONE', #5522, #6017, #5713, .T. ) ;
#5690 = VECTOR ( 'NONE', #1538, 1000.000000000000000 ) ;
#5691 = CARTESIAN_POINT ( 'NONE',  ( -0.3957197657110390621, -13.45277371918336939, 3.320000000000000284 ) ) ;
#5692 = FACE_OUTER_BOUND ( 'NONE', #2835, .T. ) ;
#5693 = AXIS2_PLACEMENT_3D ( 'NONE', #3344, #359, #7821 ) ;
#5694 = CIRCLE ( 'NONE', #2185, 0.2999999999999999334 ) ;
#5695 = LINE ( 'NONE', #4959, #2850 ) ;
#5696 = ORIENTED_EDGE ( 'NONE', *, *, #5214, .F. ) ;
#5697 = LINE ( 'NONE', #7577, #6311 ) ;
#5698 = CARTESIAN_POINT ( 'NONE',  ( 0.4813877927264152423, 7.344948295241448655, 3.720000000000000639 ) ) ;
#5699 = EDGE_CURVE ( 'NONE', #7082, #6217, #6323, .T. ) ;
#5700 = VECTOR ( 'NONE', #1781, 1000.000000000000000 ) ;
#5701 = VECTOR ( 'NONE', #5525, 1000.000000000000000 ) ;
#5702 = ORIENTED_EDGE ( 'NONE', *, *, #3972, .F. ) ;
#5703 = EDGE_CURVE ( 'NONE', #2502, #4074, #5832, .T. ) ;
#5704 = ORIENTED_EDGE ( 'NONE', *, *, #1661, .F. ) ;
#5705 = CARTESIAN_POINT ( 'NONE',  ( 1.164529298768745447, -10.97293048921140013, 3.719999999999999751 ) ) ;
#5706 = CARTESIAN_POINT ( 'NONE',  ( 10.69999999999999751, 13.19999999999999929, 3.720000000000000195 ) ) ;
#5707 =( LENGTH_UNIT ( ) NAMED_UNIT ( * ) SI_UNIT ( .MILLI., .METRE. ) );
#5708 = CARTESIAN_POINT ( 'NONE',  ( 4.261889006266473601, 7.859043793978589321, 3.720000000000000639 ) ) ;
#5709 = DIRECTION ( 'NONE',  ( 0.000000000000000000, 0.000000000000000000, -1.000000000000000000 ) ) ;
#5710 = CARTESIAN_POINT ( 'NONE',  ( 2.322131918434123143, 7.695550097212461083, 3.719999999999999751 ) ) ;
#5711 = ORIENTED_EDGE ( 'NONE', *, *, #4982, .F. ) ;
#5712 = EDGE_CURVE ( 'NONE', #6742, #4702, #4413, .T. ) ;
#5713 = LINE ( 'NONE', #1302, #7390 ) ;
#5714 = CARTESIAN_POINT ( 'NONE',  ( 4.575443932046577622, -3.083020619186619626, 3.719999999999999751 ) ) ;
#5715 = EDGE_LOOP ( 'NONE', ( #2678, #7705, #1249, #3736 ) ) ;
#5716 = FACE_BOUND ( 'NONE', #901, .T. ) ;
#5717 = CARTESIAN_POINT ( 'NONE',  ( 4.590569054874359622, -0.4124629123822056709, 3.719999999999999307 ) ) ;
#5718 = VERTEX_POINT ( 'NONE', #6938 ) ;
#5719 = DIRECTION ( 'NONE',  ( 0.000000000000000000, 0.000000000000000000, 1.000000000000000000 ) ) ;
#5720 = CARTESIAN_POINT ( 'NONE',  ( 13.29999999999999716, 0.000000000000000000, 3.720000000000000195 ) ) ;
#5721 = CARTESIAN_POINT ( 'NONE',  ( 2.098934823967300467, 3.822163748012682660, 3.719999999999999751 ) ) ;
#5722 = DIRECTION ( 'NONE',  ( -0.000000000000000000, 0.000000000000000000, -1.000000000000000000 ) ) ;
#5723 = DIRECTION ( 'NONE',  ( -1.000000000000000000, 0.000000000000000000, 0.000000000000000000 ) ) ;
#5724 = VERTEX_POINT ( 'NONE', #775 ) ;
#5725 = VERTEX_POINT ( 'NONE', #3270 ) ;
#5726 = CARTESIAN_POINT ( 'NONE',  ( 3.651875885848975045, 4.164010452747260338, 3.720000000000001084 ) ) ;
#5727 = DIRECTION ( 'NONE',  ( 0.000000000000000000, 0.7071067811865597852, -0.7071067811865352493 ) ) ;
#5728 = DIRECTION ( 'NONE',  ( 0.000000000000000000, 0.000000000000000000, -1.000000000000000000 ) ) ;
#5729 = CARTESIAN_POINT ( 'NONE',  ( 4.428555836397059409, -13.45526960784313530, 3.319999999999999840 ) ) ;
#5730 = CARTESIAN_POINT ( 'NONE',  ( 3.792337689382959898, -7.016238632387868712, 3.720000000000001528 ) ) ;
#5731 = CARTESIAN_POINT ( 'NONE',  ( 0.1653056041911797336, -11.86077711596988848, 3.720000000000000639 ) ) ;
#5732 = AXIS2_PLACEMENT_3D ( 'NONE', #7767, #3485, #6014 ) ;
#5733 = CARTESIAN_POINT ( 'NONE',  ( -0.3086531096813723840, -13.45526960784313530, 3.719999999999998419 ) ) ;
#5734 = CARTESIAN_POINT ( 'NONE',  ( 1.024465089744439616, -5.384467850784414367, 3.719999999999998863 ) ) ;
#5735 = CARTESIAN_POINT ( 'NONE',  ( -0.6821589192363001208, -11.49570793545183989, 3.720000000000001084 ) ) ;
#5736 = ORIENTED_EDGE ( 'NONE', *, *, #2056, .T. ) ;
#5737 = CARTESIAN_POINT ( 'NONE',  ( -12.50000000000000178, -2.500000000000000444, 1.200000000000000178 ) ) ;
#5738 = ADVANCED_FACE ( 'NONE', ( #3839 ), #1224, .F. ) ;
#5739 = FACE_OUTER_BOUND ( 'NONE', #847, .T. ) ;
#5740 = ORIENTED_EDGE ( 'NONE', *, *, #4360, .T. ) ;
#5741 = ORIENTED_EDGE ( 'NONE', *, *, #7739, .F. ) ;
#5742 = LINE ( 'NONE', #6238, #4001 ) ;
#5743 = LINE ( 'NONE', #2522, #7130 ) ;
#5744 = ADVANCED_FACE ( 'NONE', ( #6818 ), #5103, .F. ) ;
#5745 = CARTESIAN_POINT ( 'NONE',  ( 0.08798715818796096211, -6.569435075998753426, 3.719999999999999751 ) ) ;
#5746 = EDGE_LOOP ( 'NONE', ( #20, #4867, #2264, #1807 ) ) ;
#5747 = CARTESIAN_POINT ( 'NONE',  ( 4.112569194110244020, 8.052246023171647948, 3.719999999999999751 ) ) ;
#5748 = EDGE_CURVE ( 'NONE', #4763, #5101, #4, .T. ) ;
#5749 = CARTESIAN_POINT ( 'NONE',  ( -13.30000000000000426, -3.700000000000000178, 3.720000000000000195 ) ) ;
#5750 = CARTESIAN_POINT ( 'NONE',  ( 2.346927279405214950, -7.994157808536047405, 3.319999999999997620 ) ) ;
#5751 = ORIENTED_EDGE ( 'NONE', *, *, #4642, .F. ) ;
#5752 = VECTOR ( 'NONE', #3537, 1000.000000000000000 ) ;
#5753 = LINE ( 'NONE', #6283, #3484 ) ;
#5754 = ORIENTED_EDGE ( 'NONE', *, *, #4588, .F. ) ;
#5755 = FACE_BOUND ( 'NONE', #699, .T. ) ;
#5756 = CARTESIAN_POINT ( 'NONE',  ( 11.70000000000000107, 15.80000000000000426, -1.000000000000001110 ) ) ;
#5757 = ADVANCED_FACE ( 'NONE', ( #4370 ), #7415, .T. ) ;
#5758 = ORIENTED_EDGE ( 'NONE', *, *, #7451, .F. ) ;
#5759 = CARTESIAN_POINT ( 'NONE',  ( -0.6916666666666668739, -2.857345281862743391, 3.319999999999999840 ) ) ;
#5760 = CARTESIAN_POINT ( 'NONE',  ( -0.08492455575980373261, -1.321643305759802489, 3.319999999999999840 ) ) ;
#5761 = DIRECTION ( 'NONE',  ( 0.000000000000000000, 0.000000000000000000, -1.000000000000000000 ) ) ;
#5762 = ADVANCED_FACE ( 'NONE', ( #3559 ), #7746, .T. ) ;
#5763 = LINE ( 'NONE', #6416, #2649 ) ;
#5764 = LINE ( 'NONE', #6459, #8046 ) ;
#5765 = ORIENTED_EDGE ( 'NONE', *, *, #951, .F. ) ;
#5766 = ORIENTED_EDGE ( 'NONE', *, *, #4886, .T. ) ;
#5767 = CARTESIAN_POINT ( 'NONE',  ( 2.628261615045362820, 3.855353856323473494, 3.720000000000000195 ) ) ;
#5768 = DIRECTION ( 'NONE',  ( 0.000000000000000000, 1.000000000000000000, 0.000000000000000000 ) ) ;
#5769 = AXIS2_PLACEMENT_3D ( 'NONE', #7205, #1042, #3497 ) ;
#5770 = CARTESIAN_POINT ( 'NONE',  ( -11.70000000000000462, -17.60000000000000142, 3.520000000000001350 ) ) ;
#5771 = CARTESIAN_POINT ( 'NONE',  ( 2.628261615045363264, -9.140356927990254121, 3.719999999999999751 ) ) ;
#5772 = CARTESIAN_POINT ( 'NONE',  ( 3.751816608296655531, 8.379903677557836161, 3.319999999999999840 ) ) ;
#5773 = CYLINDRICAL_SURFACE ( 'NONE', #4338, 0.8000000000000003775 ) ;
#5774 = CIRCLE ( 'NONE', #3438, 1.799999999999999600 ) ;
#5775 = EDGE_LOOP ( 'NONE', ( #7408, #3343, #5053, #3018 ) ) ;
#5776 = CARTESIAN_POINT ( 'NONE',  ( 0.000000000000000000, 17.60000000000000142, 3.520000000000001350 ) ) ;
#5777 = CARTESIAN_POINT ( 'NONE',  ( 0.5982294429459225071, -5.566738192462320711, 3.719999999999999307 ) ) ;
#5778 = CARTESIAN_POINT ( 'NONE',  ( 0.9367773255665651222, -10.96614091364548571, 3.319999999999998952 ) ) ;
#5779 = ORIENTED_EDGE ( 'NONE', *, *, #7739, .T. ) ;
#5780 = CARTESIAN_POINT ( 'NONE',  ( -0.3619588193838789714, 1.201993879193886006, 3.720000000000000195 ) ) ;
#5781 = LINE ( 'NONE', #5867, #2316 ) ;
#5782 = ORIENTED_EDGE ( 'NONE', *, *, #7601, .F. ) ;
#5783 = ORIENTED_EDGE ( 'NONE', *, *, #2848, .T. ) ;
#5784 = EDGE_CURVE ( 'NONE', #2839, #5146, #3765, .T. ) ;
#5785 = DIRECTION ( 'NONE',  ( 1.000000000000000000, 0.000000000000000000, 0.000000000000000000 ) ) ;
#5786 = CARTESIAN_POINT ( 'NONE',  ( 9.099999999999997868, -3.100000000000000533, 2.720000000000000195 ) ) ;
#5787 = CARTESIAN_POINT ( 'NONE',  ( 1.367406743332829633, -5.318616393498937001, 3.720000000000000195 ) ) ;
#5788 = ORIENTED_EDGE ( 'NONE', *, *, #5699, .T. ) ;
#5789 = CARTESIAN_POINT ( 'NONE',  ( 2.259084361692115461, -10.34460065435213849, 3.319999999999999396 ) ) ;
#5790 = CARTESIAN_POINT ( 'NONE',  ( 4.428555836397059409, -13.45526960784313530, 3.720000000000000195 ) ) ;
#5791 = FACE_OUTER_BOUND ( 'NONE', #6804, .T. ) ;
#5792 = EDGE_LOOP ( 'NONE', ( #1356, #2284, #6020, #7321 ) ) ;
#5793 = CARTESIAN_POINT ( 'NONE',  ( 4.673061466302259603, -6.989377139816411066, 3.720000000000000639 ) ) ;
#5794 = VERTEX_POINT ( 'NONE', #7781 ) ;
#5795 = EDGE_CURVE ( 'NONE', #540, #1091, #2702, .T. ) ;
#5796 = DIRECTION ( 'NONE',  ( -0.000000000000000000, -0.000000000000000000, 1.000000000000000000 ) ) ;
#5797 = CARTESIAN_POINT ( 'NONE',  ( 4.590569054874359622, -0.4124629123822056709, 3.319999999999998952 ) ) ;
#5798 = ORIENTED_EDGE ( 'NONE', *, *, #8025, .F. ) ;
#5799 = PLANE ( 'NONE',  #637 ) ;
#5800 = CARTESIAN_POINT ( 'NONE',  ( -11.70000000000000462, -17.60000000000000142, -1.800000000000010481 ) ) ;
#5801 = LINE ( 'NONE', #4983, #4684 ) ;
#5802 = DIRECTION ( 'NONE',  ( 0.000000000000000000, -0.000000000000000000, 1.000000000000000000 ) ) ;
#5803 = LINE ( 'NONE', #867, #1798 ) ;
#5804 = EDGE_CURVE ( 'NONE', #7460, #5873, #1901, .T. ) ;
#5805 = ORIENTED_EDGE ( 'NONE', *, *, #3256, .T. ) ;
#5806 = ORIENTED_EDGE ( 'NONE', *, *, #464, .T. ) ;
#5807 = ADVANCED_FACE ( 'NONE', ( #3802 ), #6939, .T. ) ;
#5808 = B_SPLINE_CURVE_WITH_KNOTS ( 'NONE', 3,
 ( #6021, #2432, #2921, #1738, #6720, #3658, #7849, #998, #427, #7287, #1120, #3620, #3004, #6762, #5486, #7973, #5403, #2393, #2270 ),
 .UNSPECIFIED., .F., .F.,
 ( 4, 1, 1, 1, 1, 1, 1, 1, 1, 1, 1, 1, 1, 1, 1, 1, 4 ),
 ( 0.000000000000000000, 0.07205748326946212479, 0.1383846133461962002, 0.2008197347184779991, 0.2598038300101355169, 0.3168503838887136159, 0.3728482335114458035, 0.4283531432337641665, 0.4848110048265390493, 0.5426269460141155410, 0.6014573603993190742, 0.6628287376421635457, 0.7267901150654367814, 0.7927359298324763159, 0.8605160265926915519, 0.9294173656588030630, 1.000000000000000000 ),
 .UNSPECIFIED. ) ;
#5809 = CARTESIAN_POINT ( 'NONE',  ( 3.430282589505371238, 4.056366309447394514, 3.720000000000001084 ) ) ;
#5810 = CARTESIAN_POINT ( 'NONE',  ( 11.69999999999999929, -16.60000000000000497, -1.500000000000000000 ) ) ;
#5811 = DIRECTION ( 'NONE',  ( 0.000000000000000000, 0.000000000000000000, -1.000000000000000000 ) ) ;
#5812 = LINE ( 'NONE', #5642, #5084 ) ;
#5813 = DIRECTION ( 'NONE',  ( 0.000000000000000000, 0.7071067811865474617, -0.7071067811865474617 ) ) ;
#5814 = CARTESIAN_POINT ( 'NONE',  ( 1.752482942289505630, 4.989078687295590342, 3.719999999999999751 ) ) ;
#5815 = ORIENTED_EDGE ( 'NONE', *, *, #6140, .F. ) ;
#5816 = VECTOR ( 'NONE', #8043, 1000.000000000000000 ) ;
#5817 = EDGE_CURVE ( 'NONE', #5953, #6494, #2530, .T. ) ;
#5818 = CARTESIAN_POINT ( 'NONE',  ( 1.682008802342621179, -11.24419920193286515, 3.319999999999999840 ) ) ;
#5819 = CARTESIAN_POINT ( 'NONE',  ( 1.553751428585090189, -5.298566276559209420, 3.719999999999998419 ) ) ;
#5820 = CARTESIAN_POINT ( 'NONE',  ( 3.540637442984556404, -4.482582812732663236, 3.720000000000001972 ) ) ;
#5821 = ORIENTED_EDGE ( 'NONE', *, *, #883, .T. ) ;
#5822 = DIRECTION ( 'NONE',  ( 1.000000000000000000, 0.000000000000000000, 0.000000000000000000 ) ) ;
#5823 = AXIS2_PLACEMENT_3D ( 'NONE', #5563, #57, #263 ) ;
#5824 = DIRECTION ( 'NONE',  ( -0.000000000000000000, 0.000000000000000000, -1.000000000000000000 ) ) ;
#5825 = VECTOR ( 'NONE', #2902, 1000.000000000000000 ) ;
#5826 = VECTOR ( 'NONE', #1153, 1000.000000000000000 ) ;
#5827 = ORIENTED_EDGE ( 'NONE', *, *, #6046, .F. ) ;
#5828 = AXIS2_PLACEMENT_3D ( 'NONE', #721, #7670, #3217 ) ;
#5829 = ORIENTED_EDGE ( 'NONE', *, *, #5608, .F. ) ;
#5830 = DIRECTION ( 'NONE',  ( 0.7071067811865359154, 8.888657488019414239E-17, 0.7071067811865591191 ) ) ;
#5831 = DIRECTION ( 'NONE',  ( 1.000000000000000000, 0.000000000000000000, 0.000000000000000000 ) ) ;
#5832 = CIRCLE ( 'NONE', #1393, 1.799999999999999600 ) ;
#5833 = CARTESIAN_POINT ( 'NONE',  ( 3.821813725490196045, 6.334980085784317261, 3.319999999999999840 ) ) ;
#5834 = VERTEX_POINT ( 'NONE', #6859 ) ;
#5835 = AXIS2_PLACEMENT_3D ( 'NONE', #6275, #5658, #3919 ) ;
#5836 = CARTESIAN_POINT ( 'NONE',  ( -0.6905776508824017501, -2.096499597300987450, 3.319999999999999840 ) ) ;
#5837 = EDGE_CURVE ( 'NONE', #2166, #3927, #1921, .T. ) ;
#5838 = EDGE_LOOP ( 'NONE', ( #4519, #1132, #7160, #4599 ) ) ;
#5839 = CARTESIAN_POINT ( 'NONE',  ( -1.300000000000004263, 12.59999999999999964, 3.720000000000000195 ) ) ;
#5840 = ORIENTED_EDGE ( 'NONE', *, *, #4200, .T. ) ;
#5841 = CARTESIAN_POINT ( 'NONE',  ( -0.2018245391134902145, 4.647268691925457773, 3.720000000000000195 ) ) ;
#5842 = CARTESIAN_POINT ( 'NONE',  ( 4.504562011313455017, -0.6815578822067798193, 3.720000000000001084 ) ) ;
#5843 = ORIENTED_EDGE ( 'NONE', *, *, #4749, .T. ) ;
#5844 = CARTESIAN_POINT ( 'NONE',  ( -11.69999999999999929, 16.59999999999999787, 2.720000000000000195 ) ) ;
#5845 = CYLINDRICAL_SURFACE ( 'NONE', #1521, 0.5999999999999998668 ) ;
#5846 = CARTESIAN_POINT ( 'NONE',  ( 4.575512131854021725, -2.429801679228236644, 3.319999999999999840 ) ) ;
#5847 = CARTESIAN_POINT ( 'NONE',  ( 4.536551454078328938, -12.42960075587483004, 3.319999999999999840 ) ) ;
#5848 = DIRECTION ( 'NONE',  ( -0.000000000000000000, 0.000000000000000000, -1.000000000000000000 ) ) ;
#5849 = ADVANCED_FACE ( 'NONE', ( #7513 ), #6674, .F. ) ;
#5850 = ORIENTED_EDGE ( 'NONE', *, *, #6154, .T. ) ;
#5851 = EDGE_LOOP ( 'NONE', ( #7514, #6791, #7273, #7844 ) ) ;
#5852 = CARTESIAN_POINT ( 'NONE',  ( 3.314867614684271047, 5.267655203267875841, 3.719999999999999751 ) ) ;
#5853 = CARTESIAN_POINT ( 'NONE',  ( -11.70000000000000462, -15.80000000000000071, -2.000000000000000000 ) ) ;
#5854 = FACE_OUTER_BOUND ( 'NONE', #1036, .T. ) ;
#5855 = EDGE_CURVE ( 'NONE', #2839, #2955, #7965, .T. ) ;
#5856 = FACE_OUTER_BOUND ( 'NONE', #1935, .T. ) ;
#5857 = CARTESIAN_POINT ( 'NONE',  ( 9.099999999999997868, -2.500000000000000000, 3.520000000000008455 ) ) ;
#5858 = CARTESIAN_POINT ( 'NONE',  ( -11.69999999999999929, -15.80000000000000426, -2.000000000000000000 ) ) ;
#5859 = EDGE_CURVE ( 'NONE', #2736, #5973, #5868, .T. ) ;
#5860 = DIRECTION ( 'NONE',  ( 0.000000000000000000, 0.000000000000000000, -1.000000000000000000 ) ) ;
#5861 = CARTESIAN_POINT ( 'NONE',  ( 0.09081116922072930697, -6.449909638619353736, 3.319999999999998952 ) ) ;
#5862 = EDGE_LOOP ( 'NONE', ( #3382, #4885, #1524, #6889 ) ) ;
#5863 = CARTESIAN_POINT ( 'NONE',  ( 0.5975463920718844246, -9.818893160180714119, 3.720000000000000639 ) ) ;
#5864 = ORIENTED_EDGE ( 'NONE', *, *, #4462, .T. ) ;
#5865 = CARTESIAN_POINT ( 'NONE',  ( 2.014586592403877940, -5.284771751577046928, 3.319999999999999396 ) ) ;
#5866 = EDGE_CURVE ( 'NONE', #1301, #2691, #687, .T. ) ;
#5867 = CARTESIAN_POINT ( 'NONE',  ( 11.29999999999999538, 17.39999999999999503, 3.520000000000008455 ) ) ;
#5868 = LINE ( 'NONE', #7131, #4968 ) ;
#5869 = CARTESIAN_POINT ( 'NONE',  ( -0.2636642156862746278, 2.964460784313727171, 3.319999999999999840 ) ) ;
#5870 = CARTESIAN_POINT ( 'NONE',  ( 0.4102726688495645369, -7.526654020568948056, 3.720000000000000639 ) ) ;
#5871 = LINE ( 'NONE', #3998, #2020 ) ;
#5872 = CARTESIAN_POINT ( 'NONE',  ( 3.821813725490196045, 6.334980085784317261, 3.319999999999999840 ) ) ;
#5873 = VERTEX_POINT ( 'NONE', #5289 ) ;
#5874 = LINE ( 'NONE', #5839, #7511 ) ;
#5875 = ORIENTED_EDGE ( 'NONE', *, *, #763, .F. ) ;
#5876 = DIRECTION ( 'NONE',  ( 3.469446951953613696E-16, -1.000000000000000000, 0.000000000000000000 ) ) ;
#5877 = CARTESIAN_POINT ( 'NONE',  ( -12.50000000000000000, -16.60000000000000497, -2.000000000000000000 ) ) ;
#5878 = ORIENTED_EDGE ( 'NONE', *, *, #393, .T. ) ;
#5879 = B_SPLINE_CURVE_WITH_KNOTS ( 'NONE', 3,
 ( #967, #6603, #4280, #2927, #7332, #7251, #474, #3539, #7941, #5409, #2886, #7978, #4878, #6027, #1743, #6683, #4118, #7210, #2320, #4237, #2398, #7372, #1785, #6767, #5530 ),
 .UNSPECIFIED., .F., .F.,
 ( 4, 1, 1, 1, 1, 1, 1, 1, 1, 1, 1, 1, 1, 1, 1, 1, 1, 1, 1, 1, 1, 1, 4 ),
 ( 0.000000000000000000, 0.06300202702274274036, 0.1231823281343510795, 0.1540270774783762953, 0.1879021004696256603, 0.2244192687643597195, 0.2644132353837061467, 0.3066277958067271103, 0.3496183315070043873, 0.3942512573830674882, 0.4404161950753398558, 0.4866257509523431168, 0.5321520143407508785, 0.5766172517371286332, 0.6208656786737264399, 0.6647477656681417546, 0.7089981331124451946, 0.7538536684785596131, 0.7994100991946472279, 0.8466051383819981346, 0.8956120797803162059, 0.9465014450144753066, 1.000000000000000000 ),
 .UNSPECIFIED. ) ;
#5880 = LINE ( 'NONE', #3969, #3592 ) ;
#5881 = SURFACE_STYLE_FILL_AREA ( #6040 ) ;
#5882 = CARTESIAN_POINT ( 'NONE',  ( -12.50000000000000355, 15.79999999999998472, -0.5000000000000000000 ) ) ;
#5883 = LINE ( 'NONE', #2135, #6033 ) ;
#5884 = CARTESIAN_POINT ( 'NONE',  ( 3.053354779411764586, -0.1482843137254885590, 3.720000000000000195 ) ) ;
#5885 = ORIENTED_EDGE ( 'NONE', *, *, #5653, .F. ) ;
#5886 = ORIENTED_EDGE ( 'NONE', *, *, #6741, .T. ) ;
#5887 = CARTESIAN_POINT ( 'NONE',  ( 3.623287720081254548, 5.559347012897300822, 3.720000000000000195 ) ) ;
#5888 = LINE ( 'NONE', #4740, #2827 ) ;
#5889 = CARTESIAN_POINT ( 'NONE',  ( 12.50000000000000355, -15.80000000000000071, -1.500000000000000000 ) ) ;
#5890 = EDGE_CURVE ( 'NONE', #504, #84, #3153, .T. ) ;
#5891 = CARTESIAN_POINT ( 'NONE',  ( 9.800000000000000711, -5.100000000000000533, 2.720000000000000195 ) ) ;
#5892 = PLANE ( 'NONE',  #5178 ) ;
#5893 = DIRECTION ( 'NONE',  ( 0.000000000000000000, -0.000000000000000000, 1.000000000000000000 ) ) ;
#5894 = AXIS2_PLACEMENT_3D ( 'NONE', #5011, #6242, #1876 ) ;
#5895 = LINE ( 'NONE', #4189, #5690 ) ;
#5896 = CARTESIAN_POINT ( 'NONE',  ( -4.400000000000001243, 4.899999999999999467, 0.000000000000000000 ) ) ;
#5897 = EDGE_CURVE ( 'NONE', #4179, #4763, #652, .T. ) ;
#5898 = FACE_OUTER_BOUND ( 'NONE', #2652, .T. ) ;
#5899 = ORIENTED_EDGE ( 'NONE', *, *, #7231, .F. ) ;
#5900 = CARTESIAN_POINT ( 'NONE',  ( -0.1294659487439625278, 1.108390654109903561, 3.719999999999999751 ) ) ;
#5901 = CIRCLE ( 'NONE', #7980, 1.600000000000000755 ) ;
#5902 = CARTESIAN_POINT ( 'NONE',  ( -0.2636642156862746278, 2.964460784313727171, 3.319999999999999840 ) ) ;
#5903 = EDGE_CURVE ( 'NONE', #338, #2996, #1926, .T. ) ;
#5904 = CARTESIAN_POINT ( 'NONE',  ( 0.7114590718654819623, 8.724780530516653698, 3.719999999999997975 ) ) ;
#5905 = AXIS2_PLACEMENT_3D ( 'NONE', #2464, #1889, #3152 ) ;
#5906 = EDGE_CURVE ( 'NONE', #55, #2709, #3500, .T. ) ;
#5907 = FACE_OUTER_BOUND ( 'NONE', #1055, .T. ) ;
#5908 = CARTESIAN_POINT ( 'NONE',  ( 4.429771752450980316, -2.249387254901959121, 3.319999999999999840 ) ) ;
#5909 = CARTESIAN_POINT ( 'NONE',  ( 8.299999999999997158, 10.10000000000000142, 3.720000000000000195 ) ) ;
#5910 = FACE_OUTER_BOUND ( 'NONE', #1883, .T. ) ;
#5911 = VERTEX_POINT ( 'NONE', #1620 ) ;
#5912 = DIRECTION ( 'NONE',  ( -2.096811509994356165E-16, -0.7071067811865470176, -0.7071067811865480168 ) ) ;
#5913 = VERTEX_POINT ( 'NONE', #3009 ) ;
#5914 = CARTESIAN_POINT ( 'NONE',  ( 0.5934236856860691800, 4.072753568096932675, 3.720000000000001084 ) ) ;
#5915 = CARTESIAN_POINT ( 'NONE',  ( 0.3659679270342620638, -8.809046985882316605, 3.320000000000000284 ) ) ;
#5916 = B_SPLINE_CURVE_WITH_KNOTS ( 'NONE', 3,
 ( #4616, #369, #1480, #3400, #6536, #5192, #1520, #2096, #7829, #6500, #2819, #2742, #4058, #7106, #3437, #907, #4698, #7222, #2863 ),
 .UNSPECIFIED., .F., .F.,
 ( 4, 1, 1, 1, 1, 1, 1, 1, 1, 1, 1, 1, 1, 1, 1, 1, 4 ),
 ( 0.000000000000000000, 0.07149656788989817990, 0.1372347993065043958, 0.1988748477493298972, 0.2572054886636668258, 0.3135581160319533267, 0.3694722243070937551, 0.4248811919614343124, 0.4816446580183226245, 0.5394105037031807770, 0.5988117855067704998, 0.6604311747885499573, 0.7247911273548535149, 0.7911318479775063528, 0.8588418682783206526, 0.9285850992271063031, 1.000000000000000000 ),
 .UNSPECIFIED. ) ;
#5917 = ORIENTED_EDGE ( 'NONE', *, *, #2454, .F. ) ;
#5918 = LINE ( 'NONE', #4771, #7370 ) ;
#5919 =( NAMED_UNIT ( * ) PLANE_ANGLE_UNIT ( ) SI_UNIT ( $, .RADIAN. ) );
#5920 = DIRECTION ( 'NONE',  ( 0.000000000000000000, 0.000000000000000000, 1.000000000000000000 ) ) ;
#5921 = CARTESIAN_POINT ( 'NONE',  ( 1.893370863970587958, 8.878676470588239056, 3.720000000000000195 ) ) ;
#5922 = CARTESIAN_POINT ( 'NONE',  ( -13.00000000000000355, -15.80000000000000426, -1.000000000000001110 ) ) ;
#5923 = ORIENTED_EDGE ( 'NONE', *, *, #7601, .T. ) ;
#5924 = ORIENTED_EDGE ( 'NONE', *, *, #6443, .T. ) ;
#5925 = CARTESIAN_POINT ( 'NONE',  ( -0.7694852941176472116, -6.595071231617643193, 3.319999999999999840 ) ) ;
#5926 = LINE ( 'NONE', #5390, #7257 ) ;
#5927 = CARTESIAN_POINT ( 'NONE',  ( 0.6368783199567772391, 5.280326633819551141, 3.319999999999999840 ) ) ;
#5928 = LINE ( 'NONE', #918, #3917 ) ;
#5929 = LINE ( 'NONE', #304, #1608 ) ;
#5930 = ADVANCED_FACE ( 'NONE', ( #6113 ), #6540, .T. ) ;
#5931 = ORIENTED_EDGE ( 'NONE', *, *, #7297, .F. ) ;
#5932 = CARTESIAN_POINT ( 'NONE',  ( -11.70000000000000462, 16.40000000000000213, 3.720000000000000195 ) ) ;
#5933 = CARTESIAN_POINT ( 'NONE',  ( -0.2372804648926430948, -1.367747754610546762, 3.719999999999999751 ) ) ;
#5934 = ORIENTED_EDGE ( 'NONE', *, *, #1403, .T. ) ;
#5935 = ORIENTED_EDGE ( 'NONE', *, *, #3527, .F. ) ;
#5936 = CARTESIAN_POINT ( 'NONE',  ( 1.951734834558823239, -5.284313725490192404, 3.719999999999998419 ) ) ;
#5937 = CARTESIAN_POINT ( 'NONE',  ( -3.900000000000005684, 8.900000000000000355, 1.180000000000000160 ) ) ;
#5938 = CARTESIAN_POINT ( 'NONE',  ( -5.000000000000002665, 6.000000000000001776, 2.720000000000000195 ) ) ;
#5939 = EDGE_CURVE ( 'NONE', #2048, #7620, #2926, .T. ) ;
#5940 = CARTESIAN_POINT ( 'NONE',  ( -5.600000000000004086, -16.60000000000000497, -2.000000000000000000 ) ) ;
#5941 = VECTOR ( 'NONE', #4323, 1000.000000000000000 ) ;
#5942 = DIRECTION ( 'NONE',  ( 1.000000000000000000, 0.000000000000000000, 0.000000000000000000 ) ) ;
#5943 = CARTESIAN_POINT ( 'NONE',  ( 4.468807348917150257, -2.252967918228399480, 3.320000000000000284 ) ) ;
#5944 = CARTESIAN_POINT ( 'NONE',  ( -13.30000000000000426, -3.700000000000000178, 6.240000000000000213 ) ) ;
#5945 = AXIS2_PLACEMENT_3D ( 'NONE', #4528, #5013, #2526 ) ;
#5946 = ADVANCED_FACE ( 'NONE', ( #2318 ), #7247, .F. ) ;
#5947 = CARTESIAN_POINT ( 'NONE',  ( -0.6553355458517194920, -11.27614200691671975, 3.319999999999998952 ) ) ;
#5948 = EDGE_CURVE ( 'NONE', #261, #1028, #5453, .T. ) ;
#5949 = VECTOR ( 'NONE', #7568, 1000.000000000000114 ) ;
#5950 = ORIENTED_EDGE ( 'NONE', *, *, #5748, .T. ) ;
#5951 = AXIS2_PLACEMENT_3D ( 'NONE', #3228, #2047, #2610 ) ;
#5952 = DIRECTION ( 'NONE',  ( -0.7071067811865517916, 0.000000000000000000, -0.7071067811865433539 ) ) ;
#5953 = VERTEX_POINT ( 'NONE', #1044 ) ;
#5954 = CARTESIAN_POINT ( 'NONE',  ( 4.575729019196170810, 2.131596470832125334, 3.319999999999999396 ) ) ;
#5955 = CARTESIAN_POINT ( 'NONE',  ( -0.7694852941176472116, -6.595071231617643193, 3.319999999999999840 ) ) ;
#5956 = VERTEX_POINT ( 'NONE', #7977 ) ;
#5957 = CARTESIAN_POINT ( 'NONE',  ( 4.429771752450980316, 1.952818627450982003, 3.319999999999999840 ) ) ;
#5958 = DIRECTION ( 'NONE',  ( -0.000000000000000000, -0.000000000000000000, -1.000000000000000000 ) ) ;
#5959 = AXIS2_PLACEMENT_3D ( 'NONE', #5706, #1956, #1423 ) ;
#5960 = CARTESIAN_POINT ( 'NONE',  ( 4.558044763804675270, 2.855239479219574328, 3.320000000000000728 ) ) ;
#5961 = DIRECTION ( 'NONE',  ( 0.000000000000000000, 1.000000000000000000, 0.000000000000000000 ) ) ;
#5962 = CARTESIAN_POINT ( 'NONE',  ( 12.50000000000000000, 16.60000000000000497, -2.000000000000000000 ) ) ;
#5963 = EDGE_CURVE ( 'NONE', #1578, #7949, #4757, .T. ) ;
#5964 = CONICAL_SURFACE ( 'NONE', #6102, 1.300000000000002487, 0.7853981633974500554 ) ;
#5965 = ORIENTED_EDGE ( 'NONE', *, *, #6491, .T. ) ;
#5966 = ORIENTED_EDGE ( 'NONE', *, *, #1763, .T. ) ;
#5967 = FACE_OUTER_BOUND ( 'NONE', #3558, .T. ) ;
#5968 = CARTESIAN_POINT ( 'NONE',  ( -0.7694852941176472116, -6.595071231617643193, 3.319999999999999840 ) ) ;
#5969 = CARTESIAN_POINT ( 'NONE',  ( 1.396190965030241316, 5.023523298888383337, 3.719999999999998419 ) ) ;
#5970 = CARTESIAN_POINT ( 'NONE',  ( 9.099999999999996092, 10.90000000000000036, 3.720000000000000195 ) ) ;
#5971 = DIRECTION ( 'NONE',  ( -0.000000000000000000, 0.000000000000000000, -1.000000000000000000 ) ) ;
#5972 = ORIENTED_EDGE ( 'NONE', *, *, #2086, .F. ) ;
#5973 = VERTEX_POINT ( 'NONE', #6600 ) ;
#5974 = CARTESIAN_POINT ( 'NONE',  ( 12.50000000000000000, -3.600000000000000977, 1.180000000000000160 ) ) ;
#5975 = CARTESIAN_POINT ( 'NONE',  ( -0.6916666666666668739, -13.08806295955882248, 3.319999999999999840 ) ) ;
#5976 = ORIENTED_EDGE ( 'NONE', *, *, #5163, .T. ) ;
#5977 = B_SPLINE_CURVE_WITH_KNOTS ( 'NONE', 3,
 ( #3111, #1764, #4256, #4898, #1723, #451, #6095, #4218, #7398, #6206, #6747, #3682, #5473, #7275, #3600, #6663, #6169, #7315, #4780 ),
 .UNSPECIFIED., .F., .F.,
 ( 4, 1, 1, 1, 1, 1, 1, 1, 1, 1, 1, 1, 1, 1, 1, 1, 4 ),
 ( 0.000000000000000000, 0.07162820314866644167, 0.1389881115085654373, 0.2024548791123502445, 0.2622910703773536634, 0.3193827275654349540, 0.3744225040896250190, 0.4284167490842137327, 0.4819218502216051081, 0.5360709801611813763, 0.5917317931235176465, 0.6498297489339293076, 0.7111916591917686326, 0.7764452229142141393, 0.8457809067368113887, 0.9202927221421004500, 1.000000000000000000 ),
 .UNSPECIFIED. ) ;
#5978 = ORIENTED_EDGE ( 'NONE', *, *, #7161, .F. ) ;
#5979 = CARTESIAN_POINT ( 'NONE',  ( 4.677818627450980316, 6.302150352328435012, 3.720000000000000195 ) ) ;
#5980 = CARTESIAN_POINT ( 'NONE',  ( 9.800000000000000711, -3.900000000000000799, 1.180000000000000160 ) ) ;
#5981 = VECTOR ( 'NONE', #4299, 1000.000000000000000 ) ;
#5982 = DIRECTION ( 'NONE',  ( 0.000000000000000000, 0.000000000000000000, 1.000000000000000000 ) ) ;
#5983 = AXIS2_PLACEMENT_3D ( 'NONE', #6789, #2346, #4301 ) ;
#5984 = DIRECTION ( 'NONE',  ( -0.000000000000000000, -0.000000000000000000, -1.000000000000000000 ) ) ;
#5985 = CARTESIAN_POINT ( 'NONE',  ( 1.607380601132971654, -11.16573907160347190, 3.720000000000000639 ) ) ;
#5986 = CARTESIAN_POINT ( 'NONE',  ( 4.599844009141251355, -2.629746555506225381, 3.720000000000001084 ) ) ;
#5987 = AXIS2_PLACEMENT_3D ( 'NONE', #2629, #1405, #5121 ) ;
#5988 = DIRECTION ( 'NONE',  ( 0.000000000000000000, -1.000000000000000000, 0.000000000000000000 ) ) ;
#5989 = ADVANCED_FACE ( 'NONE', ( #5408 ), #6516, .T. ) ;
#5990 = CARTESIAN_POINT ( 'NONE',  ( -0.6885491716130018869, -1.988378552581034686, 3.719999999999999307 ) ) ;
#5991 = VECTOR ( 'NONE', #1325, 1000.000000000000000 ) ;
#5992 = VECTOR ( 'NONE', #2994, 1000.000000000000000 ) ;
#5993 = ORIENTED_EDGE ( 'NONE', *, *, #7800, .F. ) ;
#5994 = DIRECTION ( 'NONE',  ( -1.000000000000000000, -5.687617954022317631E-16, 0.000000000000000000 ) ) ;
#5995 = EDGE_CURVE ( 'NONE', #3126, #4110, #7854, .T. ) ;
#5996 = EDGE_LOOP ( 'NONE', ( #7716, #5260, #3695, #7958 ) ) ;
#5997 = CARTESIAN_POINT ( 'NONE',  ( 1.875968306261906804, -11.84980344764420757, 3.320000000000000284 ) ) ;
#5998 = CARTESIAN_POINT ( 'NONE',  ( -0.5839902617161962795, -7.711026250558245643, 3.720000000000001084 ) ) ;
#5999 = EDGE_LOOP ( 'NONE', ( #132, #3307, #5212, #4473, #7010 ) ) ;
#6000 = CARTESIAN_POINT ( 'NONE',  ( 1.384159298394786797, 3.857007144860677972, 3.719999999999999307 ) ) ;
#6001 = CARTESIAN_POINT ( 'NONE',  ( 13.29999999999999716, 10.70000000000000107, 3.720000000000000195 ) ) ;
#6002 = EDGE_CURVE ( 'NONE', #6860, #2472, #2970, .T. ) ;
#6003 = ORIENTED_EDGE ( 'NONE', *, *, #807, .T. ) ;
#6004 = DIRECTION ( 'NONE',  ( 1.000000000000000000, 2.965339275174029533E-16, -0.000000000000000000 ) ) ;
#6005 = PLANE ( 'NONE',  #39 ) ;
#6006 = CARTESIAN_POINT ( 'NONE',  ( 15.34000000000003894, -5.139999999999970370, 1.679999999999957971 ) ) ;
#6007 = ORIENTED_EDGE ( 'NONE', *, *, #3420, .T. ) ;
#6008 = EDGE_CURVE ( 'NONE', #4003, #5017, #1741, .T. ) ;
#6009 = ORIENTED_EDGE ( 'NONE', *, *, #4319, .F. ) ;
#6010 = CARTESIAN_POINT ( 'NONE',  ( 0.9752670516640307152, -4.201849096592345845, 3.320000000000000728 ) ) ;
#6011 = DIRECTION ( 'NONE',  ( 1.000000000000000000, 0.000000000000000000, 0.000000000000000000 ) ) ;
#6012 = CARTESIAN_POINT ( 'NONE',  ( 3.817382062587413749, 6.151788458473214760, 3.319999999999999396 ) ) ;
#6013 = EDGE_CURVE ( 'NONE', #2340, #4321, #1128, .T. ) ;
#6014 = DIRECTION ( 'NONE',  ( 1.000000000000000000, 0.000000000000000000, 0.000000000000000000 ) ) ;
#6015 = CARTESIAN_POINT ( 'NONE',  ( 0.09165065479024392392, -6.815384886959264144, 3.319999999999998952 ) ) ;
#6016 = ORIENTED_EDGE ( 'NONE', *, *, #4555, .T. ) ;
#6017 = VERTEX_POINT ( 'NONE', #2843 ) ;
#6018 = CARTESIAN_POINT ( 'NONE',  ( 0.1814483570549528246, -11.59610222280833014, 3.719999999999999307 ) ) ;
#6019 = CARTESIAN_POINT ( 'NONE',  ( -0.3703828845875279385, -1.429913209860735002, 3.720000000000001084 ) ) ;
#6020 = ORIENTED_EDGE ( 'NONE', *, *, #7154, .F. ) ;
#6021 = CARTESIAN_POINT ( 'NONE',  ( 0.08651960784313711406, -6.631548713235291714, 3.319999999999998508 ) ) ;
#6022 = DIRECTION ( 'NONE',  ( -1.000000000000000000, 0.000000000000000000, 0.000000000000000000 ) ) ;
#6023 = LINE ( 'NONE', #391, #5051 ) ;
#6024 = VECTOR ( 'NONE', #7331, 1000.000000000000000 ) ;
#6025 = CIRCLE ( 'NONE', #4605, 0.8000000000000003775 ) ;
#6026 = CARTESIAN_POINT ( 'NONE',  ( -0.2636642156862746278, -3.261029411764704289, 3.319999999999999840 ) ) ;
#6027 = CARTESIAN_POINT ( 'NONE',  ( -0.3029747910136457723, -10.34505071377148866, 3.320000000000000284 ) ) ;
#6028 = DIRECTION ( 'NONE',  ( -0.7071067811865475727, 0.000000000000000000, -0.7071067811865475727 ) ) ;
#6029 = CARTESIAN_POINT ( 'NONE',  ( 2.731169479810037437, -11.83560887905267300, 3.319999999999999840 ) ) ;
#6030 = CARTESIAN_POINT ( 'NONE',  ( -0.6880006951354040723, 2.638053515328516063, 3.319999999999999840 ) ) ;
#6031 = EDGE_CURVE ( 'NONE', #8055, #193, #3088, .T. ) ;
#6032 = ORIENTED_EDGE ( 'NONE', *, *, #6002, .T. ) ;
#6033 = VECTOR ( 'NONE', #7758, 1000.000000000000000 ) ;
#6034 = DIRECTION ( 'NONE',  ( 0.000000000000000000, -0.000000000000000000, 1.000000000000000000 ) ) ;
#6035 = ORIENTED_EDGE ( 'NONE', *, *, #4620, .T. ) ;
#6036 = CARTESIAN_POINT ( 'NONE',  ( 13.50099999999999412, 5.500000000000000000, 3.720000000000000195 ) ) ;
#6037 = CARTESIAN_POINT ( 'NONE',  ( 0.7280575301023726187, 7.500507990555669302, 3.720000000000000195 ) ) ;
#6038 = EDGE_LOOP ( 'NONE', ( #3702, #3953, #2538, #4792, #6505 ) ) ;
#6039 = DIRECTION ( 'NONE',  ( -0.000000000000000000, -0.000000000000000000, 1.000000000000000000 ) ) ;
#6040 = FILL_AREA_STYLE ('',( #3552 ) ) ;
#6041 = CARTESIAN_POINT ( 'NONE',  ( -0.5841716453349947713, -3.154494544296718939, 3.319999999999999396 ) ) ;
#6042 = CIRCLE ( 'NONE', #3166, 0.5999999999999998668 ) ;
#6043 = CARTESIAN_POINT ( 'NONE',  ( 0.5982294429459225071, -5.566738192462320711, 3.320000000000000728 ) ) ;
#6044 = AXIS2_PLACEMENT_3D ( 'NONE', #3129, #64, #2549 ) ;
#6045 = LINE ( 'NONE', #4018, #5825 ) ;
#6046 = EDGE_CURVE ( 'NONE', #1028, #4372, #5367, .T. ) ;
#6047 = ORIENTED_EDGE ( 'NONE', *, *, #3527, .T. ) ;
#6048 = CARTESIAN_POINT ( 'NONE',  ( -0.6859008748015064105, 7.229051735239396592, 3.719999999999997531 ) ) ;
#6049 = ORIENTED_EDGE ( 'NONE', *, *, #747, .T. ) ;
#6050 = CARTESIAN_POINT ( 'NONE',  ( 4.600000000000000533, -0.1811140471813708352, 3.320000000000000284 ) ) ;
#6051 = CARTESIAN_POINT ( 'NONE',  ( -0.7678912903691766934, -6.496487466147222278, 3.320000000000000728 ) ) ;
#6052 = CARTESIAN_POINT ( 'NONE',  ( -12.50000000000000000, -15.80000000000000426, -1.500000000000000000 ) ) ;
#6053 = CARTESIAN_POINT ( 'NONE',  ( -11.69999999999999929, -15.80000000000000426, -2.000000000000000000 ) ) ;
#6054 = CIRCLE ( 'NONE', #4618, 1.799999999999999600 ) ;
#6055 = CARTESIAN_POINT ( 'NONE',  ( 3.430282589505371238, 4.056366309447394514, 3.320000000000000728 ) ) ;
#6056 = DIRECTION ( 'NONE',  ( -1.084202172485504434E-16, -1.000000000000000000, 0.000000000000000000 ) ) ;
#6057 = EDGE_CURVE ( 'NONE', #580, #3230, #1170, .T. ) ;
#6058 = ADVANCED_FACE ( 'NONE', ( #2436 ), #1945, .T. ) ;
#6059 = EDGE_LOOP ( 'NONE', ( #7865, #4694, #2429, #1908 ) ) ;
#6060 = EDGE_LOOP ( 'NONE', ( #7361, #2612, #1707, #7145, #5247 ) ) ;
#6061 = CARTESIAN_POINT ( 'NONE',  ( -0.7694852941176472116, -6.595071231617643193, 3.319999999999999840 ) ) ;
#6062 = FACE_OUTER_BOUND ( 'NONE', #6967, .T. ) ;
#6063 = EDGE_LOOP ( 'NONE', ( #2446, #6230, #6828, #4812 ) ) ;
#6064 = CARTESIAN_POINT ( 'NONE',  ( 4.641758464136102269, -7.272280387146397018, 3.320000000000000284 ) ) ;
#6065 = FACE_BOUND ( 'NONE', #6450, .T. ) ;
#6066 = CARTESIAN_POINT ( 'NONE',  ( 1.998534280465897650, -10.10659455469320633, 3.319999999999999396 ) ) ;
#6067 = DIRECTION ( 'NONE',  ( -1.000000000000000000, -0.000000000000000000, -0.000000000000000000 ) ) ;
#6068 = EDGE_CURVE ( 'NONE', #4214, #4124, #2511, .T. ) ;
#6069 = CARTESIAN_POINT ( 'NONE',  ( 4.469108802700852756, 1.956146734767426398, 3.720000000000000195 ) ) ;
#6070 = CARTESIAN_POINT ( 'NONE',  ( 1.876348039215686159, -11.89038564644607732, 3.720000000000000195 ) ) ;
#6071 = DIRECTION ( 'NONE',  ( 1.000000000000000000, 0.000000000000000000, 0.000000000000000000 ) ) ;
#6072 = DIRECTION ( 'NONE',  ( 0.000000000000000000, -1.000000000000000000, 0.000000000000000000 ) ) ;
#6073 = CARTESIAN_POINT ( 'NONE',  ( -0.6880006951354040723, 2.638053515328516063, 3.720000000000000195 ) ) ;
#6074 = CIRCLE ( 'NONE', #2434, 1.300000000000000711 ) ;
#6075 = EDGE_LOOP ( 'NONE', ( #3271, #1731, #4330, #386 ) ) ;
#6076 = VECTOR ( 'NONE', #7439, 1000.000000000000000 ) ;
#6077 = DIRECTION ( 'NONE',  ( 0.000000000000000000, 0.000000000000000000, -1.000000000000000000 ) ) ;
#6078 = ORIENTED_EDGE ( 'NONE', *, *, #7458, .F. ) ;
#6079 = CARTESIAN_POINT ( 'NONE',  ( 1.774667723010896703, -11.38513963700563636, 3.719999999999999307 ) ) ;
#6080 = CARTESIAN_POINT ( 'NONE',  ( -0.7627894552391498717, -6.897978987647350735, 3.319999999999999396 ) ) ;
#6081 = AXIS2_PLACEMENT_3D ( 'NONE', #3309, #3466, #7712 ) ;
#6082 = ORIENTED_EDGE ( 'NONE', *, *, #60, .T. ) ;
#6083 = CARTESIAN_POINT ( 'NONE',  ( -0.7694852941176472116, 6.400639552696082646, 3.720000000000000195 ) ) ;
#6084 = VECTOR ( 'NONE', #805, 1000.000000000000000 ) ;
#6085 = DIRECTION ( 'NONE',  ( -0.5773502691896391648, -0.5773502691896190697, 0.5773502691896191807 ) ) ;
#6086 = AXIS2_PLACEMENT_3D ( 'NONE', #7486, #5483, #17 ) ;
#6087 = LINE ( 'NONE', #492, #178 ) ;
#6088 = CARTESIAN_POINT ( 'NONE',  ( 4.424908088235294024, -0.7307081035539197966, 3.319999999999999840 ) ) ;
#6089 = VECTOR ( 'NONE', #1185, 1000.000000000000000 ) ;
#6090 = ORIENTED_EDGE ( 'NONE', *, *, #4459, .F. ) ;
#6091 = AXIS2_PLACEMENT_3D ( 'NONE', #1291, #3173, #5049 ) ;
#6092 = CARTESIAN_POINT ( 'NONE',  ( 2.346927279405214950, -7.994157808536047405, 3.319999999999997620 ) ) ;
#6093 = ORIENTED_EDGE ( 'NONE', *, *, #5608, .T. ) ;
#6094 = AXIS2_PLACEMENT_3D ( 'NONE', #6725, #1281, #7333 ) ;
#6095 = CARTESIAN_POINT ( 'NONE',  ( 4.431554698943214632, -8.003711630154999312, 3.320000000000001172 ) ) ;
#6096 = FACE_OUTER_BOUND ( 'NONE', #978, .T. ) ;
#6097 = CARTESIAN_POINT ( 'NONE',  ( 4.536781844187784962, -2.306307401994700523, 3.719999999999999751 ) ) ;
#6098 = CARTESIAN_POINT ( 'NONE',  ( 0.08651960784313711406, 6.364162071078435012, 3.319999999999999840 ) ) ;
#6099 = CARTESIAN_POINT ( 'NONE',  ( 4.318756282232527610, 4.787273604373589286, 3.320000000000000284 ) ) ;
#6100 = EDGE_CURVE ( 'NONE', #2483, #7456, #1826, .T. ) ;
#6101 = CARTESIAN_POINT ( 'NONE',  ( 4.635614459181248925, 6.892532375609947692, 3.319999999999999840 ) ) ;
#6102 = AXIS2_PLACEMENT_3D ( 'NONE', #2965, #7329, #4755 ) ;
#6103 = ORIENTED_EDGE ( 'NONE', *, *, #6959, .F. ) ;
#6104 = EDGE_LOOP ( 'NONE', ( #994, #6078, #2479, #4960 ) ) ;
#6105 = CARTESIAN_POINT ( 'NONE',  ( -1.500000000000003775, -4.599999999999999645, 2.720000000000000195 ) ) ;
#6106 = PLANE ( 'NONE',  #6086 ) ;
#6107 = EDGE_LOOP ( 'NONE', ( #6259, #5600, #1355, #7110, #6003, #4226, #1794, #4613 ) ) ;
#6108 = ORIENTED_EDGE ( 'NONE', *, *, #7698, .F. ) ;
#6109 = DIRECTION ( 'NONE',  ( 0.000000000000000000, 0.000000000000000000, 1.000000000000000000 ) ) ;
#6110 = ADVANCED_FACE ( 'NONE', ( #7371 ), #5042, .F. ) ;
#6111 = LINE ( 'NONE', #512, #1733 ) ;
#6112 = DIRECTION ( 'NONE',  ( -1.000000000000000000, 0.000000000000000000, 0.000000000000000000 ) ) ;
#6113 = FACE_OUTER_BOUND ( 'NONE', #7886, .T. ) ;
#6114 = CARTESIAN_POINT ( 'NONE',  ( 1.682008802342621179, -11.24419920193286515, 3.720000000000000195 ) ) ;
#6115 = ORIENTED_EDGE ( 'NONE', *, *, #8047, .F. ) ;
#6116 = CARTESIAN_POINT ( 'NONE',  ( 2.465469750631533064, -10.64443506640790815, 3.319999999999999396 ) ) ;
#6117 = ADVANCED_FACE ( 'NONE', ( #5571 ), #4391, .F. ) ;
#6118 = CARTESIAN_POINT ( 'NONE',  ( 0.4560462274989662279, -9.845932091744630910, 3.719999999999999751 ) ) ;
#6119 = EDGE_LOOP ( 'NONE', ( #5273, #3590, #4883, #1890 ) ) ;
#6120 = CARTESIAN_POINT ( 'NONE',  ( 4.428555836397059409, -13.45526960784313530, 3.720000000000000195 ) ) ;
#6121 = ORIENTED_EDGE ( 'NONE', *, *, #7346, .T. ) ;
#6122 = CARTESIAN_POINT ( 'NONE',  ( 1.774667723010896703, -11.38513963700563636, 3.319999999999999396 ) ) ;
#6123 = CARTESIAN_POINT ( 'NONE',  ( 1.883217834515139355, 7.710838169387901786, 3.320000000000000284 ) ) ;
#6124 = CARTESIAN_POINT ( 'NONE',  ( -0.4783067767883106280, 5.052579661847977022, 3.320000000000000728 ) ) ;
#6125 = DIRECTION ( 'NONE',  ( -0.000000000000000000, 1.000000000000000000, 0.000000000000000000 ) ) ;
#6126 = PLANE ( 'NONE',  #1535 ) ;
#6127 = AXIS2_PLACEMENT_3D ( 'NONE', #2298, #302, #952 ) ;
#6128 = CARTESIAN_POINT ( 'NONE',  ( 3.595964893866836931, 7.117169641371819289, 3.319999999999999396 ) ) ;
#6129 = ORIENTED_EDGE ( 'NONE', *, *, #1316, .F. ) ;
#6130 = CARTESIAN_POINT ( 'NONE',  ( -0.7647935289299603312, 6.690809434259391786, 3.719999999999998419 ) ) ;
#6131 = ORIENTED_EDGE ( 'NONE', *, *, #151, .F. ) ;
#6132 = CARTESIAN_POINT ( 'NONE',  ( 1.569657018904940360, -4.121775428278729336, 3.320000000000000728 ) ) ;
#6133 = CARTESIAN_POINT ( 'NONE',  ( -4.200000000000005507, 16.60000000000000142, 1.180000000000000160 ) ) ;
#6134 = DIRECTION ( 'NONE',  ( -1.000000000000000000, -8.673617379884034239E-17, 0.000000000000000000 ) ) ;
#6135 = DIRECTION ( 'NONE',  ( -0.000000000000000000, 0.000000000000000000, 1.000000000000000000 ) ) ;
#6136 = CARTESIAN_POINT ( 'NONE',  ( 3.430282589505371238, 4.056366309447394514, 3.720000000000000639 ) ) ;
#6137 = FACE_OUTER_BOUND ( 'NONE', #3430, .T. ) ;
#6138 = ORIENTED_EDGE ( 'NONE', *, *, #7540, .F. ) ;
#6139 = EDGE_LOOP ( 'NONE', ( #3533, #7411, #1061, #545, #7525, #6542 ) ) ;
#6140 = EDGE_CURVE ( 'NONE', #1233, #7501, #4279, .T. ) ;
#6141 = CARTESIAN_POINT ( 'NONE',  ( -0.07641314338235286052, 1.090734145220590312, 3.720000000000000195 ) ) ;
#6142 = DIRECTION ( 'NONE',  ( -0.7071067811865475727, 0.000000000000000000, -0.7071067811865475727 ) ) ;
#6143 = VERTEX_POINT ( 'NONE', #5529 ) ;
#6144 = ORIENTED_EDGE ( 'NONE', *, *, #6960, .T. ) ;
#6145 = DIRECTION ( 'NONE',  ( -0.7071067811865474617, 0.7071067811865474617, 0.000000000000000000 ) ) ;
#6146 = LINE ( 'NONE', #3621, #6685 ) ;
#6147 = LINE ( 'NONE', #3578, #487 ) ;
#6148 = EDGE_CURVE ( 'NONE', #7668, #3826, #3824, .T. ) ;
#6149 = CARTESIAN_POINT ( 'NONE',  ( -11.69999999999999929, -15.80000000000000426, -1.500000000000000000 ) ) ;
#6150 = CARTESIAN_POINT ( 'NONE',  ( 2.207046322889365975, -4.121537142162652323, 3.320000000000000284 ) ) ;
#6151 = ORIENTED_EDGE ( 'NONE', *, *, #7102, .T. ) ;
#6152 = CARTESIAN_POINT ( 'NONE',  ( 2.134980403403889060, -10.21865440045518270, 3.319999999999999396 ) ) ;
#6153 = CARTESIAN_POINT ( 'NONE',  ( 0.9011833639705878474, -9.797794117647057988, 3.720000000000000639 ) ) ;
#6154 = EDGE_CURVE ( 'NONE', #7668, #338, #671, .T. ) ;
#6155 = EDGE_LOOP ( 'NONE', ( #6871, #4664, #481, #7365 ) ) ;
#6156 = EDGE_CURVE ( 'NONE', #240, #115, #4314, .T. ) ;
#6157 = CARTESIAN_POINT ( 'NONE',  ( 2.098934823967300911, -9.173547036301046731, 3.720000000000000195 ) ) ;
#6158 = ORIENTED_EDGE ( 'NONE', *, *, #1450, .T. ) ;
#6159 = CARTESIAN_POINT ( 'NONE',  ( -0.6683769651189270800, 5.536332959680291488, 3.720000000000000639 ) ) ;
#6160 = CARTESIAN_POINT ( 'NONE',  ( -0.7270713678500889676, -7.188240371437884413, 3.319999999999999840 ) ) ;
#6161 = CARTESIAN_POINT ( 'NONE',  ( 4.440606457774841864, -12.36681253614326614, 3.719999999999998863 ) ) ;
#6162 = CARTESIAN_POINT ( 'NONE',  ( 3.821813725490196045, -6.660730698529407690, 3.319999999999999840 ) ) ;
#6163 = CARTESIAN_POINT ( 'NONE',  ( 0.1168372491556372433, -6.279091102157566162, 3.319999999999999396 ) ) ;
#6164 = LINE ( 'NONE', #493, #2556 ) ;
#6165 = ORIENTED_EDGE ( 'NONE', *, *, #2218, .F. ) ;
#6166 = EDGE_CURVE ( 'NONE', #5873, #7949, #8015, .T. ) ;
#6167 = CARTESIAN_POINT ( 'NONE',  ( 3.433275238834903487, -7.645193793492789602, 3.720000000000002416 ) ) ;
#6168 = ORIENTED_EDGE ( 'NONE', *, *, #5193, .T. ) ;
#6169 = CARTESIAN_POINT ( 'NONE',  ( 2.315515325655292056, -9.170261595515670550, 3.319999999999998952 ) ) ;
#6170 = CARTESIAN_POINT ( 'NONE',  ( 0.04975960708691167661, -4.594030569084967652, 3.720000000000000639 ) ) ;
#6171 = CARTESIAN_POINT ( 'NONE',  ( 4.589829414779988959, -2.518470760864282010, 3.720000000000001528 ) ) ;
#6172 = CARTESIAN_POINT ( 'NONE',  ( 4.535754101653028947, 2.011541552786932474, 3.720000000000000639 ) ) ;
#6173 = VECTOR ( 'NONE', #1973, 1000.000000000000227 ) ;
#6174 = CARTESIAN_POINT ( 'NONE',  ( -1.900000000000004130, 13.19999999999999929, 3.520000000000008455 ) ) ;
#6175 = CARTESIAN_POINT ( 'NONE',  ( 4.670976802750296919, 6.603421475906941396, 3.319999999999998952 ) ) ;
#6176 = B_SPLINE_SURFACE_WITH_KNOTS ( 'NONE', 3, 1, ( 
 ( #5356, #5241 ),
 ( #336, #7118 ),
 ( #6015, #2183 ),
 ( #2792, #7840 ),
 ( #5279, #7279 ),
 ( #3412, #4068 ),
 ( #7159, #1572 ),
 ( #990, #3528 ),
 ( #1534, #380 ),
 ( #2224, #2911 ),
 ( #4030, #2833 ),
 ( #1646, #6549 ),
 ( #4186, #6669 ),
 ( #2875, #6631 ),
 ( #1034, #953 ),
 ( #3447, #5322 ),
 ( #4708, #2260 ),
 ( #1607, #419 ),
 ( #6511, #1072 ) ),
 .UNSPECIFIED., .F., .F., .F.,
 ( 4, 1, 1, 1, 1, 1, 1, 1, 1, 1, 1, 1, 1, 1, 1, 1, 4 ),
 ( 2, 2 ),
 ( 0.000000000000000000, 0.07205748326946212479, 0.1383846133461962002, 0.2008197347184779991, 0.2598038300101355169, 0.3168503838887136159, 0.3728482335114458035, 0.4283531432337641665, 0.4848110048265390493, 0.5426269460141155410, 0.6014573603993190742, 0.6628287376421635457, 0.7267901150654367814, 0.7927359298324763159, 0.8605160265926915519, 0.9294173656588030630, 1.000000000000000000 ),
 ( 0.000000000000000000, 1.000000000000000000 ),
 .UNSPECIFIED. ) ;
#6177 = ORIENTED_EDGE ( 'NONE', *, *, #4360, .F. ) ;
#6178 = ORIENTED_EDGE ( 'NONE', *, *, #774, .F. ) ;
#6179 = CARTESIAN_POINT ( 'NONE',  ( -1.900000000000004130, 16.60000000000000142, 2.720000000000000195 ) ) ;
#6180 = CARTESIAN_POINT ( 'NONE',  ( -11.70000000000000462, 17.40000000000000924, -2.000000000000000000 ) ) ;
#6181 = ORIENTED_EDGE ( 'NONE', *, *, #2662, .T. ) ;
#6182 = ORIENTED_EDGE ( 'NONE', *, *, #2974, .T. ) ;
#6183 = CARTESIAN_POINT ( 'NONE',  ( 4.424908088235294024, 0.3733436734068640850, 3.720000000000000195 ) ) ;
#6184 = CARTESIAN_POINT ( 'NONE',  ( -13.00000000000000533, -15.80000000000000426, -1.000000000000001110 ) ) ;
#6185 = ADVANCED_FACE ( 'NONE', ( #3700 ), #2397, .T. ) ;
#6186 = DIRECTION ( 'NONE',  ( -1.000000000000000000, 0.000000000000000000, 0.000000000000000000 ) ) ;
#6187 = CARTESIAN_POINT ( 'NONE',  ( 2.992843763966191339, -5.438127465509547953, 3.719999999999999307 ) ) ;
#6188 = VERTEX_POINT ( 'NONE', #8059 ) ;
#6189 = CARTESIAN_POINT ( 'NONE',  ( 3.392552926481702258, 7.331719794327645978, 3.319999999999998952 ) ) ;
#6190 = ADVANCED_FACE ( 'NONE', ( #5692 ), #6267, .T. ) ;
#6191 = CARTESIAN_POINT ( 'NONE',  ( -0.2636642156862746278, 2.964460784313727171, 3.319999999999999840 ) ) ;
#6192 = EDGE_LOOP ( 'NONE', ( #6121, #5806, #1516, #7362, #1014, #7555, #5886, #5263, #4557, #4581, #6756, #6928, #2327 ) ) ;
#6193 = ORIENTED_EDGE ( 'NONE', *, *, #4564, .T. ) ;
#6194 = CARTESIAN_POINT ( 'NONE',  ( 12.20000000000000107, -3.600000000000000977, 1.180000000000000160 ) ) ;
#6195 = CARTESIAN_POINT ( 'NONE',  ( 1.951734834558823239, 7.711397058823532547, 3.720000000000001084 ) ) ;
#6196 = ADVANCED_FACE ( 'NONE', ( #5647 ), #6838, .T. ) ;
#6197 = CARTESIAN_POINT ( 'NONE',  ( -0.7647935289299603312, 6.690809434259391786, 3.319999999999999840 ) ) ;
#6198 = DIRECTION ( 'NONE',  ( -0.000000000000000000, -0.000000000000000000, -1.000000000000000000 ) ) ;
#6199 = EDGE_CURVE ( 'NONE', #5028, #1091, #6921, .T. ) ;
#6200 = CARTESIAN_POINT ( 'NONE',  ( 0.08651960784313711406, -6.631548713235291714, 3.319999999999998508 ) ) ;
#6201 = DIRECTION ( 'NONE',  ( 0.000000000000000000, -1.000000000000000000, 0.000000000000000000 ) ) ;
#6202 = EDGE_LOOP ( 'NONE', ( #3813, #3169, #71, #2376 ) ) ;
#6203 = LINE ( 'NONE', #1265, #7259 ) ;
#6204 = CARTESIAN_POINT ( 'NONE',  ( -0.6164900733481309958, 7.471104843200071954, 3.719999999999997975 ) ) ;
#6205 = ORIENTED_EDGE ( 'NONE', *, *, #3165, .F. ) ;
#6206 = CARTESIAN_POINT ( 'NONE',  ( 4.029911706819156336, -8.560489399009712841, 3.320000000000000284 ) ) ;
#6207 = CARTESIAN_POINT ( 'NONE',  ( 1.569657018904940360, -4.121775428278729336, 3.320000000000000728 ) ) ;
#6208 = AXIS2_PLACEMENT_3D ( 'NONE', #354, #2729, #7818 ) ;
#6209 = DIRECTION ( 'NONE',  ( 0.000000000000000000, -0.000000000000000000, -1.000000000000000000 ) ) ;
#6210 = CARTESIAN_POINT ( 'NONE',  ( 9.800000000000000711, -4.800000000000000711, 2.720000000000000195 ) ) ;
#6211 = VECTOR ( 'NONE', #3472, 1000.000000000000000 ) ;
#6212 = DIRECTION ( 'NONE',  ( 1.000000000000000000, 1.482669637587014767E-16, -0.000000000000000000 ) ) ;
#6213 = EDGE_CURVE ( 'NONE', #1471, #261, #2633, .T. ) ;
#6214 = CARTESIAN_POINT ( 'NONE',  ( 4.112569194110244020, 8.052246023171647948, 3.319999999999999396 ) ) ;
#6215 = VERTEX_POINT ( 'NONE', #1453 ) ;
#6216 = AXIS2_PLACEMENT_3D ( 'NONE', #6384, #1358, #6954 ) ;
#6217 = VERTEX_POINT ( 'NONE', #7613 ) ;
#6218 = FACE_OUTER_BOUND ( 'NONE', #2150, .T. ) ;
#6219 = CARTESIAN_POINT ( 'NONE',  ( 13.29999999999999716, 0.000000000000000000, 3.720000000000000195 ) ) ;
#6220 = DIRECTION ( 'NONE',  ( 1.000000000000000000, 0.000000000000000000, 0.000000000000000000 ) ) ;
#6221 = AXIS2_PLACEMENT_3D ( 'NONE', #6925, #5613, #2599 ) ;
#6222 = VERTEX_POINT ( 'NONE', #109 ) ;
#6223 = CARTESIAN_POINT ( 'NONE',  ( 3.623287720081255436, -7.436363771416425905, 3.720000000000000639 ) ) ;
#6224 = CONICAL_SURFACE ( 'NONE', #6352, 1.600000000000007638, 0.7853981633974553844 ) ;
#6225 = DIRECTION ( 'NONE',  ( 1.000000000000000000, -1.626303258728256651E-16, 0.000000000000000000 ) ) ;
#6226 = DIRECTION ( 'NONE',  ( 0.000000000000000000, 1.000000000000000000, 0.000000000000000000 ) ) ;
#6227 = AXIS2_PLACEMENT_3D ( 'NONE', #4506, #3942, #223 ) ;
#6228 = EDGE_CURVE ( 'NONE', #5362, #1751, #796, .T. ) ;
#6229 = CARTESIAN_POINT ( 'NONE',  ( -0.6375983277824996964, -11.16965049960953849, 3.720000000000000195 ) ) ;
#6230 = ORIENTED_EDGE ( 'NONE', *, *, #5039, .T. ) ;
#6231 = CARTESIAN_POINT ( 'NONE',  ( 3.677485567709203984, -6.005144614296359151, 3.719999999999999307 ) ) ;
#6232 = DIRECTION ( 'NONE',  ( -0.000000000000000000, 0.000000000000000000, 1.000000000000000000 ) ) ;
#6233 = B_SPLINE_SURFACE_WITH_KNOTS ( 'NONE', 3, 1, ( 
 ( #1867, #6841 ),
 ( #6270, #1245 ),
 ( #3747, #4395 ),
 ( #6884, #638 ),
 ( #3132, #7539 ),
 ( #5612, #6231 ),
 ( #27, #674 ),
 ( #2515, #5003 ),
 ( #3170, #5652 ),
 ( #68, #2553 ),
 ( #4678, #4635 ),
 ( #844, #2230 ),
 ( #1544, #927 ),
 ( #2077, #799 ),
 ( #1500, #4040 ),
 ( #310, #961 ),
 ( #4558, #4715 ),
 ( #5865, #6519 ),
 ( #5286, #5936 ) ),
 .UNSPECIFIED., .F., .F., .F.,
 ( 4, 1, 1, 1, 1, 1, 1, 1, 1, 1, 1, 1, 1, 1, 1, 1, 4 ),
 ( 2, 2 ),
 ( 0.000000000000000000, 0.07149656788989817990, 0.1372347993065043958, 0.1988748477493298972, 0.2572054886636668258, 0.3135581160319533267, 0.3694722243070937551, 0.4248811919614343124, 0.4816446580183226245, 0.5394105037031807770, 0.5988117855067704998, 0.6604311747885499573, 0.7247911273548535149, 0.7911318479775063528, 0.8588418682783206526, 0.9285850992271063031, 1.000000000000000000 ),
 ( 0.000000000000000000, 1.000000000000000000 ),
 .UNSPECIFIED. ) ;
#6234 = ORIENTED_EDGE ( 'NONE', *, *, #13, .F. ) ;
#6235 = VERTEX_POINT ( 'NONE', #6430 ) ;
#6236 = VECTOR ( 'NONE', #2595, 1000.000000000000000 ) ;
#6237 = EDGE_CURVE ( 'NONE', #7152, #3754, #7002, .T. ) ;
#6238 = CARTESIAN_POINT ( 'NONE',  ( 9.099999999999996092, 10.70000000000000107, 3.520000000000008455 ) ) ;
#6239 = CARTESIAN_POINT ( 'NONE',  ( -1.900000000000004130, 17.60000000000000142, 1.180000000000000160 ) ) ;
#6240 = SURFACE_STYLE_USAGE ( .BOTH. , #3138 ) ;
#6241 = VERTEX_POINT ( 'NONE', #232 ) ;
#6242 = DIRECTION ( 'NONE',  ( 0.000000000000000000, 0.7071067811865352493, 0.7071067811865597852 ) ) ;
#6243 = CARTESIAN_POINT ( 'NONE',  ( 3.820291584535983720, 6.272059352751123917, 3.720000000000000639 ) ) ;
#6244 = CARTESIAN_POINT ( 'NONE',  ( 3.270389720786873067, 7.418552205938450328, 3.719999999999999751 ) ) ;
#6245 = VERTEX_POINT ( 'NONE', #923 ) ;
#6246 = CARTESIAN_POINT ( 'NONE',  ( 3.821813725490196045, -6.660730698529407690, 3.720000000000000195 ) ) ;
#6247 = CARTESIAN_POINT ( 'NONE',  ( -12.50000000000000178, 4.299999999999999822, 2.400000000000000355 ) ) ;
#6248 = ORIENTED_EDGE ( 'NONE', *, *, #2963, .F. ) ;
#6249 = ADVANCED_FACE ( 'NONE', ( #840 ), #6472, .T. ) ;
#6250 = CARTESIAN_POINT ( 'NONE',  ( -0.6321907238338541069, 2.801894668341123662, 3.320000000000000284 ) ) ;
#6251 = CARTESIAN_POINT ( 'NONE',  ( -0.5266806422855275782, -5.300307738098230637, 3.720000000000000639 ) ) ;
#6252 = LINE ( 'NONE', #3235, #1031 ) ;
#6253 = DIRECTION ( 'NONE',  ( 0.5773502691896332806, 0.5773502691896332806, 0.5773502691896107430 ) ) ;
#6254 = CARTESIAN_POINT ( 'NONE',  ( 1.749716334588010680, 7.709749204927950572, 3.320000000000000284 ) ) ;
#6255 = CARTESIAN_POINT ( 'NONE',  ( 1.999654359078481436, 8.877150765179777636, 3.319999999999999840 ) ) ;
#6256 = EDGE_CURVE ( 'NONE', #5462, #6309, #7574, .T. ) ;
#6257 = VECTOR ( 'NONE', #4434, 1000.000000000000000 ) ;
#6258 = EDGE_LOOP ( 'NONE', ( #1610, #2031, #229, #4499 ) ) ;
#6259 = ORIENTED_EDGE ( 'NONE', *, *, #6610, .T. ) ;
#6260 = ADVANCED_FACE ( 'NONE', ( #1496 ), #46, .T. ) ;
#6261 = CARTESIAN_POINT ( 'NONE',  ( 2.508873867356993692, -4.154579404831865830, 3.720000000000001084 ) ) ;
#6262 = CARTESIAN_POINT ( 'NONE',  ( -13.30000000000000426, 4.299999999999999822, 2.400000000000000355 ) ) ;
#6263 = CARTESIAN_POINT ( 'NONE',  ( 4.428555836397059409, 2.964460784313727171, 3.319999999999999840 ) ) ;
#6264 = DIRECTION ( 'NONE',  ( -0.000000000000000000, -0.000000000000000000, 1.000000000000000000 ) ) ;
#6265 = CARTESIAN_POINT ( 'NONE',  ( 1.104262143940900609, -9.085710503816260442, 3.719999999999999751 ) ) ;
#6266 = PLANE ( 'NONE',  #5633 ) ;
#6267 = CYLINDRICAL_SURFACE ( 'NONE', #1488, 0.2999999999999999334 ) ;
#6268 = CARTESIAN_POINT ( 'NONE',  ( 4.677818627450980316, -6.693560431985290826, 3.319999999999999840 ) ) ;
#6269 = ORIENTED_EDGE ( 'NONE', *, *, #1906, .T. ) ;
#6270 = CARTESIAN_POINT ( 'NONE',  ( 3.819839896776485499, -6.597828284182211789, 3.319999999999999396 ) ) ;
#6271 = CARTESIAN_POINT ( 'NONE',  ( 0.1168372491556373544, 6.716619682156159676, 3.719999999999999751 ) ) ;
#6272 = ORIENTED_EDGE ( 'NONE', *, *, #4024, .T. ) ;
#6273 = ORIENTED_EDGE ( 'NONE', *, *, #2348, .T. ) ;
#6274 = CARTESIAN_POINT ( 'NONE',  ( 9.500000000000001776, -4.800000000000000711, 2.720000000000000195 ) ) ;
#6275 = CARTESIAN_POINT ( 'NONE',  ( 11.50000000000000178, 17.60000000000000142, -2.000000000000000000 ) ) ;
#6276 = DIRECTION ( 'NONE',  ( -1.000000000000000000, 0.000000000000000000, 0.000000000000000000 ) ) ;
#6277 = CARTESIAN_POINT ( 'NONE',  ( 4.559047424262224091, -0.5773243444499276400, 3.320000000000001172 ) ) ;
#6278 = DIRECTION ( 'NONE',  ( -0.000000000000000000, 0.000000000000000000, -1.000000000000000000 ) ) ;
#6279 = DIRECTION ( 'NONE',  ( 0.000000000000000000, -1.000000000000000000, 0.000000000000000000 ) ) ;
#6280 = EDGE_CURVE ( 'NONE', #6688, #1165, #4035, .T. ) ;
#6281 = AXIS2_PLACEMENT_3D ( 'NONE', #4175, #6814, #7868 ) ;
#6282 = ORIENTED_EDGE ( 'NONE', *, *, #6443, .F. ) ;
#6283 = CARTESIAN_POINT ( 'NONE',  ( 0.000000000000000000, 17.40000000000000213, 3.720000000000000195 ) ) ;
#6284 = CARTESIAN_POINT ( 'NONE',  ( 9.099999999999996092, 10.10000000000000142, 3.520000000000008455 ) ) ;
#6285 = VERTEX_POINT ( 'NONE', #1576 ) ;
#6286 = DIRECTION ( 'NONE',  ( 1.000000000000000000, 0.000000000000000000, 0.000000000000000000 ) ) ;
#6287 = CARTESIAN_POINT ( 'NONE',  ( -0.2961969039688158167, -3.259653733640624385, 3.320000000000000728 ) ) ;
#6288 = LINE ( 'NONE', #3931, #1289 ) ;
#6289 = LINE ( 'NONE', #5148, #5029 ) ;
#6290 = CARTESIAN_POINT ( 'NONE',  ( 2.732352941176470651, -12.36580882352940947, 3.720000000000000195 ) ) ;
#6291 = VECTOR ( 'NONE', #3005, 1000.000000000000000 ) ;
#6292 = CARTESIAN_POINT ( 'NONE',  ( -1.300000000000004263, 12.59999999999999964, 2.720000000000000195 ) ) ;
#6293 = CARTESIAN_POINT ( 'NONE',  ( 2.837718034825559510, 7.608782337133152218, 3.719999999999999751 ) ) ;
#6294 = EDGE_CURVE ( 'NONE', #4180, #1459, #1121, .T. ) ;
#6295 = ORIENTED_EDGE ( 'NONE', *, *, #7947, .T. ) ;
#6296 = ORIENTED_EDGE ( 'NONE', *, *, #4421, .F. ) ;
#6297 = CARTESIAN_POINT ( 'NONE',  ( 3.751816608296656863, -4.615807106755890565, 3.720000000000001528 ) ) ;
#6298 = CARTESIAN_POINT ( 'NONE',  ( 11.69999999999999751, 17.40000000000000924, -2.000000000000000000 ) ) ;
#6299 = DIRECTION ( 'NONE',  ( 0.000000000000000000, 1.000000000000000000, 0.000000000000000000 ) ) ;
#6300 = ADVANCED_FACE ( 'NONE', ( #424 ), #3346, .F. ) ;
#6301 = CARTESIAN_POINT ( 'NONE',  ( 2.918494823187900433, -9.094351888577770993, 3.719999999999998863 ) ) ;
#6302 = CARTESIAN_POINT ( 'NONE',  ( -0.03293378579303537362, -8.522650254413044024, 3.720000000000000195 ) ) ;
#6303 = DIRECTION ( 'NONE',  ( 0.000000000000000000, -0.000000000000000000, 1.000000000000000000 ) ) ;
#6304 = B_SPLINE_SURFACE_WITH_KNOTS ( 'NONE', 3, 1, ( 
 ( #3323, #220 ),
 ( #7690, #1978 ),
 ( #4464, #3900 ),
 ( #2103, #874 ),
 ( #789, #1489 ),
 ( #3979, #6464 ),
 ( #3370, #7836 ),
 ( #7156, #3524 ),
 ( #7229, #1568 ),
 ( #4781, #7803 ),
 ( #6507, #7276 ) ),
 .UNSPECIFIED., .F., .F., .F.,
 ( 4, 1, 1, 1, 1, 1, 1, 1, 4 ),
 ( 2, 2 ),
 ( 0.000000000000000000, 0.06743523449480771925, 0.1326149057624723127, 0.2077145321105981490, 0.3018009635754654307, 0.4225082214689079851, 0.5744864003002586594, 0.7646871824132088769, 1.000000000000000000 ),
 ( 0.000000000000000000, 1.000000000000000000 ),
 .UNSPECIFIED. ) ;
#6305 = ADVANCED_FACE ( 'NONE', ( #2352 ), #6636, .T. ) ;
#6306 = CARTESIAN_POINT ( 'NONE',  ( -0.3086531096813723840, -13.45526960784313530, 3.319999999999999840 ) ) ;
#6307 = CARTESIAN_POINT ( 'NONE',  ( 8.299999999999997158, 10.10000000000000142, 3.720000000000000195 ) ) ;
#6308 = CARTESIAN_POINT ( 'NONE',  ( 4.670976802750296031, -6.392289308406781778, 3.319999999999998952 ) ) ;
#6309 = VERTEX_POINT ( 'NONE', #2879 ) ;
#6310 = LINE ( 'NONE', #6355, #703 ) ;
#6311 = VECTOR ( 'NONE', #112, 1000.000000000000000 ) ;
#6312 = ADVANCED_FACE ( 'NONE', ( #7324 ), #7200, .T. ) ;
#6313 = CARTESIAN_POINT ( 'NONE',  ( 0.09081116922072930697, 6.545801145694370327, 3.720000000000000195 ) ) ;
#6314 = ORIENTED_EDGE ( 'NONE', *, *, #5995, .T. ) ;
#6315 = ORIENTED_EDGE ( 'NONE', *, *, #4657, .T. ) ;
#6316 = PLANE ( 'NONE',  #2301 ) ;
#6317 = CARTESIAN_POINT ( 'NONE',  ( 0.08798715818796096211, 6.426275708314974189, 3.320000000000000284 ) ) ;
#6318 = CARTESIAN_POINT ( 'NONE',  ( -1.800000000000003597, -4.899999999999999467, 1.180000000000000160 ) ) ;
#6319 = CARTESIAN_POINT ( 'NONE',  ( -0.08492455575980373261, -1.321643305759802489, 3.720000000000000195 ) ) ;
#6320 = CARTESIAN_POINT ( 'NONE',  ( 3.792337689382959898, 5.979472151925861567, 3.320000000000001172 ) ) ;
#6321 = CARTESIAN_POINT ( 'NONE',  ( -2.700000000000005507, 8.599999999999999645, 2.720000000000000195 ) ) ;
#6322 = ORIENTED_EDGE ( 'NONE', *, *, #3365, .T. ) ;
#6323 = LINE ( 'NONE', #2651, #3875 ) ;
#6324 = DIRECTION ( 'NONE',  ( 0.000000000000000000, 0.000000000000000000, 1.000000000000000000 ) ) ;
#6325 = ORIENTED_EDGE ( 'NONE', *, *, #1171, .T. ) ;
#6326 = CARTESIAN_POINT ( 'NONE',  ( -0.08492455575980373261, -1.321643305759802489, 3.319999999999999840 ) ) ;
#6327 = CARTESIAN_POINT ( 'NONE',  ( -0.6877659055272353772, -2.942861847250256790, 3.320000000000000284 ) ) ;
#6328 = VECTOR ( 'NONE', #6573, 1000.000000000000000 ) ;
#6329 = ORIENTED_EDGE ( 'NONE', *, *, #2950, .T. ) ;
#6330 = CARTESIAN_POINT ( 'NONE',  ( -1.900000000000004130, 17.39999999999999503, 1.180000000000000160 ) ) ;
#6331 = CARTESIAN_POINT ( 'NONE',  ( 2.732352941176470651, -11.92078354779411598, 3.319999999999999840 ) ) ;
#6332 = DIRECTION ( 'NONE',  ( 1.000000000000000000, 0.000000000000000000, 0.000000000000000000 ) ) ;
#6333 = FACE_OUTER_BOUND ( 'NONE', #6155, .T. ) ;
#6334 = DIRECTION ( 'NONE',  ( 1.000000000000000000, 0.000000000000000000, 0.000000000000000000 ) ) ;
#6335 = ORIENTED_EDGE ( 'NONE', *, *, #3375, .F. ) ;
#6336 = VERTEX_POINT ( 'NONE', #996 ) ;
#6337 = AXIS2_PLACEMENT_3D ( 'NONE', #7766, #3603, #1726 ) ;
#6338 = CARTESIAN_POINT ( 'NONE',  ( 3.540637442984556404, -4.482582812732663236, 3.720000000000002416 ) ) ;
#6339 = LINE ( 'NONE', #5810, #6738 ) ;
#6340 = DIRECTION ( 'NONE',  ( -1.000000000000000000, 0.000000000000000000, 0.000000000000000000 ) ) ;
#6341 = EDGE_CURVE ( 'NONE', #2726, #2017, #6673, .T. ) ;
#6342 = CARTESIAN_POINT ( 'NONE',  ( 2.134980403403889060, -10.21865440045518270, 3.719999999999999751 ) ) ;
#6343 = CARTESIAN_POINT ( 'NONE',  ( 3.695472489205327449, -7.311899932428668869, 3.720000000000000639 ) ) ;
#6344 = CARTESIAN_POINT ( 'NONE',  ( 0.7681262319355074419, 5.204752014588663656, 3.720000000000000195 ) ) ;
#6345 = VECTOR ( 'NONE', #4071, 1000.000000000000000 ) ;
#6346 = VECTOR ( 'NONE', #7512, 1000.000000000000000 ) ;
#6347 = VECTOR ( 'NONE', #4776, 1000.000000000000000 ) ;
#6348 = VECTOR ( 'NONE', #2878, 1000.000000000000000 ) ;
#6349 = CARTESIAN_POINT ( 'NONE',  ( 1.774667723010896703, -11.38513963700563636, 3.319999999999999396 ) ) ;
#6350 = CARTESIAN_POINT ( 'NONE',  ( 0.8701904552719090802, -5.434192765812433379, 3.319999999999999396 ) ) ;
#6351 = ADVANCED_FACE ( 'NONE', ( #3491 ), #4791, .F. ) ;
#6352 = AXIS2_PLACEMENT_3D ( 'NONE', #7896, #3817, #6684 ) ;
#6353 = CARTESIAN_POINT ( 'NONE',  ( 3.392552926481703590, -5.663990989986080749, 3.720000000000001084 ) ) ;
#6354 = VERTEX_POINT ( 'NONE', #3451 ) ;
#6355 = CARTESIAN_POINT ( 'NONE',  ( 11.49999999999999645, 13.19999999999999929, 3.720000000000000195 ) ) ;
#6356 = CARTESIAN_POINT ( 'NONE',  ( -3.900000000000004796, 16.60000000000000142, 2.720000000000000195 ) ) ;
#6357 = CIRCLE ( 'NONE', #2836, 1.799999999999999600 ) ;
#6358 = AXIS2_PLACEMENT_3D ( 'NONE', #2923, #1124, #6597 ) ;
#6359 = ADVANCED_FACE ( 'NONE', ( #2795 ), #1117, .F. ) ;
#6360 = ORIENTED_EDGE ( 'NONE', *, *, #4352, .F. ) ;
#6361 = VERTEX_POINT ( 'NONE', #1693 ) ;
#6362 = EDGE_CURVE ( 'NONE', #4401, #641, #7933, .T. ) ;
#6363 = CARTESIAN_POINT ( 'NONE',  ( -4.400000000000001243, 4.899999999999999467, 2.720000000000000195 ) ) ;
#6364 = CARTESIAN_POINT ( 'NONE',  ( 13.49999999999999822, -3.099999999999999645, 1.180000000000000160 ) ) ;
#6365 = DIRECTION ( 'NONE',  ( 1.000000000000000000, 0.000000000000000000, 0.000000000000000000 ) ) ;
#6366 = ORIENTED_EDGE ( 'NONE', *, *, #393, .F. ) ;
#6367 = CARTESIAN_POINT ( 'NONE',  ( 4.599351801395302530, -0.3032843649979909961, 3.320000000000001616 ) ) ;
#6368 = CARTESIAN_POINT ( 'NONE',  ( 2.145222136040061400, 4.989495655152266451, 3.720000000000000639 ) ) ;
#6369 = CARTESIAN_POINT ( 'NONE',  ( -11.70000000000000462, 15.80000000000000071, 3.520000000000001350 ) ) ;
#6370 = ORIENTED_EDGE ( 'NONE', *, *, #3571, .F. ) ;
#6371 = CARTESIAN_POINT ( 'NONE',  ( -1.900000000000004130, 17.39999999999999503, 1.180000000000000160 ) ) ;
#6372 = ORIENTED_EDGE ( 'NONE', *, *, #2846, .F. ) ;
#6373 = CARTESIAN_POINT ( 'NONE',  ( -5.000000000000002665, 15.80000000000000426, 2.720000000000000195 ) ) ;
#6374 = CARTESIAN_POINT ( 'NONE',  ( 4.439164516495902824, -0.7254709837615080925, 3.720000000000000195 ) ) ;
#6375 = ORIENTED_EDGE ( 'NONE', *, *, #4504, .T. ) ;
#6376 = PLANE ( 'NONE',  #199 ) ;
#6377 = DIRECTION ( 'NONE',  ( 0.000000000000000000, 1.000000000000000000, 0.000000000000000000 ) ) ;
#6378 = LINE ( 'NONE', #4456, #5623 ) ;
#6379 = CARTESIAN_POINT ( 'NONE',  ( 4.441569564720878383, 0.3669105947799977674, 3.719999999999999751 ) ) ;
#6380 = CARTESIAN_POINT ( 'NONE',  ( 3.819839896776485944, 6.397882500131513162, 3.719999999999999751 ) ) ;
#6381 = ORIENTED_EDGE ( 'NONE', *, *, #1971, .T. ) ;
#6382 = EDGE_LOOP ( 'NONE', ( #5965, #3977, #1566, #2444 ) ) ;
#6383 = CARTESIAN_POINT ( 'NONE',  ( 4.522619889024491080, 5.216160333055366749, 3.719999999999999751 ) ) ;
#6384 = CARTESIAN_POINT ( 'NONE',  ( -11.70000000000000107, 15.80000000000000071, -1.500000000000000000 ) ) ;
#6385 = VECTOR ( 'NONE', #3034, 1000.000000000000227 ) ;
#6386 = FACE_OUTER_BOUND ( 'NONE', #5285, .T. ) ;
#6387 = LINE ( 'NONE', #791, #4687 ) ;
#6388 = DIRECTION ( 'NONE',  ( 0.000000000000000000, 0.000000000000000000, 1.000000000000000000 ) ) ;
#6389 = CARTESIAN_POINT ( 'NONE',  ( 1.874290189447911814, 4.988193185642730398, 3.719999999999999751 ) ) ;
#6390 = CARTESIAN_POINT ( 'NONE',  ( -0.6402264963124243424, -13.30083205727703621, 3.719999999999998419 ) ) ;
#6391 = CARTESIAN_POINT ( 'NONE',  ( 0.7280575301023723966, -5.495202793758052984, 3.719999999999998419 ) ) ;
#6392 = PLANE ( 'NONE',  #7289 ) ;
#6393 = EDGE_LOOP ( 'NONE', ( #3948, #1105, #1760, #6534 ) ) ;
#6394 = CARTESIAN_POINT ( 'NONE',  ( -0.6658044171748163098, 1.554336689283740913, 3.720000000000000195 ) ) ;
#6395 = CARTESIAN_POINT ( 'NONE',  ( 0.3793862580545635521, 7.246384824975100614, 3.720000000000000639 ) ) ;
#6396 = ADVANCED_FACE ( 'NONE', ( #7846 ), #2188, .T. ) ;
#6397 = ORIENTED_EDGE ( 'NONE', *, *, #5784, .T. ) ;
#6398 = VERTEX_POINT ( 'NONE', #7884 ) ;
#6399 = CARTESIAN_POINT ( 'NONE',  ( 12.50000000000000000, -16.60000000000000142, -2.000000000000000000 ) ) ;
#6400 = DIRECTION ( 'NONE',  ( 1.000000000000000000, 0.000000000000000000, 0.000000000000000000 ) ) ;
#6401 =( NAMED_UNIT ( * ) PLANE_ANGLE_UNIT ( ) SI_UNIT ( $, .RADIAN. ) );
#6402 = ADVANCED_FACE ( 'NONE', ( #6062 ), #462, .T. ) ;
#6403 = DIRECTION ( 'NONE',  ( 0.000000000000000000, 0.000000000000000000, 1.000000000000000000 ) ) ;
#6404 = CARTESIAN_POINT ( 'NONE',  ( 2.346927279405215838, 5.001552975777673993, 3.720000000000000639 ) ) ;
#6405 = CARTESIAN_POINT ( 'NONE',  ( 2.885129675213251588, -7.907318041715490686, 3.319999999999999396 ) ) ;
#6406 = EDGE_CURVE ( 'NONE', #6912, #4096, #7163, .T. ) ;
#6407 = ORIENTED_EDGE ( 'NONE', *, *, #4749, .F. ) ;
#6408 = CYLINDRICAL_SURFACE ( 'NONE', #6081, 0.5999999999999998668 ) ;
#6409 = VERTEX_POINT ( 'NONE', #6552 ) ;
#6410 = DIRECTION ( 'NONE',  ( -0.000000000000000000, -1.000000000000000000, 0.000000000000000000 ) ) ;
#6411 = DIRECTION ( 'NONE',  ( -0.000000000000000000, -0.000000000000000000, 1.000000000000000000 ) ) ;
#6412 = ORIENTED_EDGE ( 'NONE', *, *, #7878, .F. ) ;
#6413 = DIRECTION ( 'NONE',  ( -3.469446951953613696E-16, 1.000000000000000000, -0.000000000000000000 ) ) ;
#6414 = DIRECTION ( 'NONE',  ( -1.000000000000000000, -1.387778780781445676E-16, 0.000000000000000000 ) ) ;
#6415 = CARTESIAN_POINT ( 'NONE',  ( 1.553751428585089966, 7.697144507754512865, 3.319999999999998952 ) ) ;
#6416 = CARTESIAN_POINT ( 'NONE',  ( -3.700000000000003730, -4.899999999999999467, 1.180000000000000160 ) ) ;
#6417 = AXIS2_PLACEMENT_3D ( 'NONE', #6149, #2477, #1285 ) ;
#6418 = CARTESIAN_POINT ( 'NONE',  ( 3.790240772047972495, 6.692307756220304604, 3.720000000000000195 ) ) ;
#6419 = EDGE_CURVE ( 'NONE', #2017, #5225, #957, .T. ) ;
#6420 = VERTEX_POINT ( 'NONE', #6180 ) ;
#6421 = ORIENTED_EDGE ( 'NONE', *, *, #2115, .F. ) ;
#6422 = DIRECTION ( 'NONE',  ( -1.000000000000000000, 0.000000000000000000, 0.000000000000000000 ) ) ;
#6423 = CARTESIAN_POINT ( 'NONE',  ( -11.69999999999999929, -16.60000000000000853, -0.5000000000000000000 ) ) ;
#6424 = CARTESIAN_POINT ( 'NONE',  ( -11.69999999999999929, 16.59999999999999787, -2.000000000000000000 ) ) ;
#6425 = CARTESIAN_POINT ( 'NONE',  ( 2.465469750631533064, -10.64443506640790815, 3.719999999999999751 ) ) ;
#6426 = DIRECTION ( 'NONE',  ( -0.000000000000000000, -0.000000000000000000, 1.000000000000000000 ) ) ;
#6427 = CARTESIAN_POINT ( 'NONE',  ( 11.70000000000000107, 16.60000000000000853, -1.500000000000000000 ) ) ;
#6428 = VECTOR ( 'NONE', #5802, 1000.000000000000000 ) ;
#6429 = CARTESIAN_POINT ( 'NONE',  ( 1.875240657404364519, -11.77203934974112265, 3.320000000000000728 ) ) ;
#6430 = CARTESIAN_POINT ( 'NONE',  ( -13.50000000000000355, 15.80000000000000071, -1.800000000000010481 ) ) ;
#6431 = LINE ( 'NONE', #5284, #3775 ) ;
#6432 = ORIENTED_EDGE ( 'NONE', *, *, #2070, .T. ) ;
#6433 = CARTESIAN_POINT ( 'NONE',  ( -0.4716627098345935742, 1.270499813555870494, 3.720000000000000639 ) ) ;
#6434 = EDGE_CURVE ( 'NONE', #40, #5006, #90, .T. ) ;
#6435 = AXIS2_PLACEMENT_3D ( 'NONE', #91, #1273, #210 ) ;
#6436 = CARTESIAN_POINT ( 'NONE',  ( -12.50000000000000000, -15.80000000000000426, -2.000000000000000000 ) ) ;
#6437 = ORIENTED_EDGE ( 'NONE', *, *, #858, .F. ) ;
#6438 = EDGE_LOOP ( 'NONE', ( #5878, #3709, #3082, #960 ) ) ;
#6439 = DIRECTION ( 'NONE',  ( -1.000000000000000000, 0.000000000000000000, 0.000000000000000000 ) ) ;
#6440 = CARTESIAN_POINT ( 'NONE',  ( 0.7681262319355069978, -7.790958769725062183, 3.719999999999999307 ) ) ;
#6441 = VECTOR ( 'NONE', #3920, 1000.000000000000000 ) ;
#6442 = CARTESIAN_POINT ( 'NONE',  ( 1.396190965030241316, 5.023523298888383337, 3.319999999999999840 ) ) ;
#6443 = EDGE_CURVE ( 'NONE', #523, #5724, #4307, .T. ) ;
#6444 = ORIENTED_EDGE ( 'NONE', *, *, #6362, .F. ) ;
#6445 = B_SPLINE_SURFACE_WITH_KNOTS ( 'NONE', 3, 1, ( 
 ( #4168, #6611 ),
 ( #4203, #3508 ),
 ( #2241, #1139 ),
 ( #482, #4725 ),
 ( #3586, #2405 ),
 ( #4884, #2326 ),
 ( #4244, #7215 ),
 ( #4808, #2977 ),
 ( #2893, #5376 ),
 ( #2932, #7861 ),
 ( #5461, #6120 ) ),
 .UNSPECIFIED., .F., .F., .F.,
 ( 4, 1, 1, 1, 1, 1, 1, 1, 4 ),
 ( 2, 2 ),
 ( 0.000000000000000000, 0.2329775814554020941, 0.4270831855953208800, 0.5828747919909919029, 0.7049663042965282900, 0.7977701322591704836, 0.8733553273976367715, 0.9360622281519258570, 1.000000000000000000 ),
 ( 0.000000000000000000, 1.000000000000000000 ),
 .UNSPECIFIED. ) ;
#6446 = DIRECTION ( 'NONE',  ( -0.000000000000000000, -0.000000000000000000, 1.000000000000000000 ) ) ;
#6447 = ORIENTED_EDGE ( 'NONE', *, *, #4733, .F. ) ;
#6448 = EDGE_CURVE ( 'NONE', #2205, #5088, #2542, .T. ) ;
#6449 = CARTESIAN_POINT ( 'NONE',  ( 4.186240696848508414, -8.394996592414681658, 3.719999999999999307 ) ) ;
#6450 = EDGE_LOOP ( 'NONE', ( #3467, #1460, #3520, #2683 ) ) ;
#6451 = CARTESIAN_POINT ( 'NONE',  ( -11.70000000000000107, 15.80000000000000071, -0.5000000000000000000 ) ) ;
#6452 = CARTESIAN_POINT ( 'NONE',  ( 4.535136223212367312, -0.6366925080274890014, 3.719999999999999307 ) ) ;
#6453 = EDGE_LOOP ( 'NONE', ( #3194, #6462, #505, #6654 ) ) ;
#6454 = FACE_OUTER_BOUND ( 'NONE', #3800, .T. ) ;
#6455 = PLANE ( 'NONE',  #6602 ) ;
#6456 = EDGE_CURVE ( 'NONE', #4689, #580, #2390, .T. ) ;
#6457 = LINE ( 'NONE', #2212, #2913 ) ;
#6458 = CARTESIAN_POINT ( 'NONE',  ( 4.427339920343137614, -12.36580882352940947, 3.319999999999999840 ) ) ;
#6459 = CARTESIAN_POINT ( 'NONE',  ( -3.900000000000004796, 16.29999999999999716, 1.180000000000000160 ) ) ;
#6460 = ORIENTED_EDGE ( 'NONE', *, *, #1763, .F. ) ;
#6461 = VECTOR ( 'NONE', #2697, 1000.000000000000000 ) ;
#6462 = ORIENTED_EDGE ( 'NONE', *, *, #6796, .F. ) ;
#6463 = DIRECTION ( 'NONE',  ( 0.000000000000000000, 0.000000000000000000, -1.000000000000000000 ) ) ;
#6464 = CARTESIAN_POINT ( 'NONE',  ( 4.558044763804675270, 2.855239479219574328, 3.719999999999999307 ) ) ;
#6465 = CARTESIAN_POINT ( 'NONE',  ( 1.876348039215686159, -12.36580882352940947, 3.319999999999999840 ) ) ;
#6466 = ADVANCED_FACE ( 'NONE', ( #3654 ), #1776, .F. ) ;
#6467 = CARTESIAN_POINT ( 'NONE',  ( -0.6880006951354040723, 2.638053515328516063, 3.720000000000000195 ) ) ;
#6468 = CARTESIAN_POINT ( 'NONE',  ( 9.099999999999997868, -2.500000000000000000, 2.720000000000000195 ) ) ;
#6469 = CARTESIAN_POINT ( 'NONE',  ( 13.29999999999999716, -3.099999999999999645, 3.520000000000008455 ) ) ;
#6470 = AXIS2_PLACEMENT_3D ( 'NONE', #6053, #1109, #334 ) ;
#6471 = CARTESIAN_POINT ( 'NONE',  ( 1.339058118298168676, -11.01670192371569534, 3.319999999999999840 ) ) ;
#6472 = PLANE ( 'NONE',  #3838 ) ;
#6473 = CIRCLE ( 'NONE', #2824, 0.2999999999999999334 ) ;
#6474 = FACE_OUTER_BOUND ( 'NONE', #7801, .T. ) ;
#6475 = VECTOR ( 'NONE', #2521, 999.9999999999998863 ) ;
#6476 = ORIENTED_EDGE ( 'NONE', *, *, #1824, .T. ) ;
#6477 = DIRECTION ( 'NONE',  ( 0.000000000000000000, 0.000000000000000000, -1.000000000000000000 ) ) ;
#6478 = AXIS2_PLACEMENT_3D ( 'NONE', #4182, #949, #3482 ) ;
#6479 = CARTESIAN_POINT ( 'NONE',  ( 4.504828475912121100, -3.240154589817924702, 3.720000000000000639 ) ) ;
#6480 = VECTOR ( 'NONE', #4619, 1000.000000000000000 ) ;
#6481 = AXIS2_PLACEMENT_3D ( 'NONE', #7459, #1248, #3750 ) ;
#6482 = AXIS2_PLACEMENT_3D ( 'NONE', #6644, #6028, #6299 ) ;
#6483 = DIRECTION ( 'NONE',  ( -1.000000000000000000, -0.000000000000000000, -0.000000000000000000 ) ) ;
#6484 = ORIENTED_EDGE ( 'NONE', *, *, #7975, .F. ) ;
#6485 = FACE_OUTER_BOUND ( 'NONE', #3852, .T. ) ;
#6486 = CARTESIAN_POINT ( 'NONE',  ( -3.300000000000004263, -16.30000000000000071, 1.180000000000000160 ) ) ;
#6487 = LINE ( 'NONE', #4082, #2924 ) ;
#6488 = AXIS2_PLACEMENT_3D ( 'NONE', #3882, #6278, #4483 ) ;
#6489 = VECTOR ( 'NONE', #7691, 1000.000000000000000 ) ;
#6490 = CARTESIAN_POINT ( 'NONE',  ( -0.6916666666666668739, -11.82837392769607554, 3.720000000000000639 ) ) ;
#6491 = EDGE_CURVE ( 'NONE', #6217, #6222, #1280, .T. ) ;
#6492 = ORIENTED_EDGE ( 'NONE', *, *, #3898, .F. ) ;
#6493 = DIRECTION ( 'NONE',  ( 0.000000000000000000, 0.000000000000000000, 1.000000000000000000 ) ) ;
#6494 = VERTEX_POINT ( 'NONE', #1236 ) ;
#6495 = CARTESIAN_POINT ( 'NONE',  ( 4.599999999999999645, 2.456207873774511441, 3.720000000000000195 ) ) ;
#6496 = CARTESIAN_POINT ( 'NONE',  ( 1.680340340555279921, -9.168598744091152497, 3.320000000000000728 ) ) ;
#6497 = ORIENTED_EDGE ( 'NONE', *, *, #501, .F. ) ;
#6498 = CARTESIAN_POINT ( 'NONE',  ( 4.599755754264070795, -12.77537030374631932, 3.320000000000000728 ) ) ;
#6499 = CARTESIAN_POINT ( 'NONE',  ( -13.50000000000000355, -3.899999999999999023, 3.520000000000001350 ) ) ;
#6500 = CARTESIAN_POINT ( 'NONE',  ( 3.270389720786871735, -5.577158578375275511, 3.319999999999998952 ) ) ;
#6501 = CYLINDRICAL_SURFACE ( 'NONE', #6952, 0.8000000000000003775 ) ;
#6502 = CARTESIAN_POINT ( 'NONE',  ( -11.69999999999999929, -16.60000000000000853, -1.500000000000000000 ) ) ;
#6503 = EDGE_CURVE ( 'NONE', #3098, #1555, #5395, .T. ) ;
#6504 = ORIENTED_EDGE ( 'NONE', *, *, #5164, .T. ) ;
#6505 = ORIENTED_EDGE ( 'NONE', *, *, #2615, .F. ) ;
#6506 = PLANE ( 'NONE',  #4144 ) ;
#6507 = CARTESIAN_POINT ( 'NONE',  ( 4.599999999999999645, 2.456207873774511441, 3.319999999999999840 ) ) ;
#6508 = CARTESIAN_POINT ( 'NONE',  ( 2.885129675213251588, 5.088392742598235152, 3.320000000000000284 ) ) ;
#6509 = DIRECTION ( 'NONE',  ( -0.000000000000000000, -0.000000000000000000, 1.000000000000000000 ) ) ;
#6510 = FACE_OUTER_BOUND ( 'NONE', #3924, .T. ) ;
#6511 = CARTESIAN_POINT ( 'NONE',  ( 1.935927925857843235, -8.007965686274506112, 3.319999999999999840 ) ) ;
#6512 = ADVANCED_FACE ( 'NONE', ( #627 ), #4911, .T. ) ;
#6513 = CIRCLE ( 'NONE', #5206, 0.5999999999999998668 ) ;
#6514 = CARTESIAN_POINT ( 'NONE',  ( 0.7395579345564770035, -10.98651452360902603, 3.720000000000000639 ) ) ;
#6515 = DIRECTION ( 'NONE',  ( -0.000000000000000000, -0.000000000000000000, 1.000000000000000000 ) ) ;
#6516 = B_SPLINE_SURFACE_WITH_KNOTS ( 'NONE', 3, 1, ( 
 ( #7892, #1005 ),
 ( #4799, #1582 ),
 ( #4837, #6681 ),
 ( #7292, #392 ),
 ( #1701, #4079 ),
 ( #3624, #5330 ),
 ( #1083, #2233 ),
 ( #3580, #2885 ),
 ( #6560, #6069 ),
 ( #965, #7940 ),
 ( #7170, #6723 ) ),
 .UNSPECIFIED., .F., .F., .F.,
 ( 4, 1, 1, 1, 1, 1, 1, 1, 4 ),
 ( 2, 2 ),
 ( 0.000000000000000000, 0.2316484571289949002, 0.4218948593405938974, 0.5755853731645109717, 0.6956200244023659218, 0.7888603435338746861, 0.8649227760575693980, 0.9318049741151038790, 1.000000000000000000 ),
 ( 0.000000000000000000, 1.000000000000000000 ),
 .UNSPECIFIED. ) ;
#6517 = DIRECTION ( 'NONE',  ( 0.000000000000000000, 0.7071067811865470176, 0.7071067811865479058 ) ) ;
#6518 = ORIENTED_EDGE ( 'NONE', *, *, #3748, .F. ) ;
#6519 = CARTESIAN_POINT ( 'NONE',  ( 2.014586592403877940, -5.284771751577046928, 3.719999999999997975 ) ) ;
#6520 = AXIS2_PLACEMENT_3D ( 'NONE', #2751, #4707, #1645 ) ;
#6521 = CARTESIAN_POINT ( 'NONE',  ( -0.2636642156862746278, 2.964460784313727171, 3.719999999999999307 ) ) ;
#6522 = DIRECTION ( 'NONE',  ( -0.000000000000000000, -0.000000000000000000, 1.000000000000000000 ) ) ;
#6523 = CIRCLE ( 'NONE', #1834, 1.399999999999998579 ) ;
#6524 = FACE_OUTER_BOUND ( 'NONE', #4012, .T. ) ;
#6525 = CARTESIAN_POINT ( 'NONE',  ( 4.429771752450980316, -2.249387254901959121, 3.720000000000002860 ) ) ;
#6526 = DIRECTION ( 'NONE',  ( -1.000000000000000000, 0.000000000000000000, 0.000000000000000000 ) ) ;
#6527 = AXIS2_PLACEMENT_3D ( 'NONE', #589, #6880, #1899 ) ;
#6528 = CYLINDRICAL_SURFACE ( 'NONE', #7129, 0.5999999999999998668 ) ;
#6529 = ORIENTED_EDGE ( 'NONE', *, *, #4263, .F. ) ;
#6530 = CARTESIAN_POINT ( 'NONE',  ( 11.70000000000000107, -17.10000000000000497, -1.000000000000001110 ) ) ;
#6531 = ORIENTED_EDGE ( 'NONE', *, *, #4835, .F. ) ;
#6532 = LINE ( 'NONE', #1591, #337 ) ;
#6533 = CARTESIAN_POINT ( 'NONE',  ( -0.5839902617161962795, -7.711026250558245643, 3.319999999999999840 ) ) ;
#6534 = ORIENTED_EDGE ( 'NONE', *, *, #7785, .F. ) ;
#6535 = CARTESIAN_POINT ( 'NONE',  ( 4.440606457774841864, -12.36681253614326614, 3.319999999999998952 ) ) ;
#6536 = CARTESIAN_POINT ( 'NONE',  ( 3.742203814327879741, -6.146664884080451863, 3.319999999999998952 ) ) ;
#6537 = EDGE_CURVE ( 'NONE', #6697, #3754, #4345, .T. ) ;
#6538 = CARTESIAN_POINT ( 'NONE',  ( -12.50000000000000355, -15.80000000000000426, -0.5000000000000000000 ) ) ;
#6539 = CARTESIAN_POINT ( 'NONE',  ( 9.099999999999997868, -3.299999999999998490, 3.720000000000000195 ) ) ;
#6540 = CONICAL_SURFACE ( 'NONE', #3021, 1.600000000000000755, 0.7853981633974492782 ) ;
#6541 = ORIENTED_EDGE ( 'NONE', *, *, #1920, .T. ) ;
#6542 = ORIENTED_EDGE ( 'NONE', *, *, #1057, .F. ) ;
#6543 = DIRECTION ( 'NONE',  ( 0.000000000000000000, 0.000000000000000000, -1.000000000000000000 ) ) ;
#6544 = CYLINDRICAL_SURFACE ( 'NONE', #6478, 0.2999999999999999334 ) ;
#6545 = CARTESIAN_POINT ( 'NONE',  ( 0.5167474395479867422, 5.367759049040298436, 3.320000000000001172 ) ) ;
#6546 = VECTOR ( 'NONE', #7120, 1000.000000000000000 ) ;
#6547 = CARTESIAN_POINT ( 'NONE',  ( -12.50000000000000178, 4.299999999999999822, 1.200000000000000178 ) ) ;
#6548 = ADVANCED_FACE ( 'NONE', ( #3779 ), #6106, .T. ) ;
#6549 = CARTESIAN_POINT ( 'NONE',  ( 0.9111222575578870053, -7.852334575879552858, 3.720000000000000639 ) ) ;
#6550 = ORIENTED_EDGE ( 'NONE', *, *, #6213, .F. ) ;
#6551 = DIRECTION ( 'NONE',  ( -0.000000000000000000, 0.7071067811865470176, -0.7071067811865480168 ) ) ;
#6552 = CARTESIAN_POINT ( 'NONE',  ( 11.49999999999999645, 13.19999999999999929, 3.720000000000000195 ) ) ;
#6553 = EDGE_CURVE ( 'NONE', #4124, #6215, #7969, .T. ) ;
#6554 = EDGE_LOOP ( 'NONE', ( #1176, #3574, #6797, #7998 ) ) ;
#6555 = CARTESIAN_POINT ( 'NONE',  ( 4.424908088235294024, -0.7307081035539197966, 3.720000000000000195 ) ) ;
#6556 = EDGE_CURVE ( 'NONE', #465, #374, #2428, .T. ) ;
#6557 = CARTESIAN_POINT ( 'NONE',  ( 1.846507268213797959, -10.01339988415634963, 3.319999999999999396 ) ) ;
#6558 = VECTOR ( 'NONE', #7730, 1000.000000000000000 ) ;
#6559 = CARTESIAN_POINT ( 'NONE',  ( 4.575443932046577622, -3.083020619186619626, 3.720000000000000195 ) ) ;
#6560 = CARTESIAN_POINT ( 'NONE',  ( 4.469108802700852756, 1.956146734767426398, 3.319999999999999840 ) ) ;
#6561 = VECTOR ( 'NONE', #1440, 1000.000000000000000 ) ;
#6562 = CARTESIAN_POINT ( 'NONE',  ( -2.100000000000009859, 17.60000000000000142, 1.180000000000000160 ) ) ;
#6563 = DIRECTION ( 'NONE',  ( 0.7071067811865483499, 0.000000000000000000, -0.7071067811865467956 ) ) ;
#6564 = CARTESIAN_POINT ( 'NONE',  ( 0.9111222575578867833, 5.143376208434174757, 3.319999999999999396 ) ) ;
#6565 = EDGE_CURVE ( 'NONE', #7461, #3435, #6997, .T. ) ;
#6566 = CARTESIAN_POINT ( 'NONE',  ( -0.3703828845875279385, -1.429913209860735002, 3.320000000000000728 ) ) ;
#6567 = ORIENTED_EDGE ( 'NONE', *, *, #509, .F. ) ;
#6568 = CARTESIAN_POINT ( 'NONE',  ( 4.676200771276228352, -6.794164315771696216, 3.720000000000000195 ) ) ;
#6569 = ORIENTED_EDGE ( 'NONE', *, *, #6406, .T. ) ;
#6570 = CARTESIAN_POINT ( 'NONE',  ( 0.1564578703581391839, 4.319202680805410921, 3.720000000000000195 ) ) ;
#6571 = CARTESIAN_POINT ( 'NONE',  ( -0.7694852941176472116, -6.595071231617643193, 3.720000000000001084 ) ) ;
#6572 = ORIENTED_EDGE ( 'NONE', *, *, #7249, .T. ) ;
#6573 = DIRECTION ( 'NONE',  ( 0.000000000000000000, 1.000000000000000000, 0.000000000000000000 ) ) ;
#6574 = CARTESIAN_POINT ( 'NONE',  ( 0.3659679270342623969, 4.186663798431411898, 3.320000000000000284 ) ) ;
#6575 = CARTESIAN_POINT ( 'NONE',  ( 9.500000000000001776, -4.800000000000000711, 1.180000000000000160 ) ) ;
#6576 = CARTESIAN_POINT ( 'NONE',  ( 1.569657018904940360, 8.873935356035000055, 3.720000000000001084 ) ) ;
#6577 = VECTOR ( 'NONE', #282, 1000.000000000000000 ) ;
#6578 = LINE ( 'NONE', #983, #4004 ) ;
#6579 = ORIENTED_EDGE ( 'NONE', *, *, #1552, .F. ) ;
#6580 = ORIENTED_EDGE ( 'NONE', *, *, #2598, .F. ) ;
#6581 = CARTESIAN_POINT ( 'NONE',  ( 2.346927279405215838, 5.001552975777673993, 3.719999999999999751 ) ) ;
#6582 = CARTESIAN_POINT ( 'NONE',  ( -0.7647935289299603312, -6.304901350054332276, 3.719999999999999751 ) ) ;
#6583 = CARTESIAN_POINT ( 'NONE',  ( 0.1203997042369234632, 6.006902941922199091, 3.320000000000000728 ) ) ;
#6584 = CARTESIAN_POINT ( 'NONE',  ( -4.400000000000003020, 15.80000000000000426, 2.720000000000000195 ) ) ;
#6585 = CARTESIAN_POINT ( 'NONE',  ( -1.800000000000003375, -2.699999999999999289, 2.720000000000000195 ) ) ;
#6586 = AXIS2_PLACEMENT_3D ( 'NONE', #1517, #2898, #367 ) ;
#6587 = ORIENTED_EDGE ( 'NONE', *, *, #3075, .F. ) ;
#6588 = ORIENTED_EDGE ( 'NONE', *, *, #7033, .T. ) ;
#6589 = ADVANCED_FACE ( 'NONE', ( #1199 ), #665, .T. ) ;
#6590 = CARTESIAN_POINT ( 'NONE',  ( 0.3345824613392658353, -11.22986195095823270, 3.319999999999999396 ) ) ;
#6591 = CARTESIAN_POINT ( 'NONE',  ( -0.6916666666666668739, -2.154545802696076873, 3.720000000000000195 ) ) ;
#6592 = EDGE_LOOP ( 'NONE', ( #4286, #4820, #437, #685 ) ) ;
#6593 = ORIENTED_EDGE ( 'NONE', *, *, #4547, .T. ) ;
#6594 = LINE ( 'NONE', #3576, #3376 ) ;
#6595 = CARTESIAN_POINT ( 'NONE',  ( -4.400000000000001243, 5.500000000000001776, 2.720000000000000195 ) ) ;
#6596 = AXIS2_PLACEMENT_3D ( 'NONE', #7343, #6693, #3633 ) ;
#6597 = DIRECTION ( 'NONE',  ( 0.000000000000000000, -1.000000000000000000, 0.000000000000000000 ) ) ;
#6598 = EDGE_CURVE ( 'NONE', #5146, #2367, #3480, .T. ) ;
#6599 = ADVANCED_FACE ( 'NONE', ( #5680 ), #749, .T. ) ;
#6600 = CARTESIAN_POINT ( 'NONE',  ( 4.600000000000000533, -0.1811140471813708352, 3.720000000000000639 ) ) ;
#6601 = AXIS2_PLACEMENT_3D ( 'NONE', #6451, #859, #205 ) ;
#6602 = AXIS2_PLACEMENT_3D ( 'NONE', #5110, #7105, #7596 ) ;
#6603 = CARTESIAN_POINT ( 'NONE',  ( -0.6907797999513707321, -11.76676649463742130, 3.319999999999998952 ) ) ;
#6604 = CARTESIAN_POINT ( 'NONE',  ( 4.589829414779988959, -2.518470760864282010, 3.320000000000001172 ) ) ;
#6605 = CARTESIAN_POINT ( 'NONE',  ( 0.1203997042369234632, 6.006902941922199091, 3.320000000000000728 ) ) ;
#6606 = DIRECTION ( 'NONE',  ( -1.000000000000000000, -1.482669637587014767E-16, -0.000000000000000000 ) ) ;
#6607 = ADVANCED_FACE ( 'NONE', ( #3815 ), #7071, .T. ) ;
#6608 = AXIS2_PLACEMENT_3D ( 'NONE', #4830, #4674, #1735 ) ;
#6609 = VERTEX_POINT ( 'NONE', #3285 ) ;
#6610 = EDGE_CURVE ( 'NONE', #6420, #7196, #3939, .T. ) ;
#6611 = CARTESIAN_POINT ( 'NONE',  ( 4.599999999999999645, -12.91297104779411598, 3.720000000000000195 ) ) ;
#6612 = ORIENTED_EDGE ( 'NONE', *, *, #2268, .F. ) ;
#6613 = CARTESIAN_POINT ( 'NONE',  ( 4.505787159548751752, 1.976345591718288608, 3.319999999999998952 ) ) ;
#6614 = CARTESIAN_POINT ( 'NONE',  ( 1.883173295279584769, -9.172994873133347937, 3.720000000000001528 ) ) ;
#6615 = VECTOR ( 'NONE', #1918, 1000.000000000000000 ) ;
#6616 = EDGE_LOOP ( 'NONE', ( #4778, #5875, #3615, #1732 ) ) ;
#6617 = CARTESIAN_POINT ( 'NONE',  ( 1.680340340555279699, 3.827112040222575118, 3.719999999999999751 ) ) ;
#6618 = DIRECTION ( 'NONE',  ( 0.000000000000000000, 1.000000000000000000, 0.000000000000000000 ) ) ;
#6619 = CONICAL_SURFACE ( 'NONE', #3095, 1.399999999999998801, 0.7853981633974488341 ) ;
#6620 = ORIENTED_EDGE ( 'NONE', *, *, #2422, .T. ) ;
#6621 = CARTESIAN_POINT ( 'NONE',  ( 4.428555836397059409, 2.964460784313727171, 3.319999999999999840 ) ) ;
#6622 =( GEOMETRIC_REPRESENTATION_CONTEXT ( 3 ) GLOBAL_UNCERTAINTY_ASSIGNED_CONTEXT ( ( #382 ) ) GLOBAL_UNIT_ASSIGNED_CONTEXT ( ( #7147, #5919, #35 ) ) REPRESENTATION_CONTEXT ( 'NONE', 'WORKASPACE' ) );
#6623 = CARTESIAN_POINT ( 'NONE',  ( 4.440606457774841864, -12.36681253614326614, 3.319999999999998952 ) ) ;
#6624 = FACE_OUTER_BOUND ( 'NONE', #1691, .T. ) ;
#6625 = VERTEX_POINT ( 'NONE', #2748 ) ;
#6626 = ORIENTED_EDGE ( 'NONE', *, *, #5164, .F. ) ;
#6627 = DIRECTION ( 'NONE',  ( -0.000000000000000000, 0.000000000000000000, -1.000000000000000000 ) ) ;
#6628 = CARTESIAN_POINT ( 'NONE',  ( 9.099999999999997868, -2.500000000000000000, 3.720000000000000195 ) ) ;
#6629 = CARTESIAN_POINT ( 'NONE',  ( 1.226054338099080931, 5.052794362021231223, 3.719999999999996643 ) ) ;
#6630 = DIRECTION ( 'NONE',  ( 1.257045997084642858E-16, -1.000000000000000000, 0.000000000000000000 ) ) ;
#6631 = CARTESIAN_POINT ( 'NONE',  ( 1.226054338099081154, -7.942916422292493728, 3.719999999999999307 ) ) ;
#6632 = ORIENTED_EDGE ( 'NONE', *, *, #7391, .T. ) ;
#6633 = AXIS2_PLACEMENT_3D ( 'NONE', #5087, #1900, #1827 ) ;
#6634 = ORIENTED_EDGE ( 'NONE', *, *, #4539, .T. ) ;
#6635 = CARTESIAN_POINT ( 'NONE',  ( -0.5435821929177808709, -13.40168562523410678, 3.320000000000000728 ) ) ;
#6636 = CYLINDRICAL_SURFACE ( 'NONE', #7894, 0.2999999999999999334 ) ;
#6637 = ORIENTED_EDGE ( 'NONE', *, *, #1126, .F. ) ;
#6638 = CARTESIAN_POINT ( 'NONE',  ( 11.69999999999999751, 15.80000000000000071, -2.000000000000000000 ) ) ;
#6639 = LINE ( 'NONE', #809, #3429 ) ;
#6640 = EDGE_CURVE ( 'NONE', #81, #3632, #2176, .T. ) ;
#6641 = CYLINDRICAL_SURFACE ( 'NONE', #3885, 0.2999999999999999334 ) ;
#6642 = DIRECTION ( 'NONE',  ( 0.000000000000000000, -0.000000000000000000, 1.000000000000000000 ) ) ;
#6643 = CARTESIAN_POINT ( 'NONE',  ( 4.261889006266472713, -5.136666990335138294, 3.319999999999999396 ) ) ;
#6644 = CARTESIAN_POINT ( 'NONE',  ( 13.29999999999999716, 0.000000000000000000, 3.720000000000000195 ) ) ;
#6645 = CARTESIAN_POINT ( 'NONE',  ( 0.9726137913909583821, -9.799211183144089787, 3.720000000000000195 ) ) ;
#6646 = ADVANCED_FACE ( 'NONE', ( #3197 ), #5158, .T. ) ;
#6647 = CARTESIAN_POINT ( 'NONE',  ( 0.8488461039849622969, -9.798971836148258063, 3.720000000000000639 ) ) ;
#6648 = VERTEX_POINT ( 'NONE', #7646 ) ;
#6649 = CARTESIAN_POINT ( 'NONE',  ( -11.70000000000000107, 15.80000000000000071, -2.000000000000000000 ) ) ;
#6650 = ORIENTED_EDGE ( 'NONE', *, *, #2117, .T. ) ;
#6651 = DIRECTION ( 'NONE',  ( -1.000000000000000000, 0.000000000000000000, 0.000000000000000000 ) ) ;
#6652 = CARTESIAN_POINT ( 'NONE',  ( 1.680340340555279921, -9.168598744091152497, 3.320000000000000728 ) ) ;
#6653 = EDGE_CURVE ( 'NONE', #6845, #1028, #6339, .T. ) ;
#6654 = ORIENTED_EDGE ( 'NONE', *, *, #6031, .F. ) ;
#6655 = VECTOR ( 'NONE', #6186, 1000.000000000000000 ) ;
#6656 = CARTESIAN_POINT ( 'NONE',  ( -0.2018245391134902145, 4.647268691925457773, 3.720000000000000195 ) ) ;
#6657 = LINE ( 'NONE', #6778, #3546 ) ;
#6658 = ADVANCED_FACE ( 'NONE', ( #833 ), #2711, .F. ) ;
#6659 = DIRECTION ( 'NONE',  ( 0.000000000000000000, 0.000000000000000000, 1.000000000000000000 ) ) ;
#6660 = CARTESIAN_POINT ( 'NONE',  ( 12.50000000000000000, -5.099999999999999645, 2.720000000000000195 ) ) ;
#6661 = VERTEX_POINT ( 'NONE', #7035 ) ;
#6662 = ORIENTED_EDGE ( 'NONE', *, *, #2846, .T. ) ;
#6663 = CARTESIAN_POINT ( 'NONE',  ( 2.628261615045363264, -9.140356927990254121, 3.320000000000000728 ) ) ;
#6664 = FACE_OUTER_BOUND ( 'NONE', #3333, .T. ) ;
#6665 = CARTESIAN_POINT ( 'NONE',  ( 4.388927285258672484, -5.349877870210875130, 3.720000000000001084 ) ) ;
#6666 = CARTESIAN_POINT ( 'NONE',  ( 1.396190965030241316, 5.023523298888383337, 3.319999999999999840 ) ) ;
#6667 = DIRECTION ( 'NONE',  ( -0.000000000000000000, -0.000000000000000000, 1.000000000000000000 ) ) ;
#6668 = EDGE_CURVE ( 'NONE', #2502, #7809, #6991, .T. ) ;
#6669 = CARTESIAN_POINT ( 'NONE',  ( 1.062979278766167823, -7.905839093357037051, 3.719999999999998863 ) ) ;
#6670 = ORIENTED_EDGE ( 'NONE', *, *, #6800, .F. ) ;
#6671 = VERTEX_POINT ( 'NONE', #4624 ) ;
#6672 = LINE ( 'NONE', #956, #6348 ) ;
#6673 = LINE ( 'NONE', #5325, #5559 ) ;
#6674 = CONICAL_SURFACE ( 'NONE', #1586, 1.399999999999998801, 0.7853981633974488341 ) ;
#6675 = ORIENTED_EDGE ( 'NONE', *, *, #4147, .F. ) ;
#6676 = ORIENTED_EDGE ( 'NONE', *, *, #4033, .T. ) ;
#6677 = CARTESIAN_POINT ( 'NONE',  ( 3.053354779411764586, -0.1482843137254885590, 3.319999999999999840 ) ) ;
#6678 = CARTESIAN_POINT ( 'NONE',  ( 9.099999999999996092, 10.70000000000000107, 2.720000000000000195 ) ) ;
#6679 = PLANE ( 'NONE',  #7405 ) ;
#6680 = AXIS2_PLACEMENT_3D ( 'NONE', #1022, #5920, #5268 ) ;
#6681 = CARTESIAN_POINT ( 'NONE',  ( 4.599698685512344731, 2.330352783295121633, 3.720000000000000639 ) ) ;
#6682 = EDGE_CURVE ( 'NONE', #3513, #4188, #5199, .T. ) ;
#6683 = CARTESIAN_POINT ( 'NONE',  ( -0.1277339207837065171, -10.15170809159413423, 3.319999999999998952 ) ) ;
#6684 = DIRECTION ( 'NONE',  ( 1.000000000000000000, 0.000000000000000000, 0.000000000000000000 ) ) ;
#6685 = VECTOR ( 'NONE', #8013, 1000.000000000000000 ) ;
#6686 = CARTESIAN_POINT ( 'NONE',  ( 1.998534280465897650, -10.10659455469320633, 3.319999999999999396 ) ) ;
#6687 = CARTESIAN_POINT ( 'NONE',  ( -0.3803387260041215523, -10.45364201701480056, 3.719999999999999307 ) ) ;
#6688 = VERTEX_POINT ( 'NONE', #101 ) ;
#6689 = CIRCLE ( 'NONE', #2909, 0.2999999999999999334 ) ;
#6690 = CARTESIAN_POINT ( 'NONE',  ( 3.185488916432714923, -9.026341288928311002, 3.720000000000001528 ) ) ;
#6691 = EDGE_LOOP ( 'NONE', ( #5216, #5656, #3056, #1558 ) ) ;
#6692 = EDGE_CURVE ( 'NONE', #6671, #2340, #4502, .T. ) ;
#6693 = DIRECTION ( 'NONE',  ( -2.775557561562891351E-16, 1.000000000000000000, 0.000000000000000000 ) ) ;
#6694 = FACE_OUTER_BOUND ( 'NONE', #2254, .T. ) ;
#6695 = ORIENTED_EDGE ( 'NONE', *, *, #358, .T. ) ;
#6696 = CARTESIAN_POINT ( 'NONE',  ( -0.7672072574601828121, 6.297585255155870421, 3.320000000000000284 ) ) ;
#6697 = VERTEX_POINT ( 'NONE', #6423 ) ;
#6698 = CARTESIAN_POINT ( 'NONE',  ( -1.900000000000001688, 17.59999999999999787, 3.520000000000006235 ) ) ;
#6699 = VECTOR ( 'NONE', #2939, 1000.000000000000000 ) ;
#6700 = CARTESIAN_POINT ( 'NONE',  ( 1.190849515199450481, -5.347918996679600134, 3.319999999999999840 ) ) ;
#6701 = CARTESIAN_POINT ( 'NONE',  ( -11.70000000000000107, 6.000000000000001776, 2.720000000000000195 ) ) ;
#6702 = VERTEX_POINT ( 'NONE', #2588 ) ;
#6703 = CARTESIAN_POINT ( 'NONE',  ( 0.4693278649279637449, 8.636832881882462232, 3.320000000000000284 ) ) ;
#6704 = EDGE_LOOP ( 'NONE', ( #6193, #5578, #7848, #5885 ) ) ;
#6705 = EDGE_CURVE ( 'NONE', #2162, #5485, #1401, .T. ) ;
#6706 = CARTESIAN_POINT ( 'NONE',  ( 4.545881599059735656, 0.2742940497700653291, 3.319999999999999840 ) ) ;
#6707 = CARTESIAN_POINT ( 'NONE',  ( 1.893370863970587958, -4.117034313725486783, 3.720000000000000195 ) ) ;
#6708 = CARTESIAN_POINT ( 'NONE',  ( 1.986996400122548856, 3.820465686274513661, 3.319999999999999840 ) ) ;
#6709 = CARTESIAN_POINT ( 'NONE',  ( 3.753962127863435416, 5.823168533006934489, 3.319999999999998952 ) ) ;
#6710 = VECTOR ( 'NONE', #7204, 1000.000000000000227 ) ;
#6711 = CARTESIAN_POINT ( 'NONE',  ( 14.49333333333334473, -4.293333333333304580, -0.01333333333330488993 ) ) ;
#6712 = CARTESIAN_POINT ( 'NONE',  ( 2.207046322889366419, 8.874173642151074404, 3.320000000000000284 ) ) ;
#6713 = ORIENTED_EDGE ( 'NONE', *, *, #3075, .T. ) ;
#6714 = ORIENTED_EDGE ( 'NONE', *, *, #6068, .F. ) ;
#6715 = ADVANCED_FACE ( 'NONE', ( #1445 ), #6304, .T. ) ;
#6716 = LINE ( 'NONE', #6061, #3742 ) ;
#6717 = DIRECTION ( 'NONE',  ( 1.000000000000000000, 0.000000000000000000, 0.000000000000000000 ) ) ;
#6718 = ORIENTED_EDGE ( 'NONE', *, *, #2689, .F. ) ;
#6719 = CARTESIAN_POINT ( 'NONE',  ( 4.431554698943214632, -8.003711630154999312, 3.320000000000001172 ) ) ;
#6720 = CARTESIAN_POINT ( 'NONE',  ( 0.1651700160415826013, -7.147044791183374990, 3.320000000000000284 ) ) ;
#6721 = CARTESIAN_POINT ( 'NONE',  ( -1.800000000000003597, -4.899999999999999467, 2.720000000000000195 ) ) ;
#6722 = CARTESIAN_POINT ( 'NONE',  ( -0.08492455575980373261, -1.321643305759802489, 3.319999999999999840 ) ) ;
#6723 = CARTESIAN_POINT ( 'NONE',  ( 4.429771752450980316, 1.952818627450982003, 3.720000000000000195 ) ) ;
#6724 = PLANE ( 'NONE',  #117 ) ;
#6725 = CARTESIAN_POINT ( 'NONE',  ( -3.500000000000003109, 17.10000000000000497, -1.000000000000001110 ) ) ;
#6726 = ORIENTED_EDGE ( 'NONE', *, *, #4276, .T. ) ;
#6727 = CARTESIAN_POINT ( 'NONE',  ( 2.014586592403878829, 7.710939032736680687, 3.320000000000000728 ) ) ;
#6728 = CARTESIAN_POINT ( 'NONE',  ( -0.5819956713689760086, 2.862091252051493839, 3.720000000000001972 ) ) ;
#6729 = ORIENTED_EDGE ( 'NONE', *, *, #277, .F. ) ;
#6730 = VECTOR ( 'NONE', #6618, 1000.000000000000000 ) ;
#6731 = CARTESIAN_POINT ( 'NONE',  ( -13.30000000000001137, -15.80000000000000071, -2.000000000000000000 ) ) ;
#6732 = ORIENTED_EDGE ( 'NONE', *, *, #5748, .F. ) ;
#6733 = CARTESIAN_POINT ( 'NONE',  ( 13.49999999999999645, 10.89999999999999325, 0.9800000000000081979 ) ) ;
#6734 = CARTESIAN_POINT ( 'NONE',  ( 4.428555836397059409, -13.45526960784313530, 3.720000000000000195 ) ) ;
#6735 = VECTOR ( 'NONE', #5994, 1000.000000000000000 ) ;
#6736 = CARTESIAN_POINT ( 'NONE',  ( -0.2018245391134902145, 4.647268691925457773, 3.319999999999999840 ) ) ;
#6737 = CARTESIAN_POINT ( 'NONE',  ( 1.951734834558823461, -5.284313725490193292, 3.320000000000000284 ) ) ;
#6738 = VECTOR ( 'NONE', #2667, 1000.000000000000000 ) ;
#6739 = CARTESIAN_POINT ( 'NONE',  ( -5.300000000000004263, -16.30000000000000071, 1.180000000000000160 ) ) ;
#6740 = CARTESIAN_POINT ( 'NONE',  ( 3.500820289539123831, 7.230360563971668597, 3.719999999999998863 ) ) ;
#6741 = EDGE_CURVE ( 'NONE', #6309, #3329, #5926, .T. ) ;
#6742 = VERTEX_POINT ( 'NONE', #4065 ) ;
#6743 = VECTOR ( 'NONE', #2725, 1000.000000000000000 ) ;
#6744 = CARTESIAN_POINT ( 'NONE',  ( -0.7694852941176472116, 6.400639552696082646, 3.719999999999998419 ) ) ;
#6745 = ORIENTED_EDGE ( 'NONE', *, *, #5008, .T. ) ;
#6746 = VECTOR ( 'NONE', #6875, 1000.000000000000000 ) ;
#6747 = CARTESIAN_POINT ( 'NONE',  ( 3.852128128363635717, -8.706278114697187931, 3.319999999999999840 ) ) ;
#6748 = CARTESIAN_POINT ( 'NONE',  ( 1.893370863970587958, -4.117034313725486783, 3.720000000000000639 ) ) ;
#6749 = CARTESIAN_POINT ( 'NONE',  ( 0.1643382352941175351, -11.91470396752451144, 3.319999999999999396 ) ) ;
#6750 = CARTESIAN_POINT ( 'NONE',  ( 4.469108802700852756, 1.956146734767426398, 3.720000000000000195 ) ) ;
#6751 = CARTESIAN_POINT ( 'NONE',  ( 4.186240696848510190, 4.600714191899043293, 3.320000000000000284 ) ) ;
#6752 = AXIS2_PLACEMENT_3D ( 'NONE', #1385, #6903, #2495 ) ;
#6753 = CARTESIAN_POINT ( 'NONE',  ( 2.793941042246974593, 8.791575155795523955, 3.720000000000000195 ) ) ;
#6754 = EDGE_CURVE ( 'NONE', #4188, #4787, #4265, .T. ) ;
#6755 = EDGE_LOOP ( 'NONE', ( #5358, #7793, #1226, #3570 ) ) ;
#6756 = ORIENTED_EDGE ( 'NONE', *, *, #1421, .T. ) ;
#6757 = CARTESIAN_POINT ( 'NONE',  ( 13.49999999999999645, 15.80000000000000071, -1.800000000000010481 ) ) ;
#6758 = DIRECTION ( 'NONE',  ( 0.000000000000000000, 0.000000000000000000, -1.000000000000000000 ) ) ;
#6759 = ORIENTED_EDGE ( 'NONE', *, *, #3498, .T. ) ;
#6760 = EDGE_CURVE ( 'NONE', #1936, #3830, #5888, .T. ) ;
#6761 = ORIENTED_EDGE ( 'NONE', *, *, #6294, .T. ) ;
#6762 = CARTESIAN_POINT ( 'NONE',  ( 1.226054338099081154, -7.942916422292493728, 3.319999999999999840 ) ) ;
#6763 = LINE ( 'NONE', #5645, #3035 ) ;
#6764 = EDGE_CURVE ( 'NONE', #2472, #7152, #473, .T. ) ;
#6765 = LINE ( 'NONE', #7938, #1143 ) ;
#6766 = CARTESIAN_POINT ( 'NONE',  ( 9.800000000000000711, -3.600000000000000977, 1.180000000000000160 ) ) ;
#6767 = CARTESIAN_POINT ( 'NONE',  ( 0.8488461039849622969, -9.798971836148258063, 3.319999999999999840 ) ) ;
#6768 = VERTEX_POINT ( 'NONE', #4140 ) ;
#6769 = VECTOR ( 'NONE', #3207, 1000.000000000000000 ) ;
#6770 = CARTESIAN_POINT ( 'NONE',  ( 0.9011833639705878474, -9.797794117647057988, 3.719999999999999751 ) ) ;
#6771 = CARTESIAN_POINT ( 'NONE',  ( -0.2208117484164772437, -10.24240354343839421, 3.320000000000001172 ) ) ;
#6772 = ORIENTED_EDGE ( 'NONE', *, *, #7154, .T. ) ;
#6773 = CARTESIAN_POINT ( 'NONE',  ( 2.628261615045363264, -9.140356927990254121, 3.720000000000001084 ) ) ;
#6774 = VERTEX_POINT ( 'NONE', #1030 ) ;
#6775 = FACE_BOUND ( 'NONE', #1513, .T. ) ;
#6776 = CYLINDRICAL_SURFACE ( 'NONE', #6870, 0.5999999999999998668 ) ;
#6777 = CARTESIAN_POINT ( 'NONE',  ( 0.1643382352941175073, -12.36580882352940947, 3.720000000000000195 ) ) ;
#6778 = CARTESIAN_POINT ( 'NONE',  ( 3.821813725490196045, 6.334980085784317261, 3.319999999999999840 ) ) ;
#6779 = CARTESIAN_POINT ( 'NONE',  ( 0.8701904552719090802, -5.434192765812433379, 3.319999999999999396 ) ) ;
#6780 = CARTESIAN_POINT ( 'NONE',  ( 3.742203814327879741, 6.849045900233270423, 3.319999999999999840 ) ) ;
#6781 = EDGE_LOOP ( 'NONE', ( #4006, #7734, #924, #3550 ) ) ;
#6782 = CARTESIAN_POINT ( 'NONE',  ( 3.535695553811072589, -7.547309634191011973, 3.319999999999999396 ) ) ;
#6783 = ORIENTED_EDGE ( 'NONE', *, *, #7832, .F. ) ;
#6784 = FACE_OUTER_BOUND ( 'NONE', #719, .T. ) ;
#6785 = CARTESIAN_POINT ( 'NONE',  ( 1.783049216106233459, -4.118650085118031434, 3.720000000000001528 ) ) ;
#6786 = CARTESIAN_POINT ( 'NONE',  ( 4.676200771276228352, 6.201546468542029622, 3.319999999999999396 ) ) ;
#6787 = CARTESIAN_POINT ( 'NONE',  ( 9.593333333333356805, 15.69333333333335823, 1.813333333333435826 ) ) ;
#6788 = EDGE_CURVE ( 'NONE', #3329, #2353, #1602, .T. ) ;
#6789 = CARTESIAN_POINT ( 'NONE',  ( -3.700000000000003730, -4.599999999999999645, 1.180000000000000160 ) ) ;
#6790 = DIRECTION ( 'NONE',  ( -0.000000000000000000, 0.000000000000000000, -1.000000000000000000 ) ) ;
#6791 = ORIENTED_EDGE ( 'NONE', *, *, #5503, .T. ) ;
#6792 = ORIENTED_EDGE ( 'NONE', *, *, #2358, .F. ) ;
#6793 = LINE ( 'NONE', #1198, #1136 ) ;
#6794 = DIRECTION ( 'NONE',  ( 0.7071067811865474617, 0.000000000000000000, 0.7071067811865474617 ) ) ;
#6795 = ORIENTED_EDGE ( 'NONE', *, *, #4158, .F. ) ;
#6796 = EDGE_CURVE ( 'NONE', #1993, #374, #7114, .T. ) ;
#6797 = ORIENTED_EDGE ( 'NONE', *, *, #871, .T. ) ;
#6798 = CARTESIAN_POINT ( 'NONE',  ( 3.041169989447175759, -7.859560194726286753, 3.720000000000000639 ) ) ;
#6799 = LINE ( 'NONE', #2510, #1470 ) ;
#6800 = EDGE_CURVE ( 'NONE', #2623, #6245, #2054, .T. ) ;
#6801 = CARTESIAN_POINT ( 'NONE',  ( 4.428555836397059409, -3.261029411764704289, 3.720000000000000195 ) ) ;
#6802 = EDGE_CURVE ( 'NONE', #3522, #1091, #7875, .T. ) ;
#6803 = CARTESIAN_POINT ( 'NONE',  ( 3.816051211593602943, -6.477089618486742140, 3.719999999999999751 ) ) ;
#6804 = EDGE_LOOP ( 'NONE', ( #1499, #869, #6366, #420 ) ) ;
#6805 = CARTESIAN_POINT ( 'NONE',  ( 1.846507268213797959, -10.01339988415634963, 3.719999999999999307 ) ) ;
#6806 = CARTESIAN_POINT ( 'NONE',  ( -0.3029747910136457723, -10.34505071377148866, 3.720000000000001084 ) ) ;
#6807 = ORIENTED_EDGE ( 'NONE', *, *, #164, .F. ) ;
#6808 = ORIENTED_EDGE ( 'NONE', *, *, #695, .F. ) ;
#6809 = AXIS2_PLACEMENT_3D ( 'NONE', #3374, #6303, #225 ) ;
#6810 = ADVANCED_FACE ( 'NONE', ( #5318 ), #4705, .F. ) ;
#6811 = CARTESIAN_POINT ( 'NONE',  ( 12.20000000000000107, -3.300000000000000711, 1.180000000000000160 ) ) ;
#6812 = CARTESIAN_POINT ( 'NONE',  ( -11.70000000000000462, 6.600000000000001421, 1.180000000000000160 ) ) ;
#6813 = DIRECTION ( 'NONE',  ( 0.000000000000000000, 0.000000000000000000, -1.000000000000000000 ) ) ;
#6814 = DIRECTION ( 'NONE',  ( 0.000000000000000000, -1.000000000000000000, 0.000000000000000000 ) ) ;
#6815 = DIRECTION ( 'NONE',  ( -0.000000000000000000, -0.000000000000000000, -1.000000000000000000 ) ) ;
#6816 = CARTESIAN_POINT ( 'NONE',  ( 4.424908088235294024, -0.7307081035539197966, 3.720000000000000195 ) ) ;
#6817 = ORIENTED_EDGE ( 'NONE', *, *, #6294, .F. ) ;
#6818 = FACE_OUTER_BOUND ( 'NONE', #3670, .T. ) ;
#6819 = CARTESIAN_POINT ( 'NONE',  ( -0.7647935289299603312, 6.690809434259391786, 3.319999999999999840 ) ) ;
#6820 = ORIENTED_EDGE ( 'NONE', *, *, #800, .F. ) ;
#6821 = CARTESIAN_POINT ( 'NONE',  ( 13.49999999999999289, -3.099999999999996536, 3.520000000000005347 ) ) ;
#6822 = CARTESIAN_POINT ( 'NONE',  ( 0.2499247949663248036, -4.468650837177396973, 3.319999999999998952 ) ) ;
#6823 = CARTESIAN_POINT ( 'NONE',  ( -13.30000000000000426, -3.700000000000000178, 2.400000000000000355 ) ) ;
#6824 = LINE ( 'NONE', #10, #4764 ) ;
#6825 = CIRCLE ( 'NONE', #4225, 0.2999999999999999334 ) ;
#6826 = CARTESIAN_POINT ( 'NONE',  ( 3.852128128363635273, 4.289432669616538796, 3.319999999999999840 ) ) ;
#6827 = CARTESIAN_POINT ( 'NONE',  ( 4.677818627450980316, 6.302150352328435012, 3.720000000000000195 ) ) ;
#6828 = ORIENTED_EDGE ( 'NONE', *, *, #7406, .F. ) ;
#6829 = ORIENTED_EDGE ( 'NONE', *, *, #4302, .F. ) ;
#6830 = CYLINDRICAL_SURFACE ( 'NONE', #3219, 0.2999999999999999334 ) ;
#6831 = DIRECTION ( 'NONE',  ( 1.000000000000000000, 2.965339275174029533E-16, -0.000000000000000000 ) ) ;
#6832 = ORIENTED_EDGE ( 'NONE', *, *, #5059, .T. ) ;
#6833 = ORIENTED_EDGE ( 'NONE', *, *, #2557, .T. ) ;
#6834 = CARTESIAN_POINT ( 'NONE',  ( 2.717426679218164942, -7.946603191094943952, 3.720000000000000639 ) ) ;
#6835 = CARTESIAN_POINT ( 'NONE',  ( 0.5430146463612659513, -11.05959743307815302, 3.720000000000001528 ) ) ;
#6836 = B_SPLINE_CURVE_WITH_KNOTS ( 'NONE', 3,
 ( #3279, #6380, #1482, #6418, #258, #4497, #4423, #828, #3810, #7639, #6985, #2058, #6293, #697, #3193, #94, #7600, #2584, #7564 ),
 .UNSPECIFIED., .F., .F.,
 ( 4, 1, 1, 1, 1, 1, 1, 1, 1, 1, 1, 1, 1, 1, 1, 1, 4 ),
 ( 0.000000000000000000, 0.07149656788989849909, 0.1372347993065047012, 0.1988748477493302025, 0.2572054886636671589, 0.3135581160319536043, 0.3694722243070940326, 0.4248811919614345345, 0.4816446580183228465, 0.5394105037031807770, 0.5988117855067707218, 0.6604311747885501793, 0.7247911273548536260, 0.7911318479775065748, 0.8588418682783206526, 0.9285850992271064142, 1.000000000000000000 ),
 .UNSPECIFIED. ) ;
#6837 = ADVANCED_FACE ( 'NONE', ( #4026 ), #6544, .F. ) ;
#6838 = PLANE ( 'NONE',  #6044 ) ;
#6839 = CARTESIAN_POINT ( 'NONE',  ( -0.5892383358283133088, -10.93606830835254939, 3.719999999999999751 ) ) ;
#6840 = ORIENTED_EDGE ( 'NONE', *, *, #256, .F. ) ;
#6841 = CARTESIAN_POINT ( 'NONE',  ( 3.821813725490196045, -6.660730698529407690, 3.719999999999998419 ) ) ;
#6842 = DIRECTION ( 'NONE',  ( 1.000000000000000000, 0.000000000000000000, 0.000000000000000000 ) ) ;
#6843 = ADVANCED_FACE ( 'NONE', ( #6664 ), #3444, .F. ) ;
#6844 = VERTEX_POINT ( 'NONE', #1066 ) ;
#6845 = VERTEX_POINT ( 'NONE', #3407 ) ;
#6846 = DIRECTION ( 'NONE',  ( 0.000000000000000000, 0.000000000000000000, -1.000000000000000000 ) ) ;
#6847 = DIRECTION ( 'NONE',  ( 0.9366717556548816992, 0.3502085409558159390, 0.000000000000000000 ) ) ;
#6848 = CARTESIAN_POINT ( 'NONE',  ( 1.569657018904940360, 8.873935356035000055, 3.320000000000000728 ) ) ;
#6849 = ADVANCED_FACE ( 'NONE', ( #3563 ), #633, .T. ) ;
#6850 = CARTESIAN_POINT ( 'NONE',  ( 13.49999999999999645, 10.70000000000000107, 1.180000000000000160 ) ) ;
#6851 = CARTESIAN_POINT ( 'NONE',  ( 0.08651960784313711406, -6.631548713235291714, 3.719999999999999307 ) ) ;
#6852 = AXIS2_PLACEMENT_3D ( 'NONE', #3832, #4479, #4442 ) ;
#6853 = CARTESIAN_POINT ( 'NONE',  ( 3.677485567709203984, 6.990566170017372016, 3.719999999999999751 ) ) ;
#6854 = EDGE_CURVE ( 'NONE', #2866, #1331, #2770, .T. ) ;
#6855 = AXIS2_PLACEMENT_3D ( 'NONE', #4615, #6981, #6414 ) ;
#6856 = VERTEX_POINT ( 'NONE', #6133 ) ;
#6857 = CIRCLE ( 'NONE', #7384, 1.799999999999999600 ) ;
#6858 = CARTESIAN_POINT ( 'NONE',  ( -13.50000000000000355, 4.299999999999999822, 1.200000000000000178 ) ) ;
#6859 = CARTESIAN_POINT ( 'NONE',  ( -3.500000000000003109, 16.60000000000000497, -0.5000000000000000000 ) ) ;
#6860 = VERTEX_POINT ( 'NONE', #1107 ) ;
#6861 = CARTESIAN_POINT ( 'NONE',  ( -0.6880006951354040723, 2.638053515328516063, 3.319999999999999840 ) ) ;
#6862 = CARTESIAN_POINT ( 'NONE',  ( -11.69999999999999751, 16.60000000000000142, -1.500000000000000000 ) ) ;
#6863 = CARTESIAN_POINT ( 'NONE',  ( 4.575512131854021725, -2.429801679228236644, 3.720000000000000195 ) ) ;
#6864 = CARTESIAN_POINT ( 'NONE',  ( 13.39999999999999680, 10.79999999999999716, 3.620000000000000995 ) ) ;
#6865 = DIRECTION ( 'NONE',  ( 1.000000000000000000, 0.000000000000000000, 0.000000000000000000 ) ) ;
#6866 = DIRECTION ( 'NONE',  ( 1.000000000000000000, 0.000000000000000000, 0.000000000000000000 ) ) ;
#6867 = VECTOR ( 'NONE', #372, 1000.000000000000000 ) ;
#6868 = CIRCLE ( 'NONE', #1923, 0.7999999999999986011 ) ;
#6869 = EDGE_LOOP ( 'NONE', ( #1588, #2539, #1345, #5850 ) ) ;
#6870 = AXIS2_PLACEMENT_3D ( 'NONE', #6812, #1142, #1217 ) ;
#6871 = ORIENTED_EDGE ( 'NONE', *, *, #3547, .F. ) ;
#6872 = CARTESIAN_POINT ( 'NONE',  ( -0.2283057055341195518, 1.141285522392322616, 3.720000000000000195 ) ) ;
#6873 = VECTOR ( 'NONE', #1881, 1000.000000000000000 ) ;
#6874 = DIRECTION ( 'NONE',  ( 0.000000000000000000, 0.000000000000000000, 1.000000000000000000 ) ) ;
#6875 = DIRECTION ( 'NONE',  ( -0.000000000000000000, -0.000000000000000000, 1.000000000000000000 ) ) ;
#6876 = CIRCLE ( 'NONE', #6488, 0.5999999999999998668 ) ;
#6877 = CARTESIAN_POINT ( 'NONE',  ( 4.676200771276228352, -6.794164315771696216, 3.319999999999999840 ) ) ;
#6878 = CARTESIAN_POINT ( 'NONE',  ( 3.314867614684270603, -7.728055581045849998, 3.719999999999999751 ) ) ;
#6879 = DIRECTION ( 'NONE',  ( 1.000000000000000000, 8.673617379884034239E-17, -0.000000000000000000 ) ) ;
#6880 = DIRECTION ( 'NONE',  ( 1.000000000000000000, -0.000000000000000000, 0.000000000000000000 ) ) ;
#6881 = VECTOR ( 'NONE', #3857, 1000.000000000000000 ) ;
#6882 = LINE ( 'NONE', #4316, #6236 ) ;
#6883 = EDGE_LOOP ( 'NONE', ( #5509, #4309, #2003, #5666 ) ) ;
#6884 = CARTESIAN_POINT ( 'NONE',  ( 3.790240772047972495, -6.303403028093423011, 3.320000000000001172 ) ) ;
#6885 = ADVANCED_FACE ( 'NONE', ( #6096 ), #5474, .F. ) ;
#6886 = FACE_OUTER_BOUND ( 'NONE', #4169, .T. ) ;
#6887 = B_SPLINE_SURFACE_WITH_KNOTS ( 'NONE', 3, 1, ( 
 ( #6098, #4741 ),
 ( #454, #4706 ),
 ( #4100, #7876 ),
 ( #6583, #7191 ),
 ( #2789, #2179 ),
 ( #3445, #4066 ),
 ( #2830, #988 ),
 ( #4669, #4824 ),
 ( #6545, #5276 ),
 ( #5927, #2908 ),
 ( #3483, #3565 ),
 ( #950, #5354 ),
 ( #7925, #5435 ),
 ( #4184, #6629 ),
 ( #6666, #5969 ),
 ( #7805, #1068 ),
 ( #1032, #377 ),
 ( #7230, #2948 ),
 ( #2872, #7837 ) ),
 .UNSPECIFIED., .F., .F., .F.,
 ( 4, 1, 1, 1, 1, 1, 1, 1, 1, 1, 1, 1, 1, 1, 1, 1, 4 ),
 ( 2, 2 ),
 ( 0.000000000000000000, 0.07205748326946208315, 0.1383846133461964778, 0.2008197347184779435, 0.2598038300101357390, 0.3168503838887137825, 0.3728482335114459700, 0.4283531432337642775, 0.4848110048265389938, 0.5426269460141154299, 0.6014573603993190742, 0.6628287376421636568, 0.7267901150654367814, 0.7927359298324763159, 0.8605160265926914409, 0.9294173656588029520, 0.9999999999999998890 ),
 ( 0.000000000000000000, 1.000000000000000000 ),
 .UNSPECIFIED. ) ;
#6888 = ORIENTED_EDGE ( 'NONE', *, *, #4864, .F. ) ;
#6889 = ORIENTED_EDGE ( 'NONE', *, *, #2959, .T. ) ;
#6890 = LINE ( 'NONE', #720, #7243 ) ;
#6891 = DIRECTION ( 'NONE',  ( 1.000000000000000000, 0.000000000000000000, 0.000000000000000000 ) ) ;
#6892 = EDGE_CURVE ( 'NONE', #1165, #72, #1526, .T. ) ;
#6893 = CARTESIAN_POINT ( 'NONE',  ( -11.69999999999999929, 16.59999999999999787, -2.000000000000000000 ) ) ;
#6894 = PLANE ( 'NONE',  #3094 ) ;
#6895 = CIRCLE ( 'NONE', #7028, 0.8000000000000003775 ) ;
#6896 = DIRECTION ( 'NONE',  ( 0.000000000000000000, -0.000000000000000000, 1.000000000000000000 ) ) ;
#6897 = VECTOR ( 'NONE', #3317, 1000.000000000000000 ) ;
#6898 = VERTEX_POINT ( 'NONE', #3645 ) ;
#6899 = EDGE_CURVE ( 'NONE', #3632, #6688, #3031, .T. ) ;
#6900 = CARTESIAN_POINT ( 'NONE',  ( -13.50000000000000355, -15.80000000000000071, -1.800000000000010481 ) ) ;
#6901 = CARTESIAN_POINT ( 'NONE',  ( 0.9752670516640307152, 8.793861687721383547, 3.320000000000000728 ) ) ;
#6902 = ORIENTED_EDGE ( 'NONE', *, *, #4358, .F. ) ;
#6903 = DIRECTION ( 'NONE',  ( -0.7071067811865338060, -2.453269466693350796E-16, 0.7071067811865612285 ) ) ;
#6904 = CARTESIAN_POINT ( 'NONE',  ( 4.468109560808314562, -0.7148379793588833797, 3.719999999999999307 ) ) ;
#6905 = CARTESIAN_POINT ( 'NONE',  ( -0.6916666666666668739, -2.154545802696076873, 3.319999999999999840 ) ) ;
#6906 = CARTESIAN_POINT ( 'NONE',  ( 4.442968788260365010, 1.953935161384096508, 3.720000000000000195 ) ) ;
#6907 = ADVANCED_FACE ( 'NONE', ( #3070 ), #4926, .T. ) ;
#6908 = CARTESIAN_POINT ( 'NONE',  ( 0.08798715818796096211, 6.426275708314974189, 3.320000000000000284 ) ) ;
#6909 = LINE ( 'NONE', #5194, #6173 ) ;
#6910 = CARTESIAN_POINT ( 'NONE',  ( -0.6916666666666668739, -13.08806295955882248, 3.319999999999999840 ) ) ;
#6911 = VERTEX_POINT ( 'NONE', #4417 ) ;
#6912 = VERTEX_POINT ( 'NONE', #6978 ) ;
#6913 = DIRECTION ( 'NONE',  ( 0.000000000000000000, 0.000000000000000000, -1.000000000000000000 ) ) ;
#6914 = CARTESIAN_POINT ( 'NONE',  ( 4.441749906601927478, -13.45414949397772730, 3.319999999999998952 ) ) ;
#6915 = FACE_OUTER_BOUND ( 'NONE', #7873, .T. ) ;
#6916 = EDGE_CURVE ( 'NONE', #4729, #2756, #5188, .T. ) ;
#6917 = CARTESIAN_POINT ( 'NONE',  ( 4.318756282232527610, -8.208437179940135664, 3.719999999999997975 ) ) ;
#6918 = CARTESIAN_POINT ( 'NONE',  ( 3.821813725490196045, -6.660730698529407690, 3.720000000000000195 ) ) ;
#6919 = CARTESIAN_POINT ( 'NONE',  ( 0.9111222575578867833, 5.143376208434174757, 3.719999999999999751 ) ) ;
#6920 = CARTESIAN_POINT ( 'NONE',  ( -0.6916666666666668739, -13.08806295955882248, 3.319999999999999840 ) ) ;
#6921 = LINE ( 'NONE', #6307, #7085 ) ;
#6922 = CARTESIAN_POINT ( 'NONE',  ( 0.3233045617263969884, -9.886739658996839708, 3.719999999999998863 ) ) ;
#6923 = ORIENTED_EDGE ( 'NONE', *, *, #5304, .T. ) ;
#6924 = LINE ( 'NONE', #7616, #4235 ) ;
#6925 = CARTESIAN_POINT ( 'NONE',  ( -11.70000000000000462, 15.80000000000000071, 3.720000000000000195 ) ) ;
#6926 = VECTOR ( 'NONE', #5984, 1000.000000000000000 ) ;
#6927 = ORIENTED_EDGE ( 'NONE', *, *, #1211, .F. ) ;
#6928 = ORIENTED_EDGE ( 'NONE', *, *, #1830, .T. ) ;
#6929 = CARTESIAN_POINT ( 'NONE',  ( 0.9790019914215682961, -10.96507352941176272, 3.719999999999999751 ) ) ;
#6930 = DIRECTION ( 'NONE',  ( 0.000000000000000000, 0.000000000000000000, 1.000000000000000000 ) ) ;
#6931 = CARTESIAN_POINT ( 'NONE',  ( 0.3793862580545630525, -5.749325959338624337, 3.720000000000000195 ) ) ;
#6932 = CARTESIAN_POINT ( 'NONE',  ( 3.942403272426543648, 8.226086064529949837, 3.720000000000000195 ) ) ;
#6933 = CARTESIAN_POINT ( 'NONE',  ( 3.753962127863435416, 5.823168533006934489, 3.319999999999998952 ) ) ;
#6934 = CARTESIAN_POINT ( 'NONE',  ( 3.041169989447175759, -7.859560194726286753, 3.320000000000000284 ) ) ;
#6935 = VECTOR ( 'NONE', #6198, 1000.000000000000000 ) ;
#6936 = EDGE_CURVE ( 'NONE', #5724, #4598, #2008, .T. ) ;
#6937 = ORIENTED_EDGE ( 'NONE', *, *, #640, .F. ) ;
#6938 = CARTESIAN_POINT ( 'NONE',  ( -5.000000000000002665, 6.000000000000001776, 2.720000000000000195 ) ) ;
#6939 = PLANE ( 'NONE',  #4142 ) ;
#6940 = VERTEX_POINT ( 'NONE', #168 ) ;
#6941 = DIRECTION ( 'NONE',  ( 0.000000000000000000, -0.000000000000000000, 1.000000000000000000 ) ) ;
#6942 = CARTESIAN_POINT ( 'NONE',  ( -1.500000000000003775, -4.599999999999999645, 1.180000000000000160 ) ) ;
#6943 = DIRECTION ( 'NONE',  ( -0.000000000000000000, -0.000000000000000000, 1.000000000000000000 ) ) ;
#6944 = CARTESIAN_POINT ( 'NONE',  ( 2.732352941176470651, -11.92078354779411598, 3.319999999999999840 ) ) ;
#6945 = CARTESIAN_POINT ( 'NONE',  ( -11.70000000000000462, 6.600000000000001421, 2.720000000000000195 ) ) ;
#6946 = DIRECTION ( 'NONE',  ( -0.000000000000000000, 0.000000000000000000, -1.000000000000000000 ) ) ;
#6947 = DIRECTION ( 'NONE',  ( 0.000000000000000000, -0.000000000000000000, 1.000000000000000000 ) ) ;
#6948 = B_SPLINE_CURVE_WITH_KNOTS ( 'NONE', 3,
 ( #1847, #6786, #5434, #1271, #7476, #1108, #3769, #8042, #3646, #618, #576, #3114, #4900, #7924, #4335, #9, #4823, #1229, #6708 ),
 .UNSPECIFIED., .F., .F.,
 ( 4, 1, 1, 1, 1, 1, 1, 1, 1, 1, 1, 1, 1, 1, 1, 1, 4 ),
 ( 0.000000000000000000, 0.07162820314866626126, 0.1389881115085654928, 0.2024548791123500779, 0.2622910703773537189, 0.3193827275654347875, 0.3744225040896249079, 0.4284167490842137882, 0.4819218502216052191, 0.5360709801611814873, 0.5917317931235177575, 0.6498297489339293076, 0.7111916591917688546, 0.7764452229142141393, 0.8457809067368114997, 0.9202927221421005610, 1.000000000000000000 ),
 .UNSPECIFIED. ) ;
#6949 = ADVANCED_FACE ( 'NONE', ( #690 ), #3113, .T. ) ;
#6950 = ORIENTED_EDGE ( 'NONE', *, *, #5000, .F. ) ;
#6951 = ORIENTED_EDGE ( 'NONE', *, *, #3365, .F. ) ;
#6952 = AXIS2_PLACEMENT_3D ( 'NONE', #4660, #7223, #4133 ) ;
#6953 = CARTESIAN_POINT ( 'NONE',  ( 4.186240696848510190, 4.600714191899043293, 3.720000000000000639 ) ) ;
#6954 = DIRECTION ( 'NONE',  ( -1.000000000000000000, -2.168404344971007921E-14, 0.000000000000000000 ) ) ;
#6955 = DIRECTION ( 'NONE',  ( 0.000000000000000000, 0.000000000000000000, -1.000000000000000000 ) ) ;
#6956 = CARTESIAN_POINT ( 'NONE',  ( -2.400000000000005240, 8.599999999999999645, 2.720000000000000195 ) ) ;
#6957 = CARTESIAN_POINT ( 'NONE',  ( -0.7627894552391498717, -6.897978987647350735, 3.719999999999999751 ) ) ;
#6958 = FACE_OUTER_BOUND ( 'NONE', #1895, .T. ) ;
#6959 = EDGE_CURVE ( 'NONE', #5225, #6860, #4786, .T. ) ;
#6960 = EDGE_CURVE ( 'NONE', #6702, #7956, #3188, .T. ) ;
#6961 = CARTESIAN_POINT ( 'NONE',  ( -0.6906399380423565715, -13.11453293245350693, 3.719999999999997975 ) ) ;
#6962 = CARTESIAN_POINT ( 'NONE',  ( 1.749716334588011124, -5.285961579385778819, 3.719999999999999307 ) ) ;
#6963 = CARTESIAN_POINT ( 'NONE',  ( 3.270389720786871735, -5.577158578375275511, 3.719999999999998863 ) ) ;
#6964 = ORIENTED_EDGE ( 'NONE', *, *, #4852, .F. ) ;
#6965 = CARTESIAN_POINT ( 'NONE',  ( -0.4456270348494761890, -3.236709173441353116, 3.719999999999997975 ) ) ;
#6966 = DIRECTION ( 'NONE',  ( 0.000000000000000000, -0.000000000000000000, 1.000000000000000000 ) ) ;
#6967 = EDGE_LOOP ( 'NONE', ( #5972, #7201, #5143, #5323, #4621, #166, #4104, #7470, #7166, #260, #5741, #2331, #766, #3418, #5751, #404, #5496, #2269, #4346, #914, #6370, #2016, #6497 ) ) ;
#6968 = ORIENTED_EDGE ( 'NONE', *, *, #5463, .T. ) ;
#6969 = CARTESIAN_POINT ( 'NONE',  ( -3.900000000000005684, 8.900000000000000355, 1.180000000000000160 ) ) ;
#6970 = DIRECTION ( 'NONE',  ( 8.673617379884034239E-17, -1.000000000000000000, 0.000000000000000000 ) ) ;
#6971 = CARTESIAN_POINT ( 'NONE',  ( 4.635614459181248925, 6.892532375609947692, 3.720000000000000195 ) ) ;
#6972 = DIRECTION ( 'NONE',  ( 1.000000000000000000, 0.000000000000000000, 0.000000000000000000 ) ) ;
#6973 = CARTESIAN_POINT ( 'NONE',  ( 2.500351106119488520, 7.675458582172316468, 3.719999999999999307 ) ) ;
#6974 = EDGE_LOOP ( 'NONE', ( #6612, #7566, #3077, #412, #3872, #3041 ) ) ;
#6975 = CARTESIAN_POINT ( 'NONE',  ( -12.50000000000000000, 15.80000000000000071, -2.000000000000000000 ) ) ;
#6976 = ORIENTED_EDGE ( 'NONE', *, *, #868, .F. ) ;
#6977 = DIRECTION ( 'NONE',  ( -0.9315148299942045407, 0.3637033427133550822, 0.000000000000000000 ) ) ;
#6978 = CARTESIAN_POINT ( 'NONE',  ( -4.400000000000001243, 4.899999999999999467, 3.720000000000000195 ) ) ;
#6979 = ORIENTED_EDGE ( 'NONE', *, *, #5253, .T. ) ;
#6980 = CARTESIAN_POINT ( 'NONE',  ( 0.1643382352941175073, -2.240875842524508332, 3.319999999999999840 ) ) ;
#6981 = DIRECTION ( 'NONE',  ( -1.387778780781445676E-16, 1.000000000000000000, 0.000000000000000000 ) ) ;
#6982 = DIRECTION ( 'NONE',  ( 1.000000000000000000, 0.000000000000000000, 0.000000000000000000 ) ) ;
#6983 = EDGE_CURVE ( 'NONE', #2785, #4128, #2614, .T. ) ;
#6984 = CARTESIAN_POINT ( 'NONE',  ( 4.595140691490882112, 0.05131352188884390902, 3.319999999999999840 ) ) ;
#6985 = CARTESIAN_POINT ( 'NONE',  ( 3.137180618666889576, 7.494376241520420479, 3.720000000000000639 ) ) ;
#6986 = VERTEX_POINT ( 'NONE', #6942 ) ;
#6987 = VECTOR ( 'NONE', #2979, 1000.000000000000000 ) ;
#6988 = VERTEX_POINT ( 'NONE', #1386 ) ;
#6989 =( GEOMETRIC_REPRESENTATION_CONTEXT ( 3 ) GLOBAL_UNCERTAINTY_ASSIGNED_CONTEXT ( ( #4552 ) ) GLOBAL_UNIT_ASSIGNED_CONTEXT ( ( #7307, #4697, #2211 ) ) REPRESENTATION_CONTEXT ( 'NONE', 'WORKASPACE' ) );
#6990 = CARTESIAN_POINT ( 'NONE',  ( 3.310245256455140783, -4.369545137305242299, 3.320000000000000284 ) ) ;
#6991 = LINE ( 'NONE', #4545, #5949 ) ;
#6992 = DIRECTION ( 'NONE',  ( -1.000000000000000000, 0.000000000000000000, 0.000000000000000000 ) ) ;
#6993 = CARTESIAN_POINT ( 'NONE',  ( 8.499999999999996447, -2.500000000000000000, 3.520000000000008455 ) ) ;
#6994 = CARTESIAN_POINT ( 'NONE',  ( 11.69999999999999751, 17.60000000000000142, 3.520000000000001350 ) ) ;
#6995 = ADVANCED_FACE ( 'NONE', ( #3273 ), #2460, .T. ) ;
#6996 = DIRECTION ( 'NONE',  ( 0.5773502691896253980, 0.5773502691896267303, 0.5773502691896253980 ) ) ;
#6997 = CIRCLE ( 'NONE', #2561, 1.199999999999999956 ) ;
#6998 = VECTOR ( 'NONE', #3719, 1000.000000000000000 ) ;
#6999 = UNCERTAINTY_MEASURE_WITH_UNIT (LENGTH_MEASURE( 1.000000000000000082E-05 ), #5707, 'distance_accuracy_value', 'NONE');
#7000 = AXIS2_PLACEMENT_3D ( 'NONE', #5974, #1076, #5860 ) ;
#7001 = DIRECTION ( 'NONE',  ( 1.000000000000000000, 0.000000000000000000, 0.000000000000000000 ) ) ;
#7002 = LINE ( 'NONE', #4554, #6546 ) ;
#7003 = EDGE_CURVE ( 'NONE', #3597, #5794, #7265, .T. ) ;
#7004 = AXIS2_PLACEMENT_3D ( 'NONE', #1664, #1703, #2361 ) ;
#7005 = CARTESIAN_POINT ( 'NONE',  ( 4.670976802750296031, -6.392289308406781778, 3.719999999999998863 ) ) ;
#7006 = ORIENTED_EDGE ( 'NONE', *, *, #3571, .T. ) ;
#7007 = FACE_OUTER_BOUND ( 'NONE', #6192, .T. ) ;
#7008 = EDGE_CURVE ( 'NONE', #1178, #3195, #2130, .T. ) ;
#7009 = CARTESIAN_POINT ( 'NONE',  ( 1.553751428585089966, 7.697144507754512865, 3.719999999999999307 ) ) ;
#7010 = ORIENTED_EDGE ( 'NONE', *, *, #7745, .T. ) ;
#7011 = EDGE_LOOP ( 'NONE', ( #4866, #2862, #7704, #5798, #273 ) ) ;
#7012 = CARTESIAN_POINT ( 'NONE',  ( -0.6916666666666668739, 1.817851945465688068, 3.319999999999999840 ) ) ;
#7013 = FACE_OUTER_BOUND ( 'NONE', #6060, .T. ) ;
#7014 = FACE_OUTER_BOUND ( 'NONE', #3208, .T. ) ;
#7015 = ADVANCED_FACE ( 'NONE', ( #4612 ), #977, .F. ) ;
#7016 = DIRECTION ( 'NONE',  ( -3.469446951953613696E-16, 1.000000000000000000, 0.000000000000000000 ) ) ;
#7017 = CARTESIAN_POINT ( 'NONE',  ( 3.817382062587413749, 6.151788458473214760, 3.720000000000000639 ) ) ;
#7018 = CYLINDRICAL_SURFACE ( 'NONE', #2046, 0.8000000000000003775 ) ;
#7019 = ORIENTED_EDGE ( 'NONE', *, *, #7591, .F. ) ;
#7020 = CARTESIAN_POINT ( 'NONE',  ( -0.7694852941176472116, -6.595071231617643193, 3.720000000000000195 ) ) ;
#7021 = ORIENTED_EDGE ( 'NONE', *, *, #5795, .F. ) ;
#7022 = CARTESIAN_POINT ( 'NONE',  ( 13.29999999999999716, 0.000000000000000000, 1.180000000000000160 ) ) ;
#7023 = CARTESIAN_POINT ( 'NONE',  ( 0.1643382352941175073, -12.36580882352940947, 3.319999999999999840 ) ) ;
#7024 = ORIENTED_EDGE ( 'NONE', *, *, #4897, .T. ) ;
#7025 = DIRECTION ( 'NONE',  ( 0.000000000000000000, -0.000000000000000000, 1.000000000000000000 ) ) ;
#7026 = LINE ( 'NONE', #5230, #865 ) ;
#7027 = CARTESIAN_POINT ( 'NONE',  ( 1.024465089744439839, 7.611242933529308807, 3.319999999999999396 ) ) ;
#7028 = AXIS2_PLACEMENT_3D ( 'NONE', #5475, #4220, #3602 ) ;
#7029 = CYLINDRICAL_SURFACE ( 'NONE', #2781, 0.2999999999999999334 ) ;
#7030 = LINE ( 'NONE', #3362, #751 ) ;
#7031 = ORIENTED_EDGE ( 'NONE', *, *, #4109, .F. ) ;
#7032 = ORIENTED_EDGE ( 'NONE', *, *, #1458, .F. ) ;
#7033 = EDGE_CURVE ( 'NONE', #2552, #4535, #817, .T. ) ;
#7034 = CARTESIAN_POINT ( 'NONE',  ( -13.30000000000000426, 4.299999999999999822, 1.200000000000000178 ) ) ;
#7035 = CARTESIAN_POINT ( 'NONE',  ( -13.50000000000000355, 5.699999999999998401, 2.400000000000000355 ) ) ;
#7036 = CARTESIAN_POINT ( 'NONE',  ( 3.041169989447176203, 5.136150589587440862, 3.320000000000000284 ) ) ;
#7037 = CARTESIAN_POINT ( 'NONE',  ( 2.614830725586548610, -11.00644666026843232, 3.720000000000000195 ) ) ;
#7038 = LINE ( 'NONE', #2023, #4408 ) ;
#7039 = FACE_OUTER_BOUND ( 'NONE', #4332, .T. ) ;
#7040 = EDGE_CURVE ( 'NONE', #309, #290, #441, .T. ) ;
#7041 = CARTESIAN_POINT ( 'NONE',  ( 13.49999999999999645, -15.80000000000000071, -1.800000000000010481 ) ) ;
#7042 = CARTESIAN_POINT ( 'NONE',  ( 0.2916770998294681005, -5.860909934558534040, 3.320000000000000284 ) ) ;
#7043 = DIRECTION ( 'NONE',  ( 1.000000000000000000, 0.000000000000000000, 0.000000000000000000 ) ) ;
#7044 = ORIENTED_EDGE ( 'NONE', *, *, #277, .T. ) ;
#7045 = CARTESIAN_POINT ( 'NONE',  ( -0.6916666666666668739, 1.817851945465688068, 3.720000000000000195 ) ) ;
#7046 = LINE ( 'NONE', #5902, #351 ) ;
#7047 = EDGE_CURVE ( 'NONE', #4763, #6860, #2935, .T. ) ;
#7048 = ORIENTED_EDGE ( 'NONE', *, *, #4421, .T. ) ;
#7049 = EDGE_CURVE ( 'NONE', #7456, #6845, #5309, .T. ) ;
#7050 = ORIENTED_EDGE ( 'NONE', *, *, #7806, .T. ) ;
#7051 = CARTESIAN_POINT ( 'NONE',  ( -0.6916666666666668739, -2.154545802696076873, 3.720000000000000195 ) ) ;
#7052 = CARTESIAN_POINT ( 'NONE',  ( 0.9790019914215682961, -10.96507352941176272, 3.319999999999999840 ) ) ;
#7053 = CARTESIAN_POINT ( 'NONE',  ( 13.30000000000000426, -15.80000000000000071, -2.000000000000000000 ) ) ;
#7054 = CARTESIAN_POINT ( 'NONE',  ( -0.6660504722639298825, -1.837673996281374622, 3.319999999999998508 ) ) ;
#7055 = ORIENTED_EDGE ( 'NONE', *, *, #4998, .F. ) ;
#7056 = EDGE_CURVE ( 'NONE', #3448, #1762, #7339, .T. ) ;
#7057 = DIRECTION ( 'NONE',  ( 0.000000000000000000, 0.000000000000000000, 1.000000000000000000 ) ) ;
#7058 = ORIENTED_EDGE ( 'NONE', *, *, #6434, .T. ) ;
#7059 = CARTESIAN_POINT ( 'NONE',  ( 1.384159298394786797, 3.857007144860677972, 3.719999999999999307 ) ) ;
#7060 = CARTESIAN_POINT ( 'NONE',  ( -0.5841716453349947713, -3.154494544296718939, 3.319999999999999396 ) ) ;
#7061 = ORIENTED_EDGE ( 'NONE', *, *, #4515, .F. ) ;
#7062 = CARTESIAN_POINT ( 'NONE',  ( 4.427339920343137614, -12.36580882352940947, 3.720000000000000195 ) ) ;
#7063 = LINE ( 'NONE', #6331, #7770 ) ;
#7064 = CARTESIAN_POINT ( 'NONE',  ( -3.700000000000003730, -2.399999999999999467, 2.720000000000000195 ) ) ;
#7065 = CARTESIAN_POINT ( 'NONE',  ( -5.000000000000002665, 6.600000000000001421, 3.720000000000000195 ) ) ;
#7066 = CIRCLE ( 'NONE', #295, 0.2999999999999999334 ) ;
#7067 = CARTESIAN_POINT ( 'NONE',  ( -13.30000000000000426, -15.80000000000000071, 3.720000000000000195 ) ) ;
#7068 = ORIENTED_EDGE ( 'NONE', *, *, #3994, .F. ) ;
#7069 = ORIENTED_EDGE ( 'NONE', *, *, #6057, .F. ) ;
#7070 = FACE_BOUND ( 'NONE', #2125, .T. ) ;
#7071 = CYLINDRICAL_SURFACE ( 'NONE', #605, 0.2999999999999999334 ) ;
#7072 = CONICAL_SURFACE ( 'NONE', #550, 1.600000000000000755, 0.7853981633974492782 ) ;
#7073 = CARTESIAN_POINT ( 'NONE',  ( -13.30000000000000426, 5.500000000000000000, 2.400000000000000355 ) ) ;
#7074 = CARTESIAN_POINT ( 'NONE',  ( 2.259084361692115461, -10.34460065435213849, 3.719999999999999751 ) ) ;
#7075 = CARTESIAN_POINT ( 'NONE',  ( 3.310245256455142560, 8.626165647008486204, 3.320000000000002061 ) ) ;
#7076 = CARTESIAN_POINT ( 'NONE',  ( 0.2323243807279836426, 5.707369428656144272, 3.720000000000001084 ) ) ;
#7077 = ADVANCED_FACE ( 'NONE', ( #4931 ), #486, .T. ) ;
#7078 = CIRCLE ( 'NONE', #2001, 0.2999999999999999334 ) ;
#7079 = FACE_OUTER_BOUND ( 'NONE', #1844, .T. ) ;
#7080 = CARTESIAN_POINT ( 'NONE',  ( 0.1573584998753238262, -6.123893486709547140, 3.319999999999999840 ) ) ;
#7081 = CARTESIAN_POINT ( 'NONE',  ( 0.5430146463612659513, -11.05959743307815302, 3.320000000000001172 ) ) ;
#7082 = VERTEX_POINT ( 'NONE', #2330 ) ;
#7083 = CARTESIAN_POINT ( 'NONE',  ( 11.29999999999999538, 17.39999999999999503, 1.180000000000000160 ) ) ;
#7084 = VECTOR ( 'NONE', #4970, 1000.000000000000000 ) ;
#7085 = VECTOR ( 'NONE', #5086, 1000.000000000000000 ) ;
#7086 = ADVANCED_FACE ( 'NONE', ( #6694 ), #6776, .F. ) ;
#7087 = DIRECTION ( 'NONE',  ( -0.000000000000000000, -0.000000000000000000, -1.000000000000000000 ) ) ;
#7088 = B_SPLINE_CURVE_WITH_KNOTS ( 'NONE', 3,
 ( #1561, #4659, #864, #981, #4732, #3359, #5846, #254, #444, #1099, #1839 ),
 .UNSPECIFIED., .F., .F.,
 ( 4, 1, 1, 1, 1, 1, 1, 1, 4 ),
 ( 0.000000000000000000, 0.06754805189309967539, 0.1328367670602772777, 0.2066318200088057555, 0.3027719160070708182, 0.4256968521370184666, 0.5779292865198080165, 0.7642935101725214508, 1.000000000000000000 ),
 .UNSPECIFIED. ) ;
#7089 = CARTESIAN_POINT ( 'NONE',  ( 4.599886081696021201, -2.802249297449238785, 3.719999999999999751 ) ) ;
#7090 = ORIENTED_EDGE ( 'NONE', *, *, #2296, .T. ) ;
#7091 = CARTESIAN_POINT ( 'NONE',  ( 8.499999999999994671, 10.70000000000000107, 3.520000000000008455 ) ) ;
#7092 = CARTESIAN_POINT ( 'NONE',  ( 4.599999999999999645, -2.757640165441175295, 3.720000000000002860 ) ) ;
#7093 = CARTESIAN_POINT ( 'NONE',  ( 3.742203814327879741, 6.849045900233270423, 3.319999999999999840 ) ) ;
#7094 = ADVANCED_FACE ( 'NONE', ( #2408 ), #4048, .T. ) ;
#7095 = B_SPLINE_SURFACE_WITH_KNOTS ( 'NONE', 3, 1, ( 
 ( #4954, #7449 ),
 ( #6877, #4385 ),
 ( #1282, #1858 ),
 ( #6064, #7935 ),
 ( #4347, #7972 ),
 ( #1238, #2354 ),
 ( #6719, #3619 ),
 ( #7366, #6917 ),
 ( #2022, #4430 ),
 ( #3326, #1940 ),
 ( #3818, #7531 ),
 ( #706, #5160 ),
 ( #3200, #222 ),
 ( #2670, #2714 ),
 ( #3287, #6301 ),
 ( #5201, #5771 ),
 ( #1361, #7693 ),
 ( #3856, #5034 ),
 ( #3941, #5683 ) ),
 .UNSPECIFIED., .F., .F., .F.,
 ( 4, 1, 1, 1, 1, 1, 1, 1, 1, 1, 1, 1, 1, 1, 1, 1, 4 ),
 ( 2, 2 ),
 ( 0.000000000000000000, 0.07162820314866644167, 0.1389881115085654373, 0.2024548791123502445, 0.2622910703773536634, 0.3193827275654349540, 0.3744225040896250190, 0.4284167490842137327, 0.4819218502216051081, 0.5360709801611813763, 0.5917317931235176465, 0.6498297489339293076, 0.7111916591917686326, 0.7764452229142141393, 0.8457809067368113887, 0.9202927221421004500, 1.000000000000000000 ),
 ( 0.000000000000000000, 1.000000000000000000 ),
 .UNSPECIFIED. ) ;
#7096 = CARTESIAN_POINT ( 'NONE',  ( -0.6660504722639298825, -1.837673996281374622, 3.319999999999998508 ) ) ;
#7097 = VERTEX_POINT ( 'NONE', #2685 ) ;
#7098 = CARTESIAN_POINT ( 'NONE',  ( -0.6916666666666668739, -2.857345281862743391, 3.319999999999999840 ) ) ;
#7099 = ORIENTED_EDGE ( 'NONE', *, *, #125, .T. ) ;
#7100 = CARTESIAN_POINT ( 'NONE',  ( 4.467640008518714900, 2.960928820918317328, 3.720000000000000195 ) ) ;
#7101 = CARTESIAN_POINT ( 'NONE',  ( 1.384159298394787241, -9.138703639453048311, 3.319999999999999396 ) ) ;
#7102 = EDGE_CURVE ( 'NONE', #6245, #5028, #7545, .T. ) ;
#7103 = ORIENTED_EDGE ( 'NONE', *, *, #6754, .F. ) ;
#7104 = CARTESIAN_POINT ( 'NONE',  ( 0.8401748656908839541, 3.980606346774965054, 3.319999999999999840 ) ) ;
#7105 = DIRECTION ( 'NONE',  ( 2.096811509994359370E-16, -0.7071067811865480168, -0.7071067811865471286 ) ) ;
#7106 = CARTESIAN_POINT ( 'NONE',  ( 2.672588160371159649, -5.349210733409683449, 3.319999999999999840 ) ) ;
#7107 = EDGE_CURVE ( 'NONE', #2954, #7240, #3178, .T. ) ;
#7108 = CARTESIAN_POINT ( 'NONE',  ( -0.7678912903691766934, 6.499223318166505337, 3.720000000000000195 ) ) ;
#7109 = CARTESIAN_POINT ( 'NONE',  ( 11.29999999999999538, 17.60000000000000142, 1.180000000000000160 ) ) ;
#7110 = ORIENTED_EDGE ( 'NONE', *, *, #3811, .T. ) ;
#7111 = STYLED_ITEM ( 'NONE', ( #7546 ), #4882 ) ;
#7112 = EDGE_LOOP ( 'NONE', ( #1332, #5280, #4832, #3776, #2392, #2391, #4622, #7300 ) ) ;
#7113 = CARTESIAN_POINT ( 'NONE',  ( 2.885129675213251588, 5.088392742598235152, 3.720000000000000639 ) ) ;
#7114 = LINE ( 'NONE', #2829, #1784 ) ;
#7115 = CARTESIAN_POINT ( 'NONE',  ( 11.70000000000000107, 15.80000000000000426, -2.000000000000000000 ) ) ;
#7116 = CARTESIAN_POINT ( 'NONE',  ( -0.2636642156862746278, 2.964460784313727171, 3.719999999999999307 ) ) ;
#7117 = FACE_OUTER_BOUND ( 'NONE', #2905, .T. ) ;
#7118 = CARTESIAN_POINT ( 'NONE',  ( 0.08827652974940966568, -6.694496061819402932, 3.719999999999998863 ) ) ;
#7119 = LINE ( 'NONE', #5360, #3353 ) ;
#7120 = DIRECTION ( 'NONE',  ( -1.000000000000000000, -1.482669637587014767E-16, 0.000000000000000000 ) ) ;
#7121 = VECTOR ( 'NONE', #5062, 1000.000000000000000 ) ;
#7122 = ORIENTED_EDGE ( 'NONE', *, *, #2074, .T. ) ;
#7123 = PLANE ( 'NONE',  #2082 ) ;
#7124 = CIRCLE ( 'NONE', #4041, 0.5999999999999998668 ) ;
#7125 = VERTEX_POINT ( 'NONE', #3874 ) ;
#7126 = CARTESIAN_POINT ( 'NONE',  ( -0.6883293878983266501, 1.680735994199329619, 3.720000000000000195 ) ) ;
#7127 = AXIS2_PLACEMENT_3D ( 'NONE', #7772, #5445, #4107 ) ;
#7128 = DIRECTION ( 'NONE',  ( 0.000000000000000000, 1.000000000000000000, 0.000000000000000000 ) ) ;
#7129 = AXIS2_PLACEMENT_3D ( 'NONE', #1550, #2237, #1587 ) ;
#7130 = VECTOR ( 'NONE', #3833, 1000.000000000000000 ) ;
#7131 = CARTESIAN_POINT ( 'NONE',  ( 4.600000000000000533, -0.1811140471813708352, 3.320000000000000284 ) ) ;
#7132 = EDGE_CURVE ( 'NONE', #6361, #504, #3794, .T. ) ;
#7133 = CARTESIAN_POINT ( 'NONE',  ( 12.50000000000000000, 10.70000000000000107, 2.720000000000000195 ) ) ;
#7134 = CARTESIAN_POINT ( 'NONE',  ( 0.1203997042369237269, -6.988807842391528524, 3.720000000000000195 ) ) ;
#7135 = LINE ( 'NONE', #7053, #6577 ) ;
#7136 = ADVANCED_BREP_SHAPE_REPRESENTATION ( 'Case', ( #4882, #3096 ), #6989 ) ;
#7137 = CARTESIAN_POINT ( 'NONE',  ( -0.6890457873822896095, -11.64631089355323645, 3.319999999999998952 ) ) ;
#7138 = AXIS2_PLACEMENT_3D ( 'NONE', #3334, #5170, #5822 ) ;
#7139 = ORIENTED_EDGE ( 'NONE', *, *, #3008, .T. ) ;
#7140 = CARTESIAN_POINT ( 'NONE',  ( 3.792337689382959898, -7.016238632387868712, 3.320000000000001172 ) ) ;
#7141 = ORIENTED_EDGE ( 'NONE', *, *, #2620, .T. ) ;
#7142 = ADVANCED_FACE ( 'NONE', ( #75 ), #3756, .F. ) ;
#7143 = CARTESIAN_POINT ( 'NONE',  ( 1.680340340555279699, 3.827112040222575118, 3.719999999999999751 ) ) ;
#7144 = CARTESIAN_POINT ( 'NONE',  ( -0.6683769651189270800, -7.459377824633434351, 3.720000000000001528 ) ) ;
#7145 = ORIENTED_EDGE ( 'NONE', *, *, #5401, .T. ) ;
#7146 = CARTESIAN_POINT ( 'NONE',  ( 1.680340340555279699, 3.827112040222575118, 3.319999999999999396 ) ) ;
#7147 =( LENGTH_UNIT ( ) NAMED_UNIT ( * ) SI_UNIT ( .MILLI., .METRE. ) );
#7148 = CARTESIAN_POINT ( 'NONE',  ( 4.599906260399320601, 2.502035249240194048, 3.319999999999999840 ) ) ;
#7149 = DIRECTION ( 'NONE',  ( 1.000000000000000000, 0.000000000000000000, 0.000000000000000000 ) ) ;
#7150 = DIRECTION ( 'NONE',  ( 0.5773502691896323924, -0.5773502691896122974, -0.5773502691896323924 ) ) ;
#7151 = ADVANCED_FACE ( 'NONE', ( #4404 ), #2708, .F. ) ;
#7152 = VERTEX_POINT ( 'NONE', #806 ) ;
#7153 = VERTEX_POINT ( 'NONE', #7052 ) ;
#7154 = EDGE_CURVE ( 'NONE', #248, #5228, #4273, .T. ) ;
#7155 = CARTESIAN_POINT ( 'NONE',  ( 0.000000000000000000, 0.000000000000000000, -2.000000000000000000 ) ) ;
#7156 = CARTESIAN_POINT ( 'NONE',  ( 4.589962701957277957, 2.697000362225765890, 3.319999999999999840 ) ) ;
#7157 = FACE_OUTER_BOUND ( 'NONE', #7282, .T. ) ;
#7158 = CARTESIAN_POINT ( 'NONE',  ( -0.6916666666666668739, 2.540106081495100199, 3.720000000000000195 ) ) ;
#7159 = CARTESIAN_POINT ( 'NONE',  ( 0.3144049315891143115, -7.414604544859658475, 3.320000000000000284 ) ) ;
#7160 = ORIENTED_EDGE ( 'NONE', *, *, #6899, .T. ) ;
#7161 = EDGE_CURVE ( 'NONE', #4702, #6309, #7583, .T. ) ;
#7162 = CARTESIAN_POINT ( 'NONE',  ( -0.6886696963187426412, -13.16532750833775189, 3.319999999999999396 ) ) ;
#7163 = LINE ( 'NONE', #5896, #6345 ) ;
#7164 = EDGE_LOOP ( 'NONE', ( #4439, #4711, #3257, #169 ) ) ;
#7165 = CARTESIAN_POINT ( 'NONE',  ( 3.751816608296656863, -4.615807106755890565, 3.720000000000001084 ) ) ;
#7166 = ORIENTED_EDGE ( 'NONE', *, *, #4670, .F. ) ;
#7167 = CARTESIAN_POINT ( 'NONE',  ( -0.3619588193838789714, 1.201993879193886006, 3.319999999999999840 ) ) ;
#7168 = CARTESIAN_POINT ( 'NONE',  ( 0.08651960784313711406, -6.631548713235291714, 3.319999999999999840 ) ) ;
#7169 = CARTESIAN_POINT ( 'NONE',  ( 4.599678605473521920, -2.883494662547302134, 3.720000000000000639 ) ) ;
#7170 = CARTESIAN_POINT ( 'NONE',  ( 4.429771752450980316, 1.952818627450982003, 3.319999999999999840 ) ) ;
#7171 = DIRECTION ( 'NONE',  ( 1.000000000000000000, -0.000000000000000000, 0.000000000000000000 ) ) ;
#7172 = CARTESIAN_POINT ( 'NONE',  ( 0.6368783199567772391, -7.715384150494173809, 3.720000000000000195 ) ) ;
#7173 = PLANE ( 'NONE',  #1494 ) ;
#7174 = CARTESIAN_POINT ( 'NONE',  ( -0.6907797999513707321, -11.76676649463742130, 3.319999999999998952 ) ) ;
#7175 = ORIENTED_EDGE ( 'NONE', *, *, #871, .F. ) ;
#7176 = CARTESIAN_POINT ( 'NONE',  ( -1.300000000000004263, 13.19999999999999929, 1.180000000000000160 ) ) ;
#7177 = ORIENTED_EDGE ( 'NONE', *, *, #2674, .F. ) ;
#7178 = CARTESIAN_POINT ( 'NONE',  ( -4.400000000000003020, 15.80000000000000426, 3.720000000000000195 ) ) ;
#7179 = CARTESIAN_POINT ( 'NONE',  ( -0.6683769651189270800, -7.459377824633434351, 3.320000000000000284 ) ) ;
#7180 = ORIENTED_EDGE ( 'NONE', *, *, #4953, .T. ) ;
#7181 = DIRECTION ( 'NONE',  ( 1.000000000000000000, 0.000000000000000000, 0.000000000000000000 ) ) ;
#7182 = CARTESIAN_POINT ( 'NONE',  ( -11.70000000000000462, 15.80000000000000071, 3.720000000000000195 ) ) ;
#7183 = CARTESIAN_POINT ( 'NONE',  ( 11.29999999999999716, 13.19999999999999929, 2.720000000000000195 ) ) ;
#7184 = CARTESIAN_POINT ( 'NONE',  ( 0.2499247949663251367, 8.527059947136326201, 3.720000000000000195 ) ) ;
#7185 = CARTESIAN_POINT ( 'NONE',  ( 12.50000000000000000, -16.60000000000000142, -2.000000000000000000 ) ) ;
#7186 = ADVANCED_FACE ( 'NONE', ( #34 ), #644, .T. ) ;
#7187 = EDGE_LOOP ( 'NONE', ( #2876, #718, #6016, #7619 ) ) ;
#7188 = ORIENTED_EDGE ( 'NONE', *, *, #1519, .F. ) ;
#7189 = CARTESIAN_POINT ( 'NONE',  ( -0.7647935289299603312, -6.304901350054332276, 3.319999999999998952 ) ) ;
#7190 = DIRECTION ( 'NONE',  ( -2.891205793294679312E-16, 1.000000000000000000, 0.000000000000000000 ) ) ;
#7191 = CARTESIAN_POINT ( 'NONE',  ( 0.1203997042369234632, 6.006902941922199091, 3.719999999999999307 ) ) ;
#7192 = CARTESIAN_POINT ( 'NONE',  ( -0.6321907238338541069, 2.801894668341123662, 3.720000000000000639 ) ) ;
#7193 = ADVANCED_FACE ( 'NONE', ( #4480 ), #3222, .F. ) ;
#7194 = FACE_OUTER_BOUND ( 'NONE', #3545, .T. ) ;
#7195 = EDGE_CURVE ( 'NONE', #193, #5173, #5743, .T. ) ;
#7196 = VERTEX_POINT ( 'NONE', #5010 ) ;
#7197 = VERTEX_POINT ( 'NONE', #156 ) ;
#7198 = VECTOR ( 'NONE', #1081, 1000.000000000000000 ) ;
#7199 = CARTESIAN_POINT ( 'NONE',  ( 0.3924810674875682248, -11.16651720353779531, 3.320000000000001172 ) ) ;
#7200 = PLANE ( 'NONE',  #7127 ) ;
#7201 = ORIENTED_EDGE ( 'NONE', *, *, #3671, .F. ) ;
#7202 = ADVANCED_FACE ( 'NONE', ( #5134 ), #7622, .F. ) ;
#7203 = ORIENTED_EDGE ( 'NONE', *, *, #4852, .T. ) ;
#7204 = DIRECTION ( 'NONE',  ( -0.9425425453382622054, -0.3340861419264045673, 0.000000000000000000 ) ) ;
#7205 = CARTESIAN_POINT ( 'NONE',  ( -2.400000000000004352, 16.60000000000000142, 1.180000000000000160 ) ) ;
#7206 = ADVANCED_FACE ( 'NONE', ( #7013 ), #1296, .T. ) ;
#7207 = DIRECTION ( 'NONE',  ( -0.000000000000000000, -0.000000000000000000, -1.000000000000000000 ) ) ;
#7208 = CARTESIAN_POINT ( 'NONE',  ( 11.69999999999999751, 15.80000000000000071, 3.720000000000000195 ) ) ;
#7209 = VECTOR ( 'NONE', #2424, 1000.000000000000000 ) ;
#7210 = CARTESIAN_POINT ( 'NONE',  ( 0.08097657195622182114, -9.997314392699767183, 3.319999999999999396 ) ) ;
#7211 = CARTESIAN_POINT ( 'NONE',  ( 4.536781844187784962, -2.306307401994700523, 3.720000000000002416 ) ) ;
#7212 = CARTESIAN_POINT ( 'NONE',  ( -13.30000000000001137, 15.80000000000000071, -2.000000000000000000 ) ) ;
#7213 = CARTESIAN_POINT ( 'NONE',  ( -0.6905776508824017501, -2.096499597300987450, 3.719999999999998863 ) ) ;
#7214 = VERTEX_POINT ( 'NONE', #5786 ) ;
#7215 = CARTESIAN_POINT ( 'NONE',  ( 4.536077841974388569, -13.39392723107262562, 3.719999999999999751 ) ) ;
#7216 = ORIENTED_EDGE ( 'NONE', *, *, #7761, .F. ) ;
#7217 = CARTESIAN_POINT ( 'NONE',  ( 4.536616064929916092, 2.908310214389167037, 3.719999999999998863 ) ) ;
#7218 = CARTESIAN_POINT ( 'NONE',  ( -12.30000000000000426, 7.200000000000001954, 1.180000000000000160 ) ) ;
#7219 = EDGE_LOOP ( 'NONE', ( #6178, #6484, #2572, #1599 ) ) ;
#7220 = FACE_OUTER_BOUND ( 'NONE', #3652, .T. ) ;
#7221 = CARTESIAN_POINT ( 'NONE',  ( -0.03293378579303528342, 4.473060529900686255, 3.319999999999999840 ) ) ;
#7222 = CARTESIAN_POINT ( 'NONE',  ( 2.014586592403877940, -5.284771751577046928, 3.319999999999999396 ) ) ;
#7223 = DIRECTION ( 'NONE',  ( 0.000000000000000000, 0.000000000000000000, -1.000000000000000000 ) ) ;
#7224 = VECTOR ( 'NONE', #7943, 1000.000000000000000 ) ;
#7225 = LINE ( 'NONE', #2783, #7899 ) ;
#7226 = VERTEX_POINT ( 'NONE', #195 ) ;
#7227 = ORIENTED_EDGE ( 'NONE', *, *, #4606, .T. ) ;
#7228 = CARTESIAN_POINT ( 'NONE',  ( 4.428555836397059409, 2.964460784313727171, 3.319999999999999840 ) ) ;
#7229 = CARTESIAN_POINT ( 'NONE',  ( 4.599736752102543846, 2.584904392107866489, 3.320000000000000728 ) ) ;
#7230 = CARTESIAN_POINT ( 'NONE',  ( 1.874290189447911814, 4.988193185642730398, 3.319999999999999396 ) ) ;
#7231 = EDGE_CURVE ( 'NONE', #1772, #43, #1991, .T. ) ;
#7232 = LINE ( 'NONE', #3409, #264 ) ;
#7233 = DIRECTION ( 'NONE',  ( -1.000000000000000000, 0.000000000000000000, 0.000000000000000000 ) ) ;
#7234 = VECTOR ( 'NONE', #6943, 1000.000000000000000 ) ;
#7235 = ORIENTED_EDGE ( 'NONE', *, *, #883, .F. ) ;
#7236 = ORIENTED_EDGE ( 'NONE', *, *, #7731, .F. ) ;
#7237 = CARTESIAN_POINT ( 'NONE',  ( 0.2723681607786632153, -11.31952680855934190, 3.719999999999999307 ) ) ;
#7238 = DIRECTION ( 'NONE',  ( 1.000000000000000000, 2.965339275174029533E-16, -0.000000000000000000 ) ) ;
#7239 = EDGE_CURVE ( 'NONE', #7483, #5794, #234, .T. ) ;
#7240 = VERTEX_POINT ( 'NONE', #6486 ) ;
#7241 = CARTESIAN_POINT ( 'NONE',  ( 12.49333333333333229, 18.59333333333333371, -0.01333333333333741599 ) ) ;
#7242 = CARTESIAN_POINT ( 'NONE',  ( 11.70000000000000107, -15.80000000000000071, 2.720000000000000195 ) ) ;
#7243 = VECTOR ( 'NONE', #5133, 1000.000000000000000 ) ;
#7244 = CARTESIAN_POINT ( 'NONE',  ( 4.429771752450980316, -2.249387254901959121, 3.720000000000000195 ) ) ;
#7245 = CIRCLE ( 'NONE', #3338, 0.2999999999999999334 ) ;
#7246 = ADVANCED_FACE ( 'NONE', ( #2845 ), #1548, .F. ) ;
#7247 = PLANE ( 'NONE',  #4072 ) ;
#7248 = AXIS2_PLACEMENT_3D ( 'NONE', #3423, #4565, #1547 ) ;
#7249 = EDGE_CURVE ( 'NONE', #5388, #7240, #4046, .T. ) ;
#7250 = VECTOR ( 'NONE', #1192, 1000.000000000000000 ) ;
#7251 = CARTESIAN_POINT ( 'NONE',  ( -0.6553355458517194920, -11.27614200691671975, 3.319999999999998952 ) ) ;
#7252 = DIRECTION ( 'NONE',  ( 0.000000000000000000, 0.000000000000000000, -1.000000000000000000 ) ) ;
#7253 = CARTESIAN_POINT ( 'NONE',  ( 3.270389720786873067, 7.418552205938450328, 3.320000000000000284 ) ) ;
#7254 = CIRCLE ( 'NONE', #4769, 0.8000000000000003775 ) ;
#7255 = CARTESIAN_POINT ( 'NONE',  ( -0.6674336935153163397, 2.727099477895984059, 3.320000000000000284 ) ) ;
#7256 = VECTOR ( 'NONE', #4829, 1000.000000000000000 ) ;
#7257 = VECTOR ( 'NONE', #1643, 1000.000000000000000 ) ;
#7258 = ORIENTED_EDGE ( 'NONE', *, *, #5586, .T. ) ;
#7259 = VECTOR ( 'NONE', #5625, 1000.000000000000000 ) ;
#7260 = CARTESIAN_POINT ( 'NONE',  ( 3.651875885848974157, -8.831700331566464612, 3.720000000000000195 ) ) ;
#7261 = ORIENTED_EDGE ( 'NONE', *, *, #7337, .F. ) ;
#7262 = EDGE_CURVE ( 'NONE', #641, #4191, #4081, .T. ) ;
#7264 = VECTOR ( 'NONE', #1162, 1000.000000000000000 ) ;
#7263 = CARTESIAN_POINT ( 'NONE',  ( 1.860909635711126997, -11.66072884277839350, 3.319999999999999840 ) ) ;
#7265 = LINE ( 'NONE', #5877, #2311 ) ;
#7266 = AXIS2_PLACEMENT_3D ( 'NONE', #3210, #2518, #6842 ) ;
#7267 = ORIENTED_EDGE ( 'NONE', *, *, #6008, .T. ) ;
#7268 = CARTESIAN_POINT ( 'NONE',  ( 4.558138955834660777, -12.48645740063006748, 3.320000000000000284 ) ) ;
#7269 = VECTOR ( 'NONE', #5604, 1000.000000000000000 ) ;
#7270 = DIRECTION ( 'NONE',  ( 1.000000000000000000, 0.000000000000000000, 0.000000000000000000 ) ) ;
#7271 = DIRECTION ( 'NONE',  ( 0.000000000000000000, 0.000000000000000000, 1.000000000000000000 ) ) ;
#7272 = CARTESIAN_POINT ( 'NONE',  ( -3.700000000000003730, -2.399999999999999467, 1.180000000000000160 ) ) ;
#7273 = ORIENTED_EDGE ( 'NONE', *, *, #5331, .F. ) ;
#7274 = ORIENTED_EDGE ( 'NONE', *, *, #3457, .T. ) ;
#7275 = CARTESIAN_POINT ( 'NONE',  ( 3.185488916432714923, -9.026341288928311002, 3.320000000000001172 ) ) ;
#7276 = CARTESIAN_POINT ( 'NONE',  ( 4.599999999999999645, 2.456207873774511441, 3.719999999999998419 ) ) ;
#7277 = PLANE ( 'NONE',  #211 ) ;
#7278 = CARTESIAN_POINT ( 'NONE',  ( 3.651875885848975045, 4.164010452747260338, 3.720000000000000639 ) ) ;
#7279 = CARTESIAN_POINT ( 'NONE',  ( 0.1651700160415826013, -7.147044791183374990, 3.719999999999999751 ) ) ;
#7280 = EDGE_CURVE ( 'NONE', #1178, #614, #7857, .T. ) ;
#7281 = ORIENTED_EDGE ( 'NONE', *, *, #4701, .T. ) ;
#7282 = EDGE_LOOP ( 'NONE', ( #3281, #887, #7860, #6129 ) ) ;
#7283 = FACE_OUTER_BOUND ( 'NONE', #2116, .T. ) ;
#7284 = DIRECTION ( 'NONE',  ( 1.000000000000000000, 0.000000000000000000, 0.000000000000000000 ) ) ;
#7285 = ORIENTED_EDGE ( 'NONE', *, *, #4555, .F. ) ;
#7286 = VERTEX_POINT ( 'NONE', #5292 ) ;
#7287 = CARTESIAN_POINT ( 'NONE',  ( 0.6368783199567772391, -7.715384150494173809, 3.319999999999999840 ) ) ;
#7288 = PLANE ( 'NONE',  #5769 ) ;
#7289 = AXIS2_PLACEMENT_3D ( 'NONE', #7735, #3332, #6517 ) ;
#7290 = CARTESIAN_POINT ( 'NONE',  ( -13.30000000000000426, 5.500000000000000000, 6.240000000000000213 ) ) ;
#7291 = ADVANCED_FACE ( 'NONE', ( #5370 ), #691, .T. ) ;
#7292 = CARTESIAN_POINT ( 'NONE',  ( 4.589878291051367576, 2.219859958553943802, 3.319999999999999396 ) ) ;
#7293 = CARTESIAN_POINT ( 'NONE',  ( 2.508873867356993692, -4.154579404831865830, 3.320000000000000284 ) ) ;
#7294 = CARTESIAN_POINT ( 'NONE',  ( -11.69999999999999751, 16.60000000000000142, -0.5000000000000000000 ) ) ;
#7295 = CIRCLE ( 'NONE', #6127, 0.3000000000000001554 ) ;
#7296 = CARTESIAN_POINT ( 'NONE',  ( -0.2636642156862746278, 2.964460784313727171, 3.319999999999999840 ) ) ;
#7297 = EDGE_CURVE ( 'NONE', #2759, #6336, #615, .T. ) ;
#7298 = CARTESIAN_POINT ( 'NONE',  ( -0.6903879525857190558, 2.574270766563547586, 3.720000000000000195 ) ) ;
#7299 = EDGE_CURVE ( 'NONE', #2722, #2954, #5694, .T. ) ;
#7300 = ORIENTED_EDGE ( 'NONE', *, *, #2328, .T. ) ;
#7301 = CARTESIAN_POINT ( 'NONE',  ( -11.70000000000000462, -17.40000000000000924, -2.000000000000000000 ) ) ;
#7302 = ORIENTED_EDGE ( 'NONE', *, *, #422, .F. ) ;
#7303 = PLANE ( 'NONE',  #468 ) ;
#7304 = CARTESIAN_POINT ( 'NONE',  ( 1.749716334588010680, 7.709749204927950572, 3.720000000000001528 ) ) ;
#7305 = EDGE_LOOP ( 'NONE', ( #1600, #1541, #3791, #5350 ) ) ;
#7306 = CARTESIAN_POINT ( 'NONE',  ( 4.467642206499518487, -12.36885799240190487, 3.719999999999999751 ) ) ;
#7307 =( LENGTH_UNIT ( ) NAMED_UNIT ( * ) SI_UNIT ( .MILLI., .METRE. ) );
#7308 = CARTESIAN_POINT ( 'NONE',  ( -0.5209001282846290604, -3.201846765083113500, 3.320000000000001172 ) ) ;
#7309 = CARTESIAN_POINT ( 'NONE',  ( 0.1573584998753238262, -6.123893486709547140, 3.319999999999999840 ) ) ;
#7310 = CARTESIAN_POINT ( 'NONE',  ( 2.672588160371158317, 7.646500050904040613, 3.719999999999998863 ) ) ;
#7311 = ADVANCED_FACE ( 'NONE', ( #1319 ), #2928, .T. ) ;
#7312 = ORIENTED_EDGE ( 'NONE', *, *, #7107, .T. ) ;
#7313 = CARTESIAN_POINT ( 'NONE',  ( 0.04975960708691136436, 8.401680215228761739, 3.719999999999998863 ) ) ;
#7314 = ORIENTED_EDGE ( 'NONE', *, *, #4252, .T. ) ;
#7315 = CARTESIAN_POINT ( 'NONE',  ( 2.098934823967300911, -9.173547036301046731, 3.319999999999999840 ) ) ;
#7316 = CARTESIAN_POINT ( 'NONE',  ( -0.1262612786687399569, -4.742810333724312599, 3.319999999999998952 ) ) ;
#7317 = CARTESIAN_POINT ( 'NONE',  ( 4.599944102566072779, -2.711811040142298346, 3.720000000000000195 ) ) ;
#7318 = CARTESIAN_POINT ( 'NONE',  ( 3.623287720081254548, 5.559347012897300822, 3.319999999999999840 ) ) ;
#7319 = DIRECTION ( 'NONE',  ( 0.000000000000000000, 0.000000000000000000, -1.000000000000000000 ) ) ;
#7320 = PLANE ( 'NONE',  #4343 ) ;
#7321 = ORIENTED_EDGE ( 'NONE', *, *, #5153, .F. ) ;
#7322 = ORIENTED_EDGE ( 'NONE', *, *, #3704, .F. ) ;
#7323 = LINE ( 'NONE', #5561, #2567 ) ;
#7324 = FACE_OUTER_BOUND ( 'NONE', #3599, .T. ) ;
#7325 = ORIENTED_EDGE ( 'NONE', *, *, #5795, .T. ) ;
#7326 = ORIENTED_EDGE ( 'NONE', *, *, #4835, .T. ) ;
#7327 = DIRECTION ( 'NONE',  ( 0.000000000000000000, 0.000000000000000000, 1.000000000000000000 ) ) ;
#7328 = CARTESIAN_POINT ( 'NONE',  ( 2.614830725586548610, -11.00644666026843232, 3.319999999999999840 ) ) ;
#7329 = DIRECTION ( 'NONE',  ( -0.000000000000000000, -0.000000000000000000, 1.000000000000000000 ) ) ;
#7330 = VECTOR ( 'NONE', #7016, 1000.000000000000000 ) ;
#7331 = DIRECTION ( 'NONE',  ( -0.000000000000000000, -1.000000000000000000, -0.000000000000000000 ) ) ;
#7332 = CARTESIAN_POINT ( 'NONE',  ( -0.6685516761510745809, -11.37428239554581388, 3.320000000000000284 ) ) ;
#7333 = DIRECTION ( 'NONE',  ( 0.000000000000000000, 0.7071067811865470176, -0.7071067811865479058 ) ) ;
#7334 = ORIENTED_EDGE ( 'NONE', *, *, #7540, .T. ) ;
#7335 = VECTOR ( 'NONE', #5685, 1000.000000000000000 ) ;
#7336 = CARTESIAN_POINT ( 'NONE',  ( -3.300000000000004263, -16.60000000000000497, 2.720000000000000195 ) ) ;
#7337 = EDGE_CURVE ( 'NONE', #3470, #7620, #4384, .T. ) ;
#7338 = CARTESIAN_POINT ( 'NONE',  ( -0.5819956713689760086, 2.862091252051493839, 3.320000000000001616 ) ) ;
#7339 = B_SPLINE_CURVE_WITH_KNOTS ( 'NONE', 3,
 ( #3589, #4967, #3058, #3100, #600, #4889, #7427, #1797, #4288, #4324, #6734 ),
 .UNSPECIFIED., .F., .F.,
 ( 4, 1, 1, 1, 1, 1, 1, 1, 4 ),
 ( 0.000000000000000000, 0.2329775814554020941, 0.4270831855953208800, 0.5828747919909919029, 0.7049663042965282900, 0.7977701322591704836, 0.8733553273976367715, 0.9360622281519258570, 1.000000000000000000 ),
 .UNSPECIFIED. ) ;
#7340 = ORIENTED_EDGE ( 'NONE', *, *, #2410, .T. ) ;
#7341 = CARTESIAN_POINT ( 'NONE',  ( -1.120000000000010321, 16.62000000000000455, 2.740000000000041958 ) ) ;
#7342 = EDGE_LOOP ( 'NONE', ( #7177, #4436, #4939, #2131 ) ) ;
#7343 = CARTESIAN_POINT ( 'NONE',  ( 12.50000000000000000, 16.60000000000000497, -2.000000000000000000 ) ) ;
#7344 = CARTESIAN_POINT ( 'NONE',  ( 0.2161872585927955281, 7.010976821104362600, 3.720000000000001084 ) ) ;
#7345 = CARTESIAN_POINT ( 'NONE',  ( -11.69999999999999929, -15.80000000000000426, -0.5000000000000000000 ) ) ;
#7346 = EDGE_CURVE ( 'NONE', #67, #5834, #4161, .T. ) ;
#7347 = FACE_OUTER_BOUND ( 'NONE', #6438, .T. ) ;
#7348 = CARTESIAN_POINT ( 'NONE',  ( 0.7280575301023723966, -5.495202793758052984, 3.319999999999999840 ) ) ;
#7349 = FACE_OUTER_BOUND ( 'NONE', #7353, .T. ) ;
#7350 = ORIENTED_EDGE ( 'NONE', *, *, #2573, .F. ) ;
#7351 = EDGE_CURVE ( 'NONE', #325, #3313, #3487, .T. ) ;
#7352 = CARTESIAN_POINT ( 'NONE',  ( 2.537481044252467122, -7.972915107463330209, 3.720000000000001528 ) ) ;
#7353 = EDGE_LOOP ( 'NONE', ( #439, #285, #6832, #3395 ) ) ;
#7354 = CARTESIAN_POINT ( 'NONE',  ( -4.000000000000003553, -2.399999999999999467, 2.720000000000000195 ) ) ;
#7355 = CARTESIAN_POINT ( 'NONE',  ( -0.7694852941176472116, -6.595071231617643193, 3.720000000000000195 ) ) ;
#7356 = CARTESIAN_POINT ( 'NONE',  ( 4.599999999999999645, -2.757640165441175295, 3.720000000000000195 ) ) ;
#7357 = LINE ( 'NONE', #3770, #5816 ) ;
#7358 = ADVANCED_FACE ( 'NONE', ( #7942 ), #705, .F. ) ;
#7359 = CARTESIAN_POINT ( 'NONE',  ( 4.522619889024491080, 5.216160333055366749, 3.319999999999999396 ) ) ;
#7360 = CARTESIAN_POINT ( 'NONE',  ( 4.388927285258673372, 7.645832914102855149, 3.720000000000001972 ) ) ;
#7361 = ORIENTED_EDGE ( 'NONE', *, *, #7692, .T. ) ;
#7362 = ORIENTED_EDGE ( 'NONE', *, *, #2078, .T. ) ;
#7363 = CARTESIAN_POINT ( 'NONE',  ( -5.000000000000002665, 6.600000000000001421, 2.720000000000000195 ) ) ;
#7364 = DIRECTION ( 'NONE',  ( 1.000000000000000000, -0.000000000000000000, -0.000000000000000000 ) ) ;
#7365 = ORIENTED_EDGE ( 'NONE', *, *, #73, .T. ) ;
#7366 = CARTESIAN_POINT ( 'NONE',  ( 4.318756282232527610, -8.208437179940135664, 3.319999999999998952 ) ) ;
#7367 = PLANE ( 'NONE',  #1146 ) ;
#7368 = CARTESIAN_POINT ( 'NONE',  ( -0.6883293878983266501, 1.680735994199329619, 3.319999999999999840 ) ) ;
#7369 = DIRECTION ( 'NONE',  ( 0.000000000000000000, 0.000000000000000000, -1.000000000000000000 ) ) ;
#7370 = VECTOR ( 'NONE', #5381, 1000.000000000000114 ) ;
#7371 = FACE_OUTER_BOUND ( 'NONE', #4207, .T. ) ;
#7372 = CARTESIAN_POINT ( 'NONE',  ( 0.5975463920718844246, -9.818893160180714119, 3.320000000000000284 ) ) ;
#7373 = ORIENTED_EDGE ( 'NONE', *, *, #1360, .T. ) ;
#7374 = CARTESIAN_POINT ( 'NONE',  ( 2.705151222730521443, -11.43212497994910315, 3.720000000000000639 ) ) ;
#7375 = CARTESIAN_POINT ( 'NONE',  ( -0.5021615049824817989, -10.69341571770276289, 3.319999999999999396 ) ) ;
#7376 = CIRCLE ( 'NONE', #6601, 0.8000000000000003775 ) ;
#7377 = ADVANCED_FACE ( 'NONE', ( #4198 ), #6224, .T. ) ;
#7378 = ORIENTED_EDGE ( 'NONE', *, *, #1126, .T. ) ;
#7379 = AXIS2_PLACEMENT_3D ( 'NONE', #5237, #2142, #790 ) ;
#7380 = DIRECTION ( 'NONE',  ( -0.000000000000000000, -0.000000000000000000, 1.000000000000000000 ) ) ;
#7381 = ORIENTED_EDGE ( 'NONE', *, *, #7703, .F. ) ;
#7382 = DIRECTION ( 'NONE',  ( 0.000000000000000000, 0.000000000000000000, -1.000000000000000000 ) ) ;
#7383 = CARTESIAN_POINT ( 'NONE',  ( -0.7672072574601828121, -6.698125529157858082, 3.320000000000000284 ) ) ;
#7384 = AXIS2_PLACEMENT_3D ( 'NONE', #3431, #7057, #4531 ) ;
#7385 = CARTESIAN_POINT ( 'NONE',  ( -0.3508528326112009821, 4.839849188730313223, 3.720000000000001084 ) ) ;
#7386 = CARTESIAN_POINT ( 'NONE',  ( -11.70000000000000107, 15.80000000000000071, 2.720000000000000195 ) ) ;
#7387 = AXIS2_PLACEMENT_3D ( 'NONE', #2266, #4748, #2918 ) ;
#7388 = PLANE ( 'NONE',  #4988 ) ;
#7389 = DIRECTION ( 'NONE',  ( 1.000000000000000000, 0.000000000000000000, 0.000000000000000000 ) ) ;
#7390 = VECTOR ( 'NONE', #1964, 1000.000000000000000 ) ;
#7391 = EDGE_CURVE ( 'NONE', #7615, #6361, #1046, .T. ) ;
#7392 = ORIENTED_EDGE ( 'NONE', *, *, #5817, .F. ) ;
#7393 = VECTOR ( 'NONE', #1775, 1000.000000000000000 ) ;
#7394 = VECTOR ( 'NONE', #3133, 1000.000000000000000 ) ;
#7395 = CARTESIAN_POINT ( 'NONE',  ( 3.183552149108343610, -7.798002094712063403, 3.720000000000000195 ) ) ;
#7396 = VERTEX_POINT ( 'NONE', #628 ) ;
#7397 = AXIS2_PLACEMENT_3D ( 'NONE', #5756, #5107, #778 ) ;
#7398 = CARTESIAN_POINT ( 'NONE',  ( 4.186240696848508414, -8.394996592414681658, 3.319999999999998952 ) ) ;
#7399 = CARTESIAN_POINT ( 'NONE',  ( -0.2636642156862746278, -3.261029411764704289, 3.319999999999999840 ) ) ;
#7400 = CARTESIAN_POINT ( 'NONE',  ( 11.50000000000000178, 17.60000000000000142, 3.720000000000000195 ) ) ;
#7401 = CARTESIAN_POINT ( 'NONE',  ( -12.50000000000000355, -15.80000000000000426, -1.500000000000000000 ) ) ;
#7402 = CARTESIAN_POINT ( 'NONE',  ( -2.100000000000002753, 13.19999999999999929, 3.720000000000000195 ) ) ;
#7403 = CARTESIAN_POINT ( 'NONE',  ( 2.207046322889366419, 8.874173642151074404, 3.720000000000000639 ) ) ;
#7404 = ADVANCED_FACE ( 'NONE', ( #5032 ), #6619, .F. ) ;
#7405 = AXIS2_PLACEMENT_3D ( 'NONE', #8014, #2435, #1169 ) ;
#7406 = EDGE_CURVE ( 'NONE', #3489, #3131, #3582, .T. ) ;
#7407 = ORIENTED_EDGE ( 'NONE', *, *, #5495, .F. ) ;
#7408 = ORIENTED_EDGE ( 'NONE', *, *, #4561, .F. ) ;
#7409 = DIRECTION ( 'NONE',  ( 1.000000000000000000, 0.000000000000000000, 0.000000000000000000 ) ) ;
#7410 = DIRECTION ( 'NONE',  ( -1.000000000000000000, -0.000000000000000000, -0.000000000000000000 ) ) ;
#7411 = ORIENTED_EDGE ( 'NONE', *, *, #3972, .T. ) ;
#7412 = ORIENTED_EDGE ( 'NONE', *, *, #2653, .F. ) ;
#7413 = DIRECTION ( 'NONE',  ( -1.000000000000000000, 0.000000000000000000, -0.000000000000000000 ) ) ;
#7414 = LINE ( 'NONE', #1823, #2124 ) ;
#7415 = B_SPLINE_SURFACE_WITH_KNOTS ( 'NONE', 3, 1, ( 
 ( #5, #7957 ),
 ( #4857, #1104 ),
 ( #3598, #5510 ),
 ( #6092, #572 ),
 ( #1187, #7352 ),
 ( #3680, #4819 ),
 ( #2377, #495 ),
 ( #2988, #2416 ),
 ( #7434, #7395 ),
 ( #4895, #4371 ),
 ( #4295, #6167 ),
 ( #6782, #3067 ),
 ( #1151, #5471 ),
 ( #2493, #1882 ),
 ( #1063, #5546 ),
 ( #1806, #8036 ),
 ( #4331, #1761 ),
 ( #2456, #7997 ),
 ( #5589, #4254 ) ),
 .UNSPECIFIED., .F., .F., .F.,
 ( 4, 1, 1, 1, 1, 1, 1, 1, 1, 1, 1, 1, 1, 1, 1, 1, 4 ),
 ( 2, 2 ),
 ( 0.000000000000000000, 0.07998687184711987530, 0.1559865130290785662, 0.2277006833242030681, 0.2961486476827291381, 0.3608880826660946783, 0.4217378579292103691, 0.4798847986416893141, 0.5355057445050774856, 0.5892689189416134843, 0.6422809993223053127, 0.6946689085360283622, 0.7481243169006164262, 0.8040541819839501780, 0.8644630359991968271, 0.9290926937957373344, 1.000000000000000000 ),
 ( 0.000000000000000000, 1.000000000000000000 ),
 .UNSPECIFIED. ) ;
#7416 = FACE_OUTER_BOUND ( 'NONE', #6119, .T. ) ;
#7417 = ADVANCED_FACE ( 'NONE', ( #6915 ), #2321, .T. ) ;
#7418 = DIRECTION ( 'NONE',  ( -0.000000000000000000, -0.000000000000000000, 1.000000000000000000 ) ) ;
#7419 = B_SPLINE_SURFACE_WITH_KNOTS ( 'NONE', 3, 1, ( 
 ( #4042, #1501 ),
 ( #4717, #1619 ),
 ( #4680, #7169 ),
 ( #4078, #4560 ),
 ( #238, #6559 ),
 ( #2680, #5172 ),
 ( #3990, #963 ),
 ( #2079, #6479 ),
 ( #3456, #892 ),
 ( #2761, #348 ),
 ( #2153, #5215 ) ),
 .UNSPECIFIED., .F., .F., .F.,
 ( 4, 1, 1, 1, 1, 1, 1, 1, 4 ),
 ( 2, 2 ),
 ( 0.000000000000000000, 0.2307313715838278656, 0.4202245970738951453, 0.5733066572504014191, 0.6969176508348614574, 0.7916874715686683661, 0.8673325780455298784, 0.9320749550736062705, 1.000000000000000000 ),
 ( 0.000000000000000000, 1.000000000000000000 ),
 .UNSPECIFIED. ) ;
#7420 = DIRECTION ( 'NONE',  ( -0.000000000000000000, -0.000000000000000000, 1.000000000000000000 ) ) ;
#7421 = EDGE_LOOP ( 'NONE', ( #442, #6840, #3774, #4896 ) ) ;
#7422 = CARTESIAN_POINT ( 'NONE',  ( 1.682328125744839253, -9.935059128441690035, 3.719999999999999751 ) ) ;
#7423 = CARTESIAN_POINT ( 'NONE',  ( -0.6321907238338541069, 2.801894668341123662, 3.320000000000000284 ) ) ;
#7424 = ORIENTED_EDGE ( 'NONE', *, *, #7806, .F. ) ;
#7425 = ORIENTED_EDGE ( 'NONE', *, *, #610, .F. ) ;
#7426 = CARTESIAN_POINT ( 'NONE',  ( 2.732352941176470651, -12.36580882352940947, 3.319999999999999840 ) ) ;
#7427 = CARTESIAN_POINT ( 'NONE',  ( 4.536077841974388569, -13.39392723107262562, 3.719999999999999751 ) ) ;
#7428 = CARTESIAN_POINT ( 'NONE',  ( -0.6683769651189270800, 5.536332959680291488, 3.720000000000000639 ) ) ;
#7429 = CARTESIAN_POINT ( 'NONE',  ( -0.6916666666666668739, -2.857345281862743391, 3.319999999999999840 ) ) ;
#7430 = ADVANCED_FACE ( 'NONE', ( #5681 ), #102, .T. ) ;
#7431 = CARTESIAN_POINT ( 'NONE',  ( 4.441676628387185133, -3.259728861054607130, 3.320000000000000284 ) ) ;
#7432 = CARTESIAN_POINT ( 'NONE',  ( 4.600000000000000533, -0.1811140471813708352, 3.320000000000000284 ) ) ;
#7433 = ORIENTED_EDGE ( 'NONE', *, *, #1354, .F. ) ;
#7434 = CARTESIAN_POINT ( 'NONE',  ( 3.183552149108343610, -7.798002094712063403, 3.319999999999999396 ) ) ;
#7435 = ORIENTED_EDGE ( 'NONE', *, *, #1564, .T. ) ;
#7436 = CARTESIAN_POINT ( 'NONE',  ( -12.50000000000000000, -15.80000000000000426, -2.000000000000000000 ) ) ;
#7437 = CARTESIAN_POINT ( 'NONE',  ( 0.7114590718654819623, -4.270930253797074805, 3.720000000000000195 ) ) ;
#7438 = CARTESIAN_POINT ( 'NONE',  ( 0.2723681607786632153, -11.31952680855934190, 3.319999999999999840 ) ) ;
#7439 = DIRECTION ( 'NONE',  ( -0.000000000000000000, -0.7071067811865486830, -0.7071067811865464625 ) ) ;
#7440 = CARTESIAN_POINT ( 'NONE',  ( 4.593240460903885491, 5.459865670122503900, 3.319999999999999840 ) ) ;
#7441 = ADVANCED_FACE ( 'NONE', ( #1894 ), #4238, .T. ) ;
#7442 = CARTESIAN_POINT ( 'NONE',  ( 4.427339920343137614, -12.36580882352940947, 3.319999999999999840 ) ) ;
#7443 = ORIENTED_EDGE ( 'NONE', *, *, #6640, .F. ) ;
#7444 = ORIENTED_EDGE ( 'NONE', *, *, #6503, .F. ) ;
#7445 = DIRECTION ( 'NONE',  ( -1.000000000000000000, 0.000000000000000000, 0.000000000000000000 ) ) ;
#7446 = CARTESIAN_POINT ( 'NONE',  ( 4.599869662451130381, -12.96081952704074958, 3.319999999999999396 ) ) ;
#7447 = ADVANCED_FACE ( 'NONE', ( #1237 ), #3735, .F. ) ;
#7448 = ORIENTED_EDGE ( 'NONE', *, *, #5463, .F. ) ;
#7449 = CARTESIAN_POINT ( 'NONE',  ( 4.677818627450980316, -6.693560431985290826, 3.719999999999998863 ) ) ;
#7450 = CARTESIAN_POINT ( 'NONE',  ( 3.535695553811072589, -7.547309634191011973, 3.719999999999999751 ) ) ;
#7451 = EDGE_CURVE ( 'NONE', #3844, #5873, #3780, .T. ) ;
#7452 = CARTESIAN_POINT ( 'NONE',  ( 0.8555492643206568104, -10.96819425261583270, 3.720000000000000195 ) ) ;
#7453 = CARTESIAN_POINT ( 'NONE',  ( -1.800000000000003597, -4.599999999999999645, 1.180000000000000160 ) ) ;
#7454 = ADVANCED_FACE ( 'NONE', ( #5641 ), #59, .T. ) ;
#7455 = CARTESIAN_POINT ( 'NONE',  ( -0.6907797999513707321, -11.76676649463742130, 3.719999999999999307 ) ) ;
#7456 = VERTEX_POINT ( 'NONE', #5889 ) ;
#7457 = FACE_OUTER_BOUND ( 'NONE', #4793, .T. ) ;
#7458 = EDGE_CURVE ( 'NONE', #202, #6774, #1979, .T. ) ;
#7459 = CARTESIAN_POINT ( 'NONE',  ( -1.900000000000004130, 17.39999999999999503, 1.180000000000000160 ) ) ;
#7460 = VERTEX_POINT ( 'NONE', #301 ) ;
#7461 = VERTEX_POINT ( 'NONE', #7073 ) ;
#7462 = CARTESIAN_POINT ( 'NONE',  ( 0.9011833639705878474, -9.797794117647057988, 3.319999999999999840 ) ) ;
#7463 = CARTESIAN_POINT ( 'NONE',  ( 0.3793862580545635521, 7.246384824975100614, 3.320000000000000284 ) ) ;
#7464 = CARTESIAN_POINT ( 'NONE',  ( 1.951734834558823461, -5.284313725490193292, 3.719999999999998863 ) ) ;
#7465 = DIRECTION ( 'NONE',  ( 0.000000000000000000, 0.000000000000000000, 1.000000000000000000 ) ) ;
#7466 = PLANE ( 'NONE',  #831 ) ;
#7467 = CARTESIAN_POINT ( 'NONE',  ( 0.4813877927264149648, -5.650762489072276296, 3.319999999999998064 ) ) ;
#7468 = LINE ( 'NONE', #1841, #1531 ) ;
#7469 = VECTOR ( 'NONE', #5961, 1000.000000000000000 ) ;
#7470 = ORIENTED_EDGE ( 'NONE', *, *, #1824, .F. ) ;
#7471 = CARTESIAN_POINT ( 'NONE',  ( 12.50000000000000355, 15.80000000000000071, -0.5000000000000000000 ) ) ;
#7472 = CARTESIAN_POINT ( 'NONE',  ( -0.1262612786687403177, 8.252900450589415016, 3.320000000000000728 ) ) ;
#7473 = VERTEX_POINT ( 'NONE', #1402 ) ;
#7474 = CARTESIAN_POINT ( 'NONE',  ( 0.000000000000000000, 0.000000000000000000, 1.180000000000000160 ) ) ;
#7475 = CARTESIAN_POINT ( 'NONE',  ( 0.2499247949663248036, -4.468650837177396973, 3.719999999999999751 ) ) ;
#7476 = CARTESIAN_POINT ( 'NONE',  ( 4.593240460903885491, 5.459865670122503900, 3.319999999999999840 ) ) ;
#7477 = CARTESIAN_POINT ( 'NONE',  ( 1.876348039215686159, -12.36580882352940947, 3.319999999999999840 ) ) ;
#7478 = CIRCLE ( 'NONE', #1486, 0.8000000000000003775 ) ;
#7479 = CARTESIAN_POINT ( 'NONE',  ( 2.918494823187899545, 3.901358895735954846, 3.719999999999999307 ) ) ;
#7480 = CARTESIAN_POINT ( 'NONE',  ( 4.576445481037233698, 7.162618466529310446, 3.320000000000000284 ) ) ;
#7481 = B_SPLINE_SURFACE_WITH_KNOTS ( 'NONE', 3, 1, ( 
 ( #8045, #4339 ),
 ( #6255, #4865 ),
 ( #6712, #7403 ),
 ( #2347, #1769 ),
 ( #12, #6753 ),
 ( #2995, #4303 ),
 ( #1851, #5478 ),
 ( #1232, #622 ),
 ( #4985, #3727 ),
 ( #1111, #7964 ),
 ( #6214, #5596 ),
 ( #1813, #3688 ),
 ( #3606, #7360 ),
 ( #2385, #3773 ),
 ( #7480, #2951 ),
 ( #6101, #4261 ),
 ( #6175, #1159 ),
 ( #579, #3076 ),
 ( #5556, #6827 ) ),
 .UNSPECIFIED., .F., .F., .F.,
 ( 4, 1, 1, 1, 1, 1, 1, 1, 1, 1, 1, 1, 1, 1, 1, 1, 4 ),
 ( 2, 2 ),
 ( 0.000000000000000000, 0.07382228342945415522, 0.1440501022091540684, 0.2107282076646930513, 0.2746787875331982987, 0.3359894966732780430, 0.3953132383740302069, 0.4526620807477487185, 0.5091377853370301354, 0.5651006441719410578, 0.6213201579575615696, 0.6784104757689224385, 0.7371470321365203304, 0.7979752356230528365, 0.8617276823459042445, 0.9289725806969627575, 1.000000000000000000 ),
 ( 0.000000000000000000, 1.000000000000000000 ),
 .UNSPECIFIED. ) ;
#7482 = EDGE_LOOP ( 'NONE', ( #4746, #30, #2528, #3478 ) ) ;
#7483 = VERTEX_POINT ( 'NONE', #6424 ) ;
#7484 = ADVANCED_FACE ( 'NONE', ( #834 ), #7727, .F. ) ;
#7485 = CARTESIAN_POINT ( 'NONE',  ( 0.1643382352941175351, -11.91470396752451144, 3.320000000000000284 ) ) ;
#7486 = CARTESIAN_POINT ( 'NONE',  ( 0.000000000000000000, 17.39999999999999503, 1.180000000000000160 ) ) ;
#7487 = AXIS2_PLACEMENT_3D ( 'NONE', #2597, #3254, #1328 ) ;
#7488 = DIRECTION ( 'NONE',  ( 0.000000000000000000, -0.000000000000000000, -1.000000000000000000 ) ) ;
#7489 = ORIENTED_EDGE ( 'NONE', *, *, #603, .T. ) ;
#7490 = CARTESIAN_POINT ( 'NONE',  ( 4.599909338284354554, -0.1377398732530867864, 3.720000000000001084 ) ) ;
#7491 = DIRECTION ( 'NONE',  ( -0.7071067811865470176, 0.000000000000000000, -0.7071067811865481278 ) ) ;
#7492 = ADVANCED_FACE ( 'NONE', ( #5854 ), #3408, .T. ) ;
#7493 = CARTESIAN_POINT ( 'NONE',  ( 1.876348039215686159, -12.36580882352940947, 3.319999999999999840 ) ) ;
#7494 = FACE_OUTER_BOUND ( 'NONE', #6691, .T. ) ;
#7495 = EDGE_LOOP ( 'NONE', ( #3351, #1035, #591, #2190 ) ) ;
#7496 = DIRECTION ( 'NONE',  ( 1.000000000000000000, 0.000000000000000000, 0.000000000000000000 ) ) ;
#7497 = CARTESIAN_POINT ( 'NONE',  ( 12.50000000000000000, -3.300000000000000711, 1.180000000000000160 ) ) ;
#7498 = ADVANCED_FACE ( 'NONE', ( #750 ), #1446, .F. ) ;
#7499 = ORIENTED_EDGE ( 'NONE', *, *, #3427, .F. ) ;
#7500 = EDGE_CURVE ( 'NONE', #4927, #3106, #3940, .T. ) ;
#7501 = VERTEX_POINT ( 'NONE', #7607 ) ;
#7502 = LINE ( 'NONE', #1334, #2551 ) ;
#7503 = CARTESIAN_POINT ( 'NONE',  ( 0.09081116922072930697, 6.545801145694370327, 3.319999999999999840 ) ) ;
#7504 = CARTESIAN_POINT ( 'NONE',  ( -1.500000000000003553, -2.699999999999999289, 1.180000000000000160 ) ) ;
#7505 = CARTESIAN_POINT ( 'NONE',  ( 2.346927279405215838, 5.001552975777673993, 3.319999999999999396 ) ) ;
#7506 = AXIS2_PLACEMENT_3D ( 'NONE', #2855, #1631, #4126 ) ;
#7507 = CARTESIAN_POINT ( 'NONE',  ( 1.951734834558823461, 7.711397058823533435, 3.719999999999999751 ) ) ;
#7508 = CONICAL_SURFACE ( 'NONE', #3740, 0.8000000000000020428, 0.7853981633974476129 ) ;
#7509 = ORIENTED_EDGE ( 'NONE', *, *, #1062, .F. ) ;
#7510 = EDGE_CURVE ( 'NONE', #4856, #7790, #1359, .T. ) ;
#7511 = VECTOR ( 'NONE', #5262, 1000.000000000000000 ) ;
#7512 = DIRECTION ( 'NONE',  ( 0.000000000000000000, -1.000000000000000000, 0.000000000000000000 ) ) ;
#7513 = FACE_OUTER_BOUND ( 'NONE', #2601, .T. ) ;
#7514 = ORIENTED_EDGE ( 'NONE', *, *, #5906, .F. ) ;
#7515 = DIRECTION ( 'NONE',  ( 0.000000000000000000, -1.000000000000000000, 0.000000000000000000 ) ) ;
#7516 = CARTESIAN_POINT ( 'NONE',  ( -0.6916666666666668739, -2.857345281862743391, 3.319999999999999840 ) ) ;
#7517 = VECTOR ( 'NONE', #3710, 1000.000000000000000 ) ;
#7518 = CARTESIAN_POINT ( 'NONE',  ( 4.578361860732077737, -0.5034652992515117331, 3.719999999999999307 ) ) ;
#7519 = DIRECTION ( 'NONE',  ( 0.7071067811865487940, 0.000000000000000000, -0.7071067811865463515 ) ) ;
#7520 = VECTOR ( 'NONE', #4583, 1000.000000000000000 ) ;
#7521 = CARTESIAN_POINT ( 'NONE',  ( 0.09081116922072930697, 6.545801145694370327, 3.319999999999999840 ) ) ;
#7522 = CARTESIAN_POINT ( 'NONE',  ( 4.599743193529153729, -0.05825327344684259889, 3.319999999999999840 ) ) ;
#7523 = VECTOR ( 'NONE', #3945, 1000.000000000000000 ) ;
#7524 = VECTOR ( 'NONE', #1717, 1000.000000000000000 ) ;
#7525 = ORIENTED_EDGE ( 'NONE', *, *, #6553, .F. ) ;
#7526 = ORIENTED_EDGE ( 'NONE', *, *, #4252, .F. ) ;
#7527 = CARTESIAN_POINT ( 'NONE',  ( 9.099999999999996092, 10.10000000000000142, 3.720000000000000195 ) ) ;
#7528 = CARTESIAN_POINT ( 'NONE',  ( -1.500000000000003553, -2.399999999999999467, 2.720000000000000195 ) ) ;
#7529 = CARTESIAN_POINT ( 'NONE',  ( 13.50099999999999412, 4.299999999999999822, 2.400000000000000355 ) ) ;
#7530 = VECTOR ( 'NONE', #2396, 1000.000000000000000 ) ;
#7531 = CARTESIAN_POINT ( 'NONE',  ( 3.852128128363635717, -8.706278114697187931, 3.719999999999998863 ) ) ;
#7532 = CARTESIAN_POINT ( 'NONE',  ( 4.570242275100565799, 0.2158258089998628393, 3.720000000000001084 ) ) ;
#7533 = VECTOR ( 'NONE', #3855, 1000.000000000000000 ) ;
#7534 = DIRECTION ( 'NONE',  ( -1.000000000000000000, 0.000000000000000000, 0.000000000000000000 ) ) ;
#7535 = CARTESIAN_POINT ( 'NONE',  ( 1.042090810732842154, -10.96774529953672683, 3.319999999999999840 ) ) ;
#7536 = CARTESIAN_POINT ( 'NONE',  ( 12.50000000000000000, -15.80000000000000071, -2.000000000000000000 ) ) ;
#7537 = CARTESIAN_POINT ( 'NONE',  ( -5.600000000000004086, -16.60000000000000497, 1.180000000000000160 ) ) ;
#7538 = VERTEX_POINT ( 'NONE', #5080 ) ;
#7539 = CARTESIAN_POINT ( 'NONE',  ( 3.742203814327879741, -6.146664884080451863, 3.719999999999997087 ) ) ;
#7540 = EDGE_CURVE ( 'NONE', #2367, #2955, #875, .T. ) ;
#7541 = CARTESIAN_POINT ( 'NONE',  ( -3.500000000000003109, 17.10000000000000497, -1.000000000000001110 ) ) ;
#7542 = ORIENTED_EDGE ( 'NONE', *, *, #3172, .T. ) ;
#7543 = ORIENTED_EDGE ( 'NONE', *, *, #501, .T. ) ;
#7544 = CARTESIAN_POINT ( 'NONE',  ( -1.900000000000004130, 13.19999999999999929, 3.520000000000008455 ) ) ;
#7545 = LINE ( 'NONE', #3300, #7902 ) ;
#7546 = PRESENTATION_STYLE_ASSIGNMENT (( #6240 ) ) ;
#7547 = DIRECTION ( 'NONE',  ( 0.000000000000000000, -0.000000000000000000, 1.000000000000000000 ) ) ;
#7548 = ADVANCED_FACE ( 'NONE', ( #6386 ), #2104, .F. ) ;
#7549 = CARTESIAN_POINT ( 'NONE',  ( 3.314867614684271047, 5.267655203267875841, 3.319999999999999396 ) ) ;
#7550 = AXIS2_PLACEMENT_3D ( 'NONE', #2677, #274, #2075 ) ;
#7551 = CARTESIAN_POINT ( 'NONE',  ( 1.935927925857843235, -8.007965686274506112, 3.319999999999999840 ) ) ;
#7552 = ORIENTED_EDGE ( 'NONE', *, *, #3822, .T. ) ;
#7553 = LINE ( 'NONE', #165, #6998 ) ;
#7554 = CARTESIAN_POINT ( 'NONE',  ( 1.893370863970587958, 8.878676470588239056, 3.319999999999999840 ) ) ;
#7555 = ORIENTED_EDGE ( 'NONE', *, *, #6256, .T. ) ;
#7556 = DIRECTION ( 'NONE',  ( 0.000000000000000000, 0.000000000000000000, -1.000000000000000000 ) ) ;
#7557 = DIRECTION ( 'NONE',  ( -0.000000000000000000, 0.000000000000000000, 1.000000000000000000 ) ) ;
#7558 = DIRECTION ( 'NONE',  ( -1.176322934811855122E-12, 3.101254670833934921E-14, 1.000000000000000000 ) ) ;
#7559 = LINE ( 'NONE', #1350, #1125 ) ;
#7560 = CARTESIAN_POINT ( 'NONE',  ( 1.883217834515139355, 7.710838169387901786, 3.320000000000000284 ) ) ;
#7561 = VECTOR ( 'NONE', #6509, 1000.000000000000000 ) ;
#7562 = ADVANCED_FACE ( 'NONE', ( #4584 ), #3371, .F. ) ;
#7563 = CARTESIAN_POINT ( 'NONE',  ( -4.200000000000005507, 16.29999999999999716, 1.180000000000000160 ) ) ;
#7564 = CARTESIAN_POINT ( 'NONE',  ( 1.951734834558823239, 7.711397058823532547, 3.720000000000001084 ) ) ;
#7565 = ORIENTED_EDGE ( 'NONE', *, *, #3517, .T. ) ;
#7566 = ORIENTED_EDGE ( 'NONE', *, *, #6140, .T. ) ;
#7567 = CARTESIAN_POINT ( 'NONE',  ( 4.431554698943212856, 4.991999154158729191, 3.720000000000000195 ) ) ;
#7568 = DIRECTION ( 'NONE',  ( 0.000000000000000000, 0.7071067811865474617, 0.7071067811865474617 ) ) ;
#7569 = DIRECTION ( 'NONE',  ( 1.000000000000000000, -0.000000000000000000, 0.000000000000000000 ) ) ;
#7570 = CARTESIAN_POINT ( 'NONE',  ( 2.728876729452371919, -11.67059778721656116, 3.720000000000000639 ) ) ;
#7571 = CARTESIAN_POINT ( 'NONE',  ( -1.900000000000004130, 17.60000000000000142, 3.520000000000008455 ) ) ;
#7572 = CARTESIAN_POINT ( 'NONE',  ( 0.2723681607786632153, -11.31952680855934190, 3.720000000000000195 ) ) ;
#7573 = DIRECTION ( 'NONE',  ( -1.000000000000000000, 0.000000000000000000, 0.000000000000000000 ) ) ;
#7574 = LINE ( 'NONE', #4591, #2966 ) ;
#7575 = CARTESIAN_POINT ( 'NONE',  ( 4.576445481037232810, -5.833092317784414504, 3.319999999999999396 ) ) ;
#7576 = ORIENTED_EDGE ( 'NONE', *, *, #610, .T. ) ;
#7577 = CARTESIAN_POINT ( 'NONE',  ( 13.49999999999999822, -3.099999999999999645, 1.180000000000000160 ) ) ;
#7578 = CARTESIAN_POINT ( 'NONE',  ( 0.7280575301023726187, 7.500507990555669302, 3.719999999999999307 ) ) ;
#7579 = EDGE_LOOP ( 'NONE', ( #7433, #4253, #3241, #4477 ) ) ;
#7580 = ORIENTED_EDGE ( 'NONE', *, *, #1294, .F. ) ;
#7581 = ADVANCED_FACE ( 'NONE', ( #265 ), #142, .F. ) ;
#7582 = PLANE ( 'NONE',  #5686 ) ;
#7583 = LINE ( 'NONE', #6239, #352 ) ;
#7584 = CARTESIAN_POINT ( 'NONE',  ( 4.388927285258673372, 7.645832914102855149, 3.720000000000001972 ) ) ;
#7585 = CARTESIAN_POINT ( 'NONE',  ( 3.623287720081254548, 5.559347012897300822, 3.319999999999999840 ) ) ;
#7586 = CARTESIAN_POINT ( 'NONE',  ( -11.70000000000000462, 17.60000000000000142, -1.800000000000010703 ) ) ;
#7587 = ORIENTED_EDGE ( 'NONE', *, *, #7748, .F. ) ;
#7588 = CARTESIAN_POINT ( 'NONE',  ( -1.900000000000004130, 17.39999999999999503, 3.520000000000008455 ) ) ;
#7589 = CARTESIAN_POINT ( 'NONE',  ( 4.504828475912121100, -3.240154589817924702, 3.720000000000000195 ) ) ;
#7590 = ORIENTED_EDGE ( 'NONE', *, *, #410, .T. ) ;
#7591 = EDGE_CURVE ( 'NONE', #2691, #2502, #3901, .T. ) ;
#7592 = CARTESIAN_POINT ( 'NONE',  ( -0.2958112996687715657, 2.963607080435438856, 3.320000000000000728 ) ) ;
#7593 = CARTESIAN_POINT ( 'NONE',  ( -0.4456270348494761890, -3.236709173441353116, 3.319999999999998064 ) ) ;
#7594 = ORIENTED_EDGE ( 'NONE', *, *, #1026, .T. ) ;
#7595 = CARTESIAN_POINT ( 'NONE',  ( 12.50000000000000000, -3.300000000000000711, 2.720000000000000195 ) ) ;
#7596 = DIRECTION ( 'NONE',  ( 0.000000000000000000, 0.7071067811865470176, -0.7071067811865479058 ) ) ;
#7597 = DIRECTION ( 'NONE',  ( -0.000000000000000000, 0.000000000000000000, 1.000000000000000000 ) ) ;
#7598 = AXIS2_PLACEMENT_3D ( 'NONE', #6585, #4145, #4628 ) ;
#7599 = CARTESIAN_POINT ( 'NONE',  ( 4.515179031723806524, 0.3207697733707685073, 3.719999999999999751 ) ) ;
#7600 = CARTESIAN_POINT ( 'NONE',  ( 2.138818883099698809, 7.710033701972363929, 3.719999999999999307 ) ) ;
#7601 = EDGE_CURVE ( 'NONE', #5913, #3404, #4887, .T. ) ;
#7602 = ORIENTED_EDGE ( 'NONE', *, *, #4215, .F. ) ;
#7603 = VERTEX_POINT ( 'NONE', #416 ) ;
#7604 = EDGE_CURVE ( 'NONE', #3597, #261, #993, .T. ) ;
#7605 = CARTESIAN_POINT ( 'NONE',  ( 3.942403272426543648, -4.769624719783777778, 3.319999999999999840 ) ) ;
#7606 = CARTESIAN_POINT ( 'NONE',  ( 11.70000000000000107, -16.60000000000000142, 2.720000000000000195 ) ) ;
#7607 = CARTESIAN_POINT ( 'NONE',  ( -5.000000000000002665, 5.500000000000000000, 3.720000000000000195 ) ) ;
#7608 = CARTESIAN_POINT ( 'NONE',  ( -0.6916666666666668739, -2.857345281862743391, 3.720000000000000195 ) ) ;
#7609 = CARTESIAN_POINT ( 'NONE',  ( 4.428555836397059409, -13.45526960784313530, 3.319999999999999840 ) ) ;
#7610 = CARTESIAN_POINT ( 'NONE',  ( 0.4102726688495643703, 5.469056763744776894, 3.719999999999998863 ) ) ;
#7611 = ADVANCED_FACE ( 'NONE', ( #7157 ), #5290, .F. ) ;
#7612 = CARTESIAN_POINT ( 'NONE',  ( 12.51999999999999424, 9.920000000000026574, 2.740000000000060165 ) ) ;
#7613 = CARTESIAN_POINT ( 'NONE',  ( -13.50000000000000355, 15.80000000000000071, 3.520000000000001350 ) ) ;
#7614 = CARTESIAN_POINT ( 'NONE',  ( 0.8488461039849622969, -9.798971836148258063, 3.720000000000000195 ) ) ;
#7615 = VERTEX_POINT ( 'NONE', #4221 ) ;
#7616 = CARTESIAN_POINT ( 'NONE',  ( -3.300000000000004263, -13.90000000000000391, 1.180000000000000160 ) ) ;
#7617 = VECTOR ( 'NONE', #2636, 1000.000000000000000 ) ;
#7618 = CARTESIAN_POINT ( 'NONE',  ( 9.500000000000001776, -3.900000000000000799, 2.720000000000000195 ) ) ;
#7619 = ORIENTED_EDGE ( 'NONE', *, *, #2724, .F. ) ;
#7620 = VERTEX_POINT ( 'NONE', #1686 ) ;
#7621 = DIRECTION ( 'NONE',  ( 0.000000000000000000, -1.000000000000000000, 0.000000000000000000 ) ) ;
#7622 = CYLINDRICAL_SURFACE ( 'NONE', #2834, 1.199999999999999956 ) ;
#7623 =( NAMED_UNIT ( * ) SI_UNIT ( $, .STERADIAN. ) SOLID_ANGLE_UNIT ( ) );
#7624 = ORIENTED_EDGE ( 'NONE', *, *, #3663, .T. ) ;
#7625 = CARTESIAN_POINT ( 'NONE',  ( 4.535136223212367312, -0.6366925080274890014, 3.319999999999998952 ) ) ;
#7626 = DIRECTION ( 'NONE',  ( -0.000000000000000000, 0.000000000000000000, 1.000000000000000000 ) ) ;
#7627 = CARTESIAN_POINT ( 'NONE',  ( 2.322131918434123143, 7.695550097212461083, 3.320000000000000284 ) ) ;
#7628 = ADVANCED_FACE ( 'NONE', ( #1570 ), #6887, .T. ) ;
#7629 = ORIENTED_EDGE ( 'NONE', *, *, #6503, .T. ) ;
#7630 = DIRECTION ( 'NONE',  ( 0.000000000000000000, 0.000000000000000000, -1.000000000000000000 ) ) ;
#7631 = ORIENTED_EDGE ( 'NONE', *, *, #5321, .F. ) ;
#7632 = DIRECTION ( 'NONE',  ( -0.000000000000000000, 0.000000000000000000, 1.000000000000000000 ) ) ;
#7633 = CARTESIAN_POINT ( 'NONE',  ( -1.800000000000003375, -2.399999999999999467, 1.180000000000000160 ) ) ;
#7634 = EDGE_LOOP ( 'NONE', ( #6808, #4593, #3964, #630 ) ) ;
#7635 = FACE_OUTER_BOUND ( 'NONE', #494, .T. ) ;
#7636 = LINE ( 'NONE', #7681, #728 ) ;
#7637 = CARTESIAN_POINT ( 'NONE',  ( 0.1643382352941175073, -2.249387254901959121, 3.720000000000000195 ) ) ;
#7638 = CARTESIAN_POINT ( 'NONE',  ( 4.473892615369948977, 0.3544305047672342002, 3.319999999999999396 ) ) ;
#7639 = CARTESIAN_POINT ( 'NONE',  ( 3.270389720786873067, 7.418552205938450328, 3.720000000000000639 ) ) ;
#7640 = ADVANCED_FACE ( 'NONE', ( #2257 ), #7508, .F. ) ;
#7641 = ORIENTED_EDGE ( 'NONE', *, *, #2823, .F. ) ;
#7642 = B_SPLINE_CURVE_WITH_KNOTS ( 'NONE', 3,
 ( #1884, #3147, #6861, #2007, #6250, #5628, #2049, #4490, #1306, #7592, #1269 ),
 .UNSPECIFIED., .F., .F.,
 ( 4, 1, 1, 1, 1, 1, 1, 1, 4 ),
 ( 0.000000000000000000, 0.1486553670911306135, 0.2775277428356636156, 0.3951627590888814323, 0.5054565679317052362, 0.6152548626441839419, 0.7313970559141982353, 0.8602694316587312651, 1.000000000000000000 ),
 .UNSPECIFIED. ) ;
#7643 = VERTEX_POINT ( 'NONE', #4141 ) ;
#7644 = PRESENTATION_LAYER_ASSIGNMENT (  '', '', ( #3087 ) ) ;
#7645 = CARTESIAN_POINT ( 'NONE',  ( -0.7694852941176472116, 6.400639552696082646, 3.319999999999999840 ) ) ;
#7646 = CARTESIAN_POINT ( 'NONE',  ( -3.900000000000004796, 16.29999999999999716, 1.180000000000000160 ) ) ;
#7647 = CARTESIAN_POINT ( 'NONE',  ( 2.537481044252467566, 5.022795676850396518, 3.319999999999999840 ) ) ;
#7648 = AXIS2_PLACEMENT_3D ( 'NONE', #6649, #6034, #438 ) ;
#7649 = ADVANCED_FACE ( 'NONE', ( #3525 ), #7277, .T. ) ;
#7650 = CARTESIAN_POINT ( 'NONE',  ( 0.9726137913909583821, -9.799211183144089787, 3.720000000000000639 ) ) ;
#7651 = LINE ( 'NONE', #792, #2451 ) ;
#7652 = CARTESIAN_POINT ( 'NONE',  ( 0.3345824613392658353, -11.22986195095823270, 3.719999999999999751 ) ) ;
#7653 = EDGE_CURVE ( 'NONE', #5225, #1165, #1932, .T. ) ;
#7654 = AXIS2_PLACEMENT_3D ( 'NONE', #7960, #575, #4257 ) ;
#7655 = VERTEX_POINT ( 'NONE', #4943 ) ;
#7656 = AXIS2_PLACEMENT_3D ( 'NONE', #612, #3107, #5588 ) ;
#7657 = CARTESIAN_POINT ( 'NONE',  ( -0.5987466021290097640, -13.35638722387813360, 3.319999999999998952 ) ) ;
#7658 = DIRECTION ( 'NONE',  ( -1.000000000000000000, -2.775557561562891351E-16, 0.000000000000000000 ) ) ;
#7659 = VECTOR ( 'NONE', #2336, 1000.000000000000000 ) ;
#7660 = AXIS2_PLACEMENT_3D ( 'NONE', #4801, #5456, #1744 ) ;
#7661 = DIRECTION ( 'NONE',  ( 0.000000000000000000, 0.000000000000000000, -1.000000000000000000 ) ) ;
#7662 = ORIENTED_EDGE ( 'NONE', *, *, #6754, .T. ) ;
#7663 = CARTESIAN_POINT ( 'NONE',  ( 4.677818627450980316, -6.693560431985290826, 3.319999999999999840 ) ) ;
#7664 = EDGE_CURVE ( 'NONE', #4052, #202, #7245, .T. ) ;
#7665 = LINE ( 'NONE', #801, #96 ) ;
#7666 = AXIS2_PLACEMENT_3D ( 'NONE', #1456, #3949, #4594 ) ;
#7667 = ORIENTED_EDGE ( 'NONE', *, *, #3142, .T. ) ;
#7668 = VERTEX_POINT ( 'NONE', #7477 ) ;
#7669 = CARTESIAN_POINT ( 'NONE',  ( -11.70000000000000462, 17.60000000000000142, 3.520000000000001350 ) ) ;
#7670 = DIRECTION ( 'NONE',  ( -0.000000000000000000, -0.000000000000000000, 1.000000000000000000 ) ) ;
#7671 = DIRECTION ( 'NONE',  ( -0.000000000000000000, -0.000000000000000000, -1.000000000000000000 ) ) ;
#7672 = CARTESIAN_POINT ( 'NONE',  ( 0.9011833639705878474, -9.797794117647057988, 3.319999999999999840 ) ) ;
#7673 = LINE ( 'NONE', #2849, #4785 ) ;
#7674 = ORIENTED_EDGE ( 'NONE', *, *, #556, .T. ) ;
#7675 = CARTESIAN_POINT ( 'NONE',  ( 4.593240460903883715, -7.535845114191221938, 3.719999999999999307 ) ) ;
#7676 = ORIENTED_EDGE ( 'NONE', *, *, #6553, .T. ) ;
#7677 = DIRECTION ( 'NONE',  ( 1.000000000000000000, 0.000000000000000000, 0.000000000000000000 ) ) ;
#7678 = CARTESIAN_POINT ( 'NONE',  ( 4.599771926949995482, -0.2241004973256953414, 3.720000000000000195 ) ) ;
#7679 = EDGE_LOOP ( 'NONE', ( #926, #1565, #3269, #3109 ) ) ;
#7680 = CARTESIAN_POINT ( 'NONE',  ( -1.300000000000004263, 13.19999999999999929, 2.720000000000000195 ) ) ;
#7681 = CARTESIAN_POINT ( 'NONE',  ( -11.70000000000000462, 17.60000000000000142, 3.520000000000001350 ) ) ;
#7682 = LINE ( 'NONE', #7757, #1464 ) ;
#7683 = VECTOR ( 'NONE', #5147, 1000.000000000000000 ) ;
#7684 = CARTESIAN_POINT ( 'NONE',  ( 4.599743193529153729, -0.05825327344684259889, 3.719999999999999751 ) ) ;
#7685 = CARTESIAN_POINT ( 'NONE',  ( -0.5435821929177808709, -13.40168562523410678, 3.720000000000001084 ) ) ;
#7686 = B_SPLINE_SURFACE_WITH_KNOTS ( 'NONE', 3, 1, ( 
 ( #4000, #6490 ),
 ( #7174, #7747 ),
 ( #7137, #934 ),
 ( #4083, #3428 ),
 ( #317, #971 ),
 ( #5947, #4881 ),
 ( #1788, #1049 ),
 ( #5413, #7944 ),
 ( #2363, #1210 ),
 ( #1831, #8019 ),
 ( #7375, #7900 ),
 ( #4843, #5494 ),
 ( #3542, #6687 ),
 ( #7983, #6806 ),
 ( #6771, #2402 ),
 ( #4283, #594 ),
 ( #3052, #4164 ),
 ( #1135, #7859 ),
 ( #4762, #2440 ),
 ( #1175, #2323 ),
 ( #1706, #6118 ),
 ( #5373, #4803 ),
 ( #5533, #4925 ),
 ( #478, #6647 ),
 ( #1089, #6153 ) ),
 .UNSPECIFIED., .F., .F., .F.,
 ( 4, 1, 1, 1, 1, 1, 1, 1, 1, 1, 1, 1, 1, 1, 1, 1, 1, 1, 1, 1, 1, 1, 4 ),
 ( 2, 2 ),
 ( 0.000000000000000000, 0.06300202702274274036, 0.1231823281343510795, 0.1540270774783762953, 0.1879021004696256603, 0.2244192687643597195, 0.2644132353837061467, 0.3066277958067271103, 0.3496183315070043873, 0.3942512573830674882, 0.4404161950753398558, 0.4866257509523431168, 0.5321520143407508785, 0.5766172517371286332, 0.6208656786737264399, 0.6647477656681417546, 0.7089981331124451946, 0.7538536684785596131, 0.7994100991946472279, 0.8466051383819981346, 0.8956120797803162059, 0.9465014450144753066, 1.000000000000000000 ),
 ( 0.000000000000000000, 1.000000000000000000 ),
 .UNSPECIFIED. ) ;
#7687 = VERTEX_POINT ( 'NONE', #7962 ) ;
#7688 = ORIENTED_EDGE ( 'NONE', *, *, #1147, .T. ) ;
#7689 = CARTESIAN_POINT ( 'NONE',  ( 3.060625051465307056, -4.277632616872093507, 3.720000000000001528 ) ) ;
#7690 = CARTESIAN_POINT ( 'NONE',  ( 4.441730784980797431, 2.963270188898546209, 3.319999999999998952 ) ) ;
#7691 = DIRECTION ( 'NONE',  ( -1.000000000000000000, 0.000000000000000000, 0.000000000000000000 ) ) ;
#7692 = EDGE_CURVE ( 'NONE', #3398, #5186, #3807, .T. ) ;
#7693 = CARTESIAN_POINT ( 'NONE',  ( 2.315515325655292056, -9.170261595515670550, 3.719999999999997975 ) ) ;
#7694 = CARTESIAN_POINT ( 'NONE',  ( 1.999654359078481436, 8.877150765179777636, 3.319999999999999840 ) ) ;
#7695 = CARTESIAN_POINT ( 'NONE',  ( 0.1643382352941175351, -11.91470396752451144, 3.720000000000000639 ) ) ;
#7696 = CARTESIAN_POINT ( 'NONE',  ( 1.875968306261906804, -11.84980344764420757, 3.320000000000000284 ) ) ;
#7697 = CARTESIAN_POINT ( 'NONE',  ( 0.2161872585927950563, -5.984733963209365015, 3.320000000000000728 ) ) ;
#7698 = EDGE_CURVE ( 'NONE', #1553, #2756, #5281, .T. ) ;
#7699 = CARTESIAN_POINT ( 'NONE',  ( 12.20000000000000107, -3.600000000000000977, 1.180000000000000160 ) ) ;
#7700 = ORIENTED_EDGE ( 'NONE', *, *, #5866, .T. ) ;
#7701 = CARTESIAN_POINT ( 'NONE',  ( -0.5603410428609399974, 1.348914557508526846, 3.319999999999999396 ) ) ;
#7702 = DIRECTION ( 'NONE',  ( 0.000000000000000000, 1.000000000000000000, 0.000000000000000000 ) ) ;
#7703 = EDGE_CURVE ( 'NONE', #1466, #5544, #657, .T. ) ;
#7704 = ORIENTED_EDGE ( 'NONE', *, *, #3119, .T. ) ;
#7705 = ORIENTED_EDGE ( 'NONE', *, *, #7947, .F. ) ;
#7706 = EDGE_CURVE ( 'NONE', #2099, #6336, #6824, .T. ) ;
#7707 = CARTESIAN_POINT ( 'NONE',  ( 11.70000000000000107, 17.10000000000000853, -1.000000000000001110 ) ) ;
#7708 = CARTESIAN_POINT ( 'NONE',  ( 4.505652507442064802, -2.271450203013001712, 3.319999999999999840 ) ) ;
#7709 = FACE_OUTER_BOUND ( 'NONE', #677, .T. ) ;
#7710 = CARTESIAN_POINT ( 'NONE',  ( -0.6916666666666668739, -2.154545802696076873, 3.719999999999998863 ) ) ;
#7711 = EDGE_LOOP ( 'NONE', ( #1348, #3930, #1103, #8065 ) ) ;
#7712 = DIRECTION ( 'NONE',  ( -1.000000000000000000, 0.000000000000000000, 0.000000000000000000 ) ) ;
#7713 = ORIENTED_EDGE ( 'NONE', *, *, #3717, .T. ) ;
#7714 = DIRECTION ( 'NONE',  ( 0.000000000000000000, -0.000000000000000000, -1.000000000000000000 ) ) ;
#7715 = CARTESIAN_POINT ( 'NONE',  ( -0.7672072574601828121, -6.698125529157858082, 3.720000000000001528 ) ) ;
#7716 = ORIENTED_EDGE ( 'NONE', *, *, #5677, .T. ) ;
#7717 = CARTESIAN_POINT ( 'NONE',  ( -2.100000000000002753, 17.39999999999999503, 3.720000000000000195 ) ) ;
#7718 = DIRECTION ( 'NONE',  ( 0.000000000000000000, -1.000000000000000000, 0.000000000000000000 ) ) ;
#7719 = CARTESIAN_POINT ( 'NONE',  ( 4.589962701957277957, 2.697000362225765890, 3.319999999999999840 ) ) ;
#7720 = CARTESIAN_POINT ( 'NONE',  ( -5.300000000000004263, -13.60000000000000497, 1.180000000000000160 ) ) ;
#7721 = DIRECTION ( 'NONE',  ( -0.000000000000000000, -0.000000000000000000, 1.000000000000000000 ) ) ;
#7722 = ORIENTED_EDGE ( 'NONE', *, *, #1573, .F. ) ;
#7723 = ORIENTED_EDGE ( 'NONE', *, *, #3316, .T. ) ;
#7724 = CARTESIAN_POINT ( 'NONE',  ( -1.800000000000003375, -2.699999999999999289, 1.180000000000000160 ) ) ;
#7725 = CARTESIAN_POINT ( 'NONE',  ( -13.30000000000000426, 0.000000000000000000, 3.720000000000000195 ) ) ;
#7726 = AXIS2_PLACEMENT_3D ( 'NONE', #3164, #6225, #3044 ) ;
#7727 = CYLINDRICAL_SURFACE ( 'NONE', #1928, 0.5999999999999998668 ) ;
#7728 = CARTESIAN_POINT ( 'NONE',  ( 11.70000000000000107, 16.60000000000000853, -0.5000000000000000000 ) ) ;
#7729 = CARTESIAN_POINT ( 'NONE',  ( 4.576445481037233698, 7.162618466529310446, 3.320000000000000284 ) ) ;
#7730 = DIRECTION ( 'NONE',  ( 0.000000000000000000, -1.000000000000000000, 0.000000000000000000 ) ) ;
#7731 = EDGE_CURVE ( 'NONE', #2960, #4191, #4862, .T. ) ;
#7732 = CARTESIAN_POINT ( 'NONE',  ( 0.8555492643206568104, -10.96819425261583270, 3.319999999999999840 ) ) ;
#7733 = CARTESIAN_POINT ( 'NONE',  ( 0.08798715818796096211, -6.569435075998753426, 3.719999999999997975 ) ) ;
#7734 = ORIENTED_EDGE ( 'NONE', *, *, #5394, .F. ) ;
#7735 = CARTESIAN_POINT ( 'NONE',  ( 11.69999999999999929, -17.10000000000000497, -1.000000000000001110 ) ) ;
#7736 = EDGE_LOOP ( 'NONE', ( #997, #6093, #7024, #7099, #5380, #5387, #1720, #4087, #7141, #3694, #1263, #2467, #7281, #426, #5636, #1484, #6151, #7048, #1078, #4136, #7378, #3494, #7552, #814, #1962, #2100 ) ) ;
#7737 = CARTESIAN_POINT ( 'NONE',  ( -0.6905101489369600554, 1.770335079278336554, 3.719999999999999751 ) ) ;
#7738 = LINE ( 'NONE', #2842, #4914 ) ;
#7739 = EDGE_CURVE ( 'NONE', #3844, #1578, #1156, .T. ) ;
#7740 = CARTESIAN_POINT ( 'NONE',  ( 4.428555836397059409, -3.261029411764704289, 3.720000000000000195 ) ) ;
#7741 = LINE ( 'NONE', #4639, #2953 ) ;
#7742 = CARTESIAN_POINT ( 'NONE',  ( -2.700000000000005507, 8.900000000000000355, 2.720000000000000195 ) ) ;
#7743 = VECTOR ( 'NONE', #7820, 1000.000000000000000 ) ;
#7744 = DIRECTION ( 'NONE',  ( 0.000000000000000000, 0.000000000000000000, 1.000000000000000000 ) ) ;
#7745 = EDGE_CURVE ( 'NONE', #2531, #1165, #4981, .T. ) ;
#7746 = B_SPLINE_SURFACE_WITH_KNOTS ( 'NONE', 3, 1, ( 
 ( #4938, #6744 ),
 ( #1843, #3642 ),
 ( #6819, #6130 ),
 ( #1225, #7919 ),
 ( #3720, #6048 ),
 ( #449, #6204 ),
 ( #613, #532 ),
 ( #3028, #3108 ),
 ( #2943, #4976 ),
 ( #7472, #5429 ),
 ( #2339, #7313 ),
 ( #1721, #4216 ),
 ( #6703, #2154 ),
 ( #4414, #5904 ),
 ( #6901, #83 ),
 ( #2005, #893 ),
 ( #5665, #3145 ),
 ( #2576, #1344 ),
 ( #7554, #4488 ) ),
 .UNSPECIFIED., .F., .F., .F.,
 ( 4, 1, 1, 1, 1, 1, 1, 1, 1, 1, 1, 1, 1, 1, 1, 1, 4 ),
 ( 2, 2 ),
 ( 0.000000000000000000, 0.07077019184625307768, 0.1375336611081275640, 0.2006169793581458749, 0.2605909862899949414, 0.3180484184502688771, 0.3738017586695282501, 0.4280094535277582657, 0.4819743408048481337, 0.5367224813496767055, 0.5930029318567960894, 0.6511908046063097366, 0.7126164670794574718, 0.7776415481961820308, 0.8467913329680990531, 0.9207926398634125320, 1.000000000000000000 ),
 ( 0.000000000000000000, 1.000000000000000000 ),
 .UNSPECIFIED. ) ;
#7747 = CARTESIAN_POINT ( 'NONE',  ( -0.6907797999513707321, -11.76676649463742130, 3.719999999999999751 ) ) ;
#7748 = EDGE_CURVE ( 'NONE', #3186, #5196, #3685, .T. ) ;
#7749 = ORIENTED_EDGE ( 'NONE', *, *, #5648, .F. ) ;
#7750 = CARTESIAN_POINT ( 'NONE',  ( 3.753962127863434528, -7.172542251306791350, 3.319999999999998952 ) ) ;
#7751 = ORIENTED_EDGE ( 'NONE', *, *, #320, .T. ) ;
#7752 = CARTESIAN_POINT ( 'NONE',  ( -5.300000000000004263, -13.90000000000000391, 2.720000000000000195 ) ) ;
#7753 = CARTESIAN_POINT ( 'NONE',  ( 1.986996400122548856, -9.175245098039212621, 3.720000000000001084 ) ) ;
#7754 = ORIENTED_EDGE ( 'NONE', *, *, #6565, .T. ) ;
#7755 = CARTESIAN_POINT ( 'NONE',  ( 4.589954729084238849, -12.65559033855338811, 3.320000000000000728 ) ) ;
#7756 = CARTESIAN_POINT ( 'NONE',  ( 1.104262143940900609, 3.910000280497464953, 3.320000000000000728 ) ) ;
#7757 = CARTESIAN_POINT ( 'NONE',  ( 4.600000000000000533, -12.91297104779411775, 3.320000000000000284 ) ) ;
#7758 = DIRECTION ( 'NONE',  ( -0.000000000000000000, -0.000000000000000000, 1.000000000000000000 ) ) ;
#7759 = B_SPLINE_CURVE_WITH_KNOTS ( 'NONE', 3,
 ( #1283, #3819, #5684, #3783, #6265, #8056, #144, #3696, #4467, #6302, #586, #707, #3201, #3084, #104, #2474, #6957, #4955, #5278 ),
 .UNSPECIFIED., .F., .F.,
 ( 4, 1, 1, 1, 1, 1, 1, 1, 1, 1, 1, 1, 1, 1, 1, 1, 4 ),
 ( 0.000000000000000000, 0.07255272313457271360, 0.1417418909686664619, 0.2077360430198710028, 0.2714290876032899313, 0.3325578037061184267, 0.3914575579804829286, 0.4488933542825400136, 0.5054700295189402670, 0.5615532413088397679, 0.6180923290137483317, 0.6752642379500596315, 0.7344520322322817263, 0.7959842728098599496, 0.8603756616731867979, 0.9280028065836891660, 1.000000000000000000 ),
 .UNSPECIFIED. ) ;
#7760 = DIRECTION ( 'NONE',  ( 1.000000000000000000, 0.000000000000000000, 0.000000000000000000 ) ) ;
#7761 = EDGE_CURVE ( 'NONE', #460, #4952, #1230, .T. ) ;
#7762 = ORIENTED_EDGE ( 'NONE', *, *, #4701, .F. ) ;
#7763 = ORIENTED_EDGE ( 'NONE', *, *, #305, .F. ) ;
#7764 = CARTESIAN_POINT ( 'NONE',  ( 3.821813725490196045, 6.334980085784317261, 3.720000000000000195 ) ) ;
#7765 = CARTESIAN_POINT ( 'NONE',  ( -0.7330309488585280420, -6.027002268759130033, 3.320000000000000284 ) ) ;
#7766 = CARTESIAN_POINT ( 'NONE',  ( -1.300000000000004263, 13.19999999999999929, 3.720000000000000195 ) ) ;
#7767 = CARTESIAN_POINT ( 'NONE',  ( 11.69999999999999751, 15.80000000000000071, 3.520000000000001350 ) ) ;
#7768 = CARTESIAN_POINT ( 'NONE',  ( 3.060625051465306168, 8.718078167441632331, 3.319999999999998952 ) ) ;
#7769 = CARTESIAN_POINT ( 'NONE',  ( 3.053354779411764586, -0.1482843137254885590, 3.319999999999999840 ) ) ;
#7770 = VECTOR ( 'NONE', #7718, 1000.000000000000000 ) ;
#7771 = CARTESIAN_POINT ( 'NONE',  ( 0.4630616638097364568, -11.11104553241502479, 3.719999999999998863 ) ) ;
#7772 = CARTESIAN_POINT ( 'NONE',  ( -3.500000000000003109, 16.60000000000000497, -1.500000000000000000 ) ) ;
#7773 = ORIENTED_EDGE ( 'NONE', *, *, #7239, .T. ) ;
#7774 = CARTESIAN_POINT ( 'NONE',  ( 1.893370863970587958, -4.117034313725486783, 3.720000000000000195 ) ) ;
#7775 = ORIENTED_EDGE ( 'NONE', *, *, #7132, .T. ) ;
#7776 = CARTESIAN_POINT ( 'NONE',  ( -0.6916666666666668739, 1.817851945465688068, 3.319999999999999840 ) ) ;
#7777 = VECTOR ( 'NONE', #5603, 1000.000000000000000 ) ;
#7778 = CARTESIAN_POINT ( 'NONE',  ( -11.70000000000000462, 6.600000000000001421, 3.720000000000000195 ) ) ;
#7779 = AXIS2_PLACEMENT_3D ( 'NONE', #7527, #748, #3242 ) ;
#7780 = VECTOR ( 'NONE', #1912, 1000.000000000000000 ) ;
#7781 = CARTESIAN_POINT ( 'NONE',  ( -12.50000000000000000, 15.79999999999998828, -2.000000000000000000 ) ) ;
#7782 = PLANE ( 'NONE',  #1024 ) ;
#7783 = CARTESIAN_POINT ( 'NONE',  ( 4.536781844187784962, -2.306307401994700523, 3.319999999999999396 ) ) ;
#7784 = CARTESIAN_POINT ( 'NONE',  ( -4.400000000000001243, -3.100000000000000533, 0.000000000000000000 ) ) ;
#7785 = EDGE_CURVE ( 'NONE', #729, #3479, #7357, .T. ) ;
#7786 = VECTOR ( 'NONE', #5451, 1000.000000000000000 ) ;
#7787 = CARTESIAN_POINT ( 'NONE',  ( -0.2372804648926430948, -1.367747754610546762, 3.319999999999999396 ) ) ;
#7788 = VERTEX_POINT ( 'NONE', #6864 ) ;
#7789 = CARTESIAN_POINT ( 'NONE',  ( 4.522619889024490192, -7.779550451258359089, 3.719999999999999307 ) ) ;
#7790 = VERTEX_POINT ( 'NONE', #2462 ) ;
#7791 = CARTESIAN_POINT ( 'NONE',  ( 4.428555836397059409, -3.261029411764704289, 3.319999999999999840 ) ) ;
#7792 = CARTESIAN_POINT ( 'NONE',  ( -0.4783067767883101840, -7.943131122465747040, 3.319999999999998508 ) ) ;
#7793 = ORIENTED_EDGE ( 'NONE', *, *, #125, .F. ) ;
#7794 = DIRECTION ( 'NONE',  ( -5.687617954022317631E-16, 1.000000000000000000, 0.000000000000000000 ) ) ;
#7795 = EDGE_CURVE ( 'NONE', #3253, #1891, #3150, .T. ) ;
#7796 = LINE ( 'NONE', #4577, #50 ) ;
#7797 = CARTESIAN_POINT ( 'NONE',  ( 11.69999999999999751, 15.80000000000000071, -1.800000000000010481 ) ) ;
#7798 = DIRECTION ( 'NONE',  ( -1.000000000000000000, 0.000000000000000000, -0.000000000000000000 ) ) ;
#7799 = ORIENTED_EDGE ( 'NONE', *, *, #7841, .T. ) ;
#7800 = EDGE_CURVE ( 'NONE', #1992, #4108, #5022, .T. ) ;
#7801 = EDGE_LOOP ( 'NONE', ( #126, #2387, #1485, #2877, #7340, #4964, #6181, #7050 ) ) ;
#7802 = CARTESIAN_POINT ( 'NONE',  ( -0.6164900733481315509, -5.524605941113652108, 3.320000000000000284 ) ) ;
#7803 = CARTESIAN_POINT ( 'NONE',  ( 4.599906260399320601, 2.502035249240194048, 3.719999999999998419 ) ) ;
#7804 = VECTOR ( 'NONE', #2149, 1000.000000000000227 ) ;
#7805 = CARTESIAN_POINT ( 'NONE',  ( 1.572030634622815892, 5.003761611473575677, 3.320000000000000284 ) ) ;
#7806 = EDGE_CURVE ( 'NONE', #3493, #192, #3604, .T. ) ;
#7807 = CARTESIAN_POINT ( 'NONE',  ( -0.4440917969420591915, 2.940992138351987251, 3.719999999999999751 ) ) ;
#7808 = CARTESIAN_POINT ( 'NONE',  ( -5.000000000000000888, 5.500000000000001776, 2.720000000000000195 ) ) ;
#7809 = VERTEX_POINT ( 'NONE', #3033 ) ;
#7810 = CARTESIAN_POINT ( 'NONE',  ( 0.9367773255665651222, -10.96614091364548571, 3.319999999999998952 ) ) ;
#7811 = DIRECTION ( 'NONE',  ( 0.000000000000000000, -0.000000000000000000, 1.000000000000000000 ) ) ;
#7812 = B_SPLINE_CURVE_WITH_KNOTS ( 'NONE', 3,
 ( #736, #4493, #2094, #5021, #7518, #5190, #1477, #3275, #2580, #3314, #1969 ),
 .UNSPECIFIED., .F., .F.,
 ( 4, 1, 1, 1, 1, 1, 1, 1, 4 ),
 ( 0.000000000000000000, 0.2109570858669660431, 0.3885968233184847187, 0.5374604568960913431, 0.6610209049705478845, 0.7626570072190230754, 0.8498686855650606775, 0.9260551723185683759, 0.9999999999999998890 ),
 .UNSPECIFIED. ) ;
#7813 = ORIENTED_EDGE ( 'NONE', *, *, #2259, .F. ) ;
#7814 = CARTESIAN_POINT ( 'NONE',  ( -12.50000000000000000, -15.80000000000000426, -0.5000000000000000000 ) ) ;
#7815 = CARTESIAN_POINT ( 'NONE',  ( 1.111951502419930904, -9.801975420596745536, 3.320000000000000284 ) ) ;
#7816 = DIRECTION ( 'NONE',  ( -3.469446951953613696E-16, 1.000000000000000000, 0.000000000000000000 ) ) ;
#7817 = DIRECTION ( 'NONE',  ( -1.000000000000000000, 0.000000000000000000, 0.000000000000000000 ) ) ;
#7818 = DIRECTION ( 'NONE',  ( 1.000000000000000000, 0.000000000000000000, 0.000000000000000000 ) ) ;
#7819 = CARTESIAN_POINT ( 'NONE',  ( 0.08651960784313711406, -6.631548713235291714, 3.719999999999999307 ) ) ;
#7820 = DIRECTION ( 'NONE',  ( -0.7071067811865486830, 3.276267984366188379E-15, -0.7071067811865464625 ) ) ;
#7821 = DIRECTION ( 'NONE',  ( -6.505213034913010038E-15, 1.000000000000000000, 0.000000000000000000 ) ) ;
#7822 = EDGE_LOOP ( 'NONE', ( #723, #1756, #732, #5374 ) ) ;
#7823 = CARTESIAN_POINT ( 'NONE',  ( 4.677818627450980316, -6.693560431985290826, 3.720000000000000195 ) ) ;
#7824 = ORIENTED_EDGE ( 'NONE', *, *, #4953, .F. ) ;
#7825 = CARTESIAN_POINT ( 'NONE',  ( 4.469108802700852756, 1.956146734767426398, 3.319999999999999840 ) ) ;
#7826 = CARTESIAN_POINT ( 'NONE',  ( -0.3508528326112014817, -8.155861595583418833, 3.720000000000001972 ) ) ;
#7827 = ORIENTED_EDGE ( 'NONE', *, *, #3758, .T. ) ;
#7828 = PLANE ( 'NONE',  #3987 ) ;
#7829 = CARTESIAN_POINT ( 'NONE',  ( 3.392552926481703590, -5.663990989986080749, 3.320000000000000728 ) ) ;
#7830 = DIRECTION ( 'NONE',  ( 0.000000000000000000, 0.000000000000000000, 1.000000000000000000 ) ) ;
#7831 = LINE ( 'NONE', #5962, #1913 ) ;
#7832 = EDGE_CURVE ( 'NONE', #4631, #992, #5515, .T. ) ;
#7833 = ORIENTED_EDGE ( 'NONE', *, *, #5489, .F. ) ;
#7834 = ORIENTED_EDGE ( 'NONE', *, *, #5903, .F. ) ;
#7835 = CARTESIAN_POINT ( 'NONE',  ( 3.433275238834901710, 5.350516990820941565, 3.720000000000001084 ) ) ;
#7836 = CARTESIAN_POINT ( 'NONE',  ( 4.575670638417928870, 2.786128287114034929, 3.719999999999998419 ) ) ;
#7837 = CARTESIAN_POINT ( 'NONE',  ( 1.935927925857843235, 4.987745098039218838, 3.719999999999998419 ) ) ;
#7838 = VECTOR ( 'NONE', #711, 1000.000000000000000 ) ;
#7839 = CARTESIAN_POINT ( 'NONE',  ( -0.3576073798248551872, 2.961966012358439038, 3.720000000000001084 ) ) ;
#7840 = CARTESIAN_POINT ( 'NONE',  ( 0.1203997042369237269, -6.988807842391528524, 3.719999999999999307 ) ) ;
#7841 = EDGE_CURVE ( 'NONE', #7967, #3788, #7063, .T. ) ;
#7842 = EDGE_CURVE ( 'NONE', #4128, #1195, #7636, .T. ) ;
#7843 = EDGE_LOOP ( 'NONE', ( #4359, #2851, #5599, #6569 ) ) ;
#7844 = ORIENTED_EDGE ( 'NONE', *, *, #5545, .F. ) ;
#7845 = CARTESIAN_POINT ( 'NONE',  ( 1.951734834558823239, 7.711397058823532547, 3.319999999999999840 ) ) ;
#7846 = FACE_OUTER_BOUND ( 'NONE', #6755, .T. ) ;
#7847 = ORIENTED_EDGE ( 'NONE', *, *, #4606, .F. ) ;
#7848 = ORIENTED_EDGE ( 'NONE', *, *, #3063, .F. ) ;
#7849 = CARTESIAN_POINT ( 'NONE',  ( 0.3144049315891143115, -7.414604544859658475, 3.320000000000000284 ) ) ;
#7850 = DIRECTION ( 'NONE',  ( 0.000000000000000000, 0.000000000000000000, -1.000000000000000000 ) ) ;
#7851 = AXIS2_PLACEMENT_3D ( 'NONE', #7065, #6946, #2701 ) ;
#7852 = FACE_OUTER_BOUND ( 'NONE', #5519, .T. ) ;
#7853 = EDGE_CURVE ( 'NONE', #2203, #5362, #1970, .T. ) ;
#7854 = LINE ( 'NONE', #2274, #544 ) ;
#7855 = CONICAL_SURFACE ( 'NONE', #1728, 1.600000000000007638, 0.7853981633974553844 ) ;
#7856 = CARTESIAN_POINT ( 'NONE',  ( 2.793941042246974593, -4.204135628518201884, 3.319999999999999396 ) ) ;
#7857 = LINE ( 'NONE', #2730, #745 ) ;
#7858 = CARTESIAN_POINT ( 'NONE',  ( 2.614830725586548610, -11.00644666026843232, 3.719999999999999751 ) ) ;
#7859 = CARTESIAN_POINT ( 'NONE',  ( 0.08097657195622182114, -9.997314392699767183, 3.720000000000000195 ) ) ;
#7860 = ORIENTED_EDGE ( 'NONE', *, *, #7040, .F. ) ;
#7861 = CARTESIAN_POINT ( 'NONE',  ( 4.441749906601927478, -13.45414949397772730, 3.719999999999999307 ) ) ;
#7862 = EDGE_LOOP ( 'NONE', ( #7443, #1115, #5534, #3721 ) ) ;
#7863 = CARTESIAN_POINT ( 'NONE',  ( -0.7627894552391498717, 6.097731796666375992, 3.719999999999999751 ) ) ;
#7864 = CARTESIAN_POINT ( 'NONE',  ( -0.2018245391134898814, -8.348442092388266289, 3.319999999999999840 ) ) ;
#7865 = ORIENTED_EDGE ( 'NONE', *, *, #6854, .F. ) ;
#7866 = DIRECTION ( 'NONE',  ( -1.000000000000000000, -5.687617954022317631E-16, 0.000000000000000000 ) ) ;
#7867 = CARTESIAN_POINT ( 'NONE',  ( -0.7627894552391498717, 6.097731796666375992, 3.319999999999999396 ) ) ;
#7868 = DIRECTION ( 'NONE',  ( 0.000000000000000000, -0.000000000000000000, -1.000000000000000000 ) ) ;
#7869 = ADVANCED_FACE ( 'NONE', ( #4494 ), #3276, .T. ) ;
#7870 = CARTESIAN_POINT ( 'NONE',  ( 4.424908088235294024, 0.3733436734068640850, 3.720000000000000195 ) ) ;
#7871 = DIRECTION ( 'NONE',  ( -3.469446951953613696E-16, 1.000000000000000000, 0.000000000000000000 ) ) ;
#7872 = ORIENTED_EDGE ( 'NONE', *, *, #1305, .F. ) ;
#7873 = EDGE_LOOP ( 'NONE', ( #1948, #4310, #3049, #330 ) ) ;
#7874 = CARTESIAN_POINT ( 'NONE',  ( 3.820291584535983720, 6.272059352751123917, 3.719999999999999751 ) ) ;
#7875 = LINE ( 'NONE', #300, #1390 ) ;
#7876 = CARTESIAN_POINT ( 'NONE',  ( 0.09165065479024403494, 6.180325897354459030, 3.719999999999997531 ) ) ;
#7877 = DIRECTION ( 'NONE',  ( -0.000000000000000000, -0.000000000000000000, -1.000000000000000000 ) ) ;
#7878 = EDGE_CURVE ( 'NONE', #5300, #2961, #1478, .T. ) ;
#7879 = CARTESIAN_POINT ( 'NONE',  ( 0.000000000000000000, 0.000000000000000000, 1.180000000000000160 ) ) ;
#7880 = VECTOR ( 'NONE', #88, 1000.000000000000000 ) ;
#7881 = EDGE_LOOP ( 'NONE', ( #7448, #6675, #6588, #7723 ) ) ;
#7882 = ORIENTED_EDGE ( 'NONE', *, *, #1963, .F. ) ;
#7883 = CARTESIAN_POINT ( 'NONE',  ( 0.1653056041911797336, -11.86077711596988848, 3.320000000000000284 ) ) ;
#7884 = CARTESIAN_POINT ( 'NONE',  ( -5.000000000000002665, -3.700000000000000178, 3.720000000000000195 ) ) ;
#7885 = ADVANCED_FACE ( 'NONE', ( #3236 ), #171, .T. ) ;
#7886 = EDGE_LOOP ( 'NONE', ( #6726, #5002, #8037, #6637 ) ) ;
#7887 = CARTESIAN_POINT ( 'NONE',  ( -2.400000000000005240, 8.599999999999999645, 1.180000000000000160 ) ) ;
#7888 = EDGE_CURVE ( 'NONE', #3212, #786, #7026, .T. ) ;
#7889 = CARTESIAN_POINT ( 'NONE',  ( -0.6916666666666668739, 2.540106081495100199, 3.319999999999999840 ) ) ;
#7890 = DIRECTION ( 'NONE',  ( -1.000000000000000000, 0.000000000000000000, 0.000000000000000000 ) ) ;
#7891 = CIRCLE ( 'NONE', #471, 0.2999999999999999334 ) ;
#7892 = CARTESIAN_POINT ( 'NONE',  ( 4.599999999999999645, 2.456207873774511441, 3.319999999999999840 ) ) ;
#7893 = AXIS2_PLACEMENT_3D ( 'NONE', #7091, #5830, #2155 ) ;
#7894 = AXIS2_PLACEMENT_3D ( 'NONE', #5400, #2838, #2306 ) ;
#7895 = DIRECTION ( 'NONE',  ( 0.000000000000000000, 0.000000000000000000, 1.000000000000000000 ) ) ;
#7896 = CARTESIAN_POINT ( 'NONE',  ( -11.70000000000000462, 15.80000000000000071, -2.000000000000000000 ) ) ;
#7897 = CARTESIAN_POINT ( 'NONE',  ( 2.732352941176470651, -11.92078354779411598, 3.719999999999999751 ) ) ;
#7898 = EDGE_CURVE ( 'NONE', #4361, #3042, #1518, .T. ) ;
#7899 = VECTOR ( 'NONE', #3440, 1000.000000000000000 ) ;
#7900 = CARTESIAN_POINT ( 'NONE',  ( -0.5021615049824817989, -10.69341571770276289, 3.720000000000000195 ) ) ;
#7901 = VECTOR ( 'NONE', #4106, 1000.000000000000000 ) ;
#7902 = VECTOR ( 'NONE', #1375, 1000.000000000000000 ) ;
#7903 = ORIENTED_EDGE ( 'NONE', *, *, #4342, .F. ) ;
#7904 = CARTESIAN_POINT ( 'NONE',  ( 4.677818627450980316, 6.302150352328435012, 3.319999999999999840 ) ) ;
#7905 = EDGE_LOOP ( 'NONE', ( #1430, #400, #1118, #3746 ) ) ;
#7907 = AXIS2_PLACEMENT_3D ( 'NONE', #7022, #5018, #6410 ) ;
#7906 = CARTESIAN_POINT ( 'NONE',  ( 1.875968306261906804, -11.84980344764420757, 3.720000000000000195 ) ) ;
#7908 = DIRECTION ( 'NONE',  ( 1.000000000000000000, 0.000000000000000000, 0.000000000000000000 ) ) ;
#7909 = VECTOR ( 'NONE', #1545, 1000.000000000000000 ) ;
#7910 = ORIENTED_EDGE ( 'NONE', *, *, #1171, .F. ) ;
#7911 = CARTESIAN_POINT ( 'NONE',  ( 4.599755754264070795, -12.77537030374631932, 3.720000000000001084 ) ) ;
#7912 = CARTESIAN_POINT ( 'NONE',  ( -0.4783067767883106280, 5.052579661847977022, 3.320000000000000728 ) ) ;
#7913 = VECTOR ( 'NONE', #4625, 1000.000000000000000 ) ;
#7914 = PLANE ( 'NONE',  #6281 ) ;
#7915 = CARTESIAN_POINT ( 'NONE',  ( 14.14666666666668426, 11.54666666666665797, 2.873333333333314421 ) ) ;
#7916 = DIRECTION ( 'NONE',  ( 0.000000000000000000, -0.000000000000000000, 1.000000000000000000 ) ) ;
#7917 = B_SPLINE_CURVE_WITH_KNOTS ( 'NONE', 3,
 ( #6458, #6623, #3360, #866, #5847, #4699, #1597, #2213, #2782, #1638, #2821 ),
 .UNSPECIFIED., .F., .F.,
 ( 4, 1, 1, 1, 1, 1, 1, 1, 4 ),
 ( 0.000000000000000000, 0.06346397018966870585, 0.1293326129708573524, 0.2043576948965484807, 0.2982694572853490933, 0.4194562280064449422, 0.5721569652140962026, 0.7628712668034081101, 1.000000000000000000 ),
 .UNSPECIFIED. ) ;
#7918 = ORIENTED_EDGE ( 'NONE', *, *, #7653, .F. ) ;
#7919 = CARTESIAN_POINT ( 'NONE',  ( -0.7330309488585280420, 6.968708515554595806, 3.719999999999998863 ) ) ;
#7920 = ORIENTED_EDGE ( 'NONE', *, *, #4396, .F. ) ;
#7921 = VECTOR ( 'NONE', #5327, 1000.000000000000000 ) ;
#7922 = CARTESIAN_POINT ( 'NONE',  ( -1.900000000000004130, 13.19999999999999929, 2.720000000000000195 ) ) ;
#7923 = DIRECTION ( 'NONE',  ( 0.000000000000000000, 1.000000000000000000, 0.000000000000000000 ) ) ;
#7924 = CARTESIAN_POINT ( 'NONE',  ( 3.185488916432714923, 3.969369495385417057, 3.319999999999999840 ) ) ;
#7925 = CARTESIAN_POINT ( 'NONE',  ( 1.062979278766168045, 5.089871690956689676, 3.320000000000001616 ) ) ;
#7926 = CARTESIAN_POINT ( 'NONE',  ( 1.876348039215686159, -12.36580882352940947, 3.720000000000000195 ) ) ;
#7927 = CARTESIAN_POINT ( 'NONE',  ( -1.300000000000004263, 13.19999999999999929, 3.720000000000000195 ) ) ;
#7928 = B_SPLINE_CURVE_WITH_KNOTS ( 'NONE', 3,
 ( #701, #3196, #832, #3284, #5679, #6383, #7567, #4463, #6953, #2064, #1357, #5726, #5809, #140, #788, #5767, #3938, #179, #2666 ),
 .UNSPECIFIED., .F., .F.,
 ( 4, 1, 1, 1, 1, 1, 1, 1, 1, 1, 1, 1, 1, 1, 1, 1, 4 ),
 ( 0.000000000000000000, 0.07162820314866626126, 0.1389881115085654928, 0.2024548791123500779, 0.2622910703773537189, 0.3193827275654347875, 0.3744225040896249079, 0.4284167490842137882, 0.4819218502216052191, 0.5360709801611814873, 0.5917317931235177575, 0.6498297489339293076, 0.7111916591917688546, 0.7764452229142141393, 0.8457809067368114997, 0.9202927221421005610, 1.000000000000000000 ),
 .UNSPECIFIED. ) ;
#7929 = ORIENTED_EDGE ( 'NONE', *, *, #447, .T. ) ;
#7930 = ORIENTED_EDGE ( 'NONE', *, *, #5454, .F. ) ;
#7931 = EDGE_CURVE ( 'NONE', #6988, #6898, #1437, .T. ) ;
#7932 = LINE ( 'NONE', #4344, #7264 ) ;
#7933 = LINE ( 'NONE', #5975, #3871 ) ;
#7934 = EDGE_LOOP ( 'NONE', ( #6979, #4610, #2040, #1182 ) ) ;
#7935 = CARTESIAN_POINT ( 'NONE',  ( 4.641758464136102269, -7.272280387146397018, 3.719999999999999307 ) ) ;
#7936 = DIRECTION ( 'NONE',  ( 0.000000000000000000, 0.000000000000000000, -1.000000000000000000 ) ) ;
#7937 = CARTESIAN_POINT ( 'NONE',  ( 2.465469750631533064, -10.64443506640790815, 3.319999999999999396 ) ) ;
#7938 = CARTESIAN_POINT ( 'NONE',  ( -12.50000000000000355, 15.79999999999998472, -1.500000000000000000 ) ) ;
#7939 = ADVANCED_FACE ( 'NONE', ( #134 ), #6455, .T. ) ;
#7940 = CARTESIAN_POINT ( 'NONE',  ( 4.442968788260365010, 1.953935161384096508, 3.720000000000000195 ) ) ;
#7941 = CARTESIAN_POINT ( 'NONE',  ( -0.5892383358283133088, -10.93606830835254939, 3.319999999999999396 ) ) ;
#7942 = FACE_OUTER_BOUND ( 'NONE', #4986, .T. ) ;
#7943 = DIRECTION ( 'NONE',  ( -8.673617379884034239E-17, -1.000000000000000000, 0.000000000000000000 ) ) ;
#7944 = CARTESIAN_POINT ( 'NONE',  ( -0.6185849058697233671, -11.05504928534013587, 3.720000000000001528 ) ) ;
#7945 = EDGE_CURVE ( 'NONE', #2403, #5388, #7891, .T. ) ;
#7946 = VERTEX_POINT ( 'NONE', #5670 ) ;
#7947 = EDGE_CURVE ( 'NONE', #3916, #4563, #6289, .T. ) ;
#7948 = CYLINDRICAL_SURFACE ( 'NONE', #7648, 0.8000000000000003775 ) ;
#7949 = VERTEX_POINT ( 'NONE', #1389 ) ;
#7950 = CARTESIAN_POINT ( 'NONE',  ( 1.494883483122620538, -11.08506671632211393, 3.319999999999999396 ) ) ;
#7951 = CARTESIAN_POINT ( 'NONE',  ( 1.951734834558823239, 7.711397058823532547, 3.319999999999999840 ) ) ;
#7952 = CARTESIAN_POINT ( 'NONE',  ( 4.536551454078328938, -12.42960075587483004, 3.720000000000000195 ) ) ;
#7953 = CARTESIAN_POINT ( 'NONE',  ( -0.6903292029477906544, -2.886666560321077046, 3.320000000000000284 ) ) ;
#7954 = LINE ( 'NONE', #6739, #684 ) ;
#7955 = CARTESIAN_POINT ( 'NONE',  ( 11.69999999999999751, -17.60000000000000142, 3.520000000000001350 ) ) ;
#7956 = VERTEX_POINT ( 'NONE', #209 ) ;
#7957 = CARTESIAN_POINT ( 'NONE',  ( 1.935927925857843235, -8.007965686274506112, 3.720000000000000639 ) ) ;
#7958 = ORIENTED_EDGE ( 'NONE', *, *, #7003, .T. ) ;
#7959 = DIRECTION ( 'NONE',  ( -0.000000000000000000, -0.000000000000000000, -1.000000000000000000 ) ) ;
#7960 = CARTESIAN_POINT ( 'NONE',  ( 11.70000000000000107, 15.80000000000000426, -1.500000000000000000 ) ) ;
#7961 = CARTESIAN_POINT ( 'NONE',  ( 0.1643382352941175073, 1.952818627450982003, 3.720000000000000195 ) ) ;
#7962 = CARTESIAN_POINT ( 'NONE',  ( 1.951734834558823461, -5.284313725490193292, 3.719999999999998863 ) ) ;
#7963 = CARTESIAN_POINT ( 'NONE',  ( 11.70000000000000107, -16.60000000000000142, 2.720000000000000195 ) ) ;
#7964 = CARTESIAN_POINT ( 'NONE',  ( 3.942403272426543648, 8.226086064529949837, 3.720000000000000195 ) ) ;
#7965 = CIRCLE ( 'NONE', #1323, 1.199999999999999956 ) ;
#7966 = ORIENTED_EDGE ( 'NONE', *, *, #1364, .F. ) ;
#7967 = VERTEX_POINT ( 'NONE', #6944 ) ;
#7968 = DIRECTION ( 'NONE',  ( 0.000000000000000000, 0.000000000000000000, 1.000000000000000000 ) ) ;
#7969 = LINE ( 'NONE', #1893, #2699 ) ;
#7970 = AXIS2_PLACEMENT_3D ( 'NONE', #3047, #4876, #4921 ) ;
#7971 = EDGE_LOOP ( 'NONE', ( #5518, #1074, #7629, #3905 ) ) ;
#7972 = CARTESIAN_POINT ( 'NONE',  ( 4.593240460903883715, -7.535845114191221938, 3.719999999999997975 ) ) ;
#7973 = CARTESIAN_POINT ( 'NONE',  ( 1.572030634622815448, -7.991949172840151938, 3.319999999999999396 ) ) ;
#7974 = CARTESIAN_POINT ( 'NONE',  ( -1.500000000000003775, -4.899999999999999467, 2.720000000000000195 ) ) ;
#7975 = EDGE_CURVE ( 'NONE', #15, #7655, #2698, .T. ) ;
#7976 = LINE ( 'NONE', #7290, #7530 ) ;
#7977 = CARTESIAN_POINT ( 'NONE',  ( 0.1643382352941175073, 1.944307215073531214, 3.720000000000000195 ) ) ;
#7978 = CARTESIAN_POINT ( 'NONE',  ( -0.4465203500931305691, -10.57147149097582428, 3.320000000000000284 ) ) ;
#7979 = ORIENTED_EDGE ( 'NONE', *, *, #7982, .F. ) ;
#7980 = AXIS2_PLACEMENT_3D ( 'NONE', #1407, #2631, #5204 ) ;
#7981 = CARTESIAN_POINT ( 'NONE',  ( 2.732352941176470651, -11.92078354779411598, 3.319999999999999840 ) ) ;
#7982 = EDGE_CURVE ( 'NONE', #6661, #7082, #5191, .T. ) ;
#7983 = CARTESIAN_POINT ( 'NONE',  ( -0.3029747910136457723, -10.34505071377148866, 3.320000000000000284 ) ) ;
#7984 = ORIENTED_EDGE ( 'NONE', *, *, #6668, .T. ) ;
#7985 = CARTESIAN_POINT ( 'NONE',  ( -11.70000000000000462, 15.80000000000000071, 1.180000000000000160 ) ) ;
#7986 = ORIENTED_EDGE ( 'NONE', *, *, #7391, .F. ) ;
#7987 = DIRECTION ( 'NONE',  ( 0.000000000000000000, -0.000000000000000000, 1.000000000000000000 ) ) ;
#7988 = CARTESIAN_POINT ( 'NONE',  ( 13.00000000000000888, 15.79999999999999893, -1.000000000000001110 ) ) ;
#7989 = EDGE_CURVE ( 'NONE', #5834, #2017, #89, .T. ) ;
#7990 = CARTESIAN_POINT ( 'NONE',  ( 0.5934236856860691800, 4.072753568096932675, 3.720000000000001084 ) ) ;
#7991 = CARTESIAN_POINT ( 'NONE',  ( 0.000000000000000000, 0.000000000000000000, 0.000000000000000000 ) ) ;
#7992 = LINE ( 'NONE', #1337, #7330 ) ;
#7993 = ADVANCED_FACE ( 'NONE', ( #3357 ), #5845, .F. ) ;
#7994 = CARTESIAN_POINT ( 'NONE',  ( 4.504828475912121100, -3.240154589817924702, 3.319999999999999840 ) ) ;
#7995 = CARTESIAN_POINT ( 'NONE',  ( 3.270389720786873067, 7.418552205938450328, 3.320000000000000284 ) ) ;
#7996 = VERTEX_POINT ( 'NONE', #5071 ) ;
#7997 = CARTESIAN_POINT ( 'NONE',  ( 3.820291584535983720, -6.723651431562601033, 3.720000000000000195 ) ) ;
#7998 = ORIENTED_EDGE ( 'NONE', *, *, #5452, .T. ) ;
#7999 = DIRECTION ( 'NONE',  ( 1.000000000000000000, 0.000000000000000000, 0.000000000000000000 ) ) ;
#8000 = DIRECTION ( 'NONE',  ( 1.000000000000000000, 2.965339275174029533E-16, -0.000000000000000000 ) ) ;
#8001 = CARTESIAN_POINT ( 'NONE',  ( 0.3345824613392658353, -11.22986195095823270, 3.319999999999999396 ) ) ;
#8002 = CARTESIAN_POINT ( 'NONE',  ( 0.08651960784313711406, 6.364162071078435012, 3.319999999999999840 ) ) ;
#8003 = LINE ( 'NONE', #6711, #6385 ) ;
#8004 = EDGE_CURVE ( 'NONE', #6336, #5615, #7559, .T. ) ;
#8005 = DIRECTION ( 'NONE',  ( -0.000000000000000000, -0.000000000000000000, 1.000000000000000000 ) ) ;
#8006 = ORIENTED_EDGE ( 'NONE', *, *, #158, .F. ) ;
#8007 = ORIENTED_EDGE ( 'NONE', *, *, #6892, .T. ) ;
#8008 = CARTESIAN_POINT ( 'NONE',  ( 1.999654359078481436, -4.118560019133944650, 3.720000000000000639 ) ) ;
#8009 = DIRECTION ( 'NONE',  ( 0.000000000000000000, -0.000000000000000000, 1.000000000000000000 ) ) ;
#8010 = ORIENTED_EDGE ( 'NONE', *, *, #2807, .T. ) ;
#8011 = ORIENTED_EDGE ( 'NONE', *, *, #5598, .F. ) ;
#8012 = LINE ( 'NONE', #511, #2717 ) ;
#8013 = DIRECTION ( 'NONE',  ( 0.000000000000000000, -0.000000000000000000, -1.000000000000000000 ) ) ;
#8014 = CARTESIAN_POINT ( 'NONE',  ( -12.50000000000000000, -16.60000000000000497, -2.000000000000000000 ) ) ;
#8015 = LINE ( 'NONE', #6801, #6655 ) ;
#8016 = LINE ( 'NONE', #1621, #1551 ) ;
#8017 = ORIENTED_EDGE ( 'NONE', *, *, #121, .F. ) ;
#8018 = CARTESIAN_POINT ( 'NONE',  ( 2.368837935621445734, -10.48687101556896550, 3.320000000000000284 ) ) ;
#8019 = CARTESIAN_POINT ( 'NONE',  ( -0.5519358696179336166, -10.81455178264110017, 3.720000000000001084 ) ) ;
#8020 = B_SPLINE_CURVE_WITH_KNOTS ( 'NONE', 3,
 ( #1642, #1567, #2177, #6581, #3978, #915, #7113, #3406, #2906, #5852, #7835, #873, #5887, #3369, #2787, #5274, #4064, #7874, #7764 ),
 .UNSPECIFIED., .F., .F.,
 ( 4, 1, 1, 1, 1, 1, 1, 1, 1, 1, 1, 1, 1, 1, 1, 1, 4 ),
 ( 0.000000000000000000, 0.07998687184711988918, 0.1559865130290785940, 0.2277006833242031236, 0.2961486476827292491, 0.3608880826660947894, 0.4217378579292104801, 0.4798847986416894806, 0.5355057445050774856, 0.5892689189416134843, 0.6422809993223053127, 0.6946689085360283622, 0.7481243169006167593, 0.8040541819839501780, 0.8644630359991968271, 0.9290926937957373344, 1.000000000000000000 ),
 .UNSPECIFIED. ) ;
#8021 = ORIENTED_EDGE ( 'NONE', *, *, #65, .F. ) ;
#8022 = COLOUR_RGB ( '',1.000000000000000000, 1.000000000000000000, 1.000000000000000000 ) ;
#8023 = LINE ( 'NONE', #5776, #1789 ) ;
#8024 = ORIENTED_EDGE ( 'NONE', *, *, #3119, .F. ) ;
#8025 = EDGE_CURVE ( 'NONE', #2088, #7286, #5422, .T. ) ;
#8026 = CARTESIAN_POINT ( 'NONE',  ( 1.164529298768745447, -10.97293048921140013, 3.319999999999999840 ) ) ;
#8027 = CARTESIAN_POINT ( 'NONE',  ( 0.8701904552719087471, 7.561518018501292460, 3.319999999999999396 ) ) ;
#8028 = CARTESIAN_POINT ( 'NONE',  ( 4.575653381375558659, -12.56040798296248084, 3.720000000000000195 ) ) ;
#8029 = DIRECTION ( 'NONE',  ( 0.000000000000000000, -0.000000000000000000, 1.000000000000000000 ) ) ;
#8030 = VECTOR ( 'NONE', #6831, 1000.000000000000000 ) ;
#8031 = CARTESIAN_POINT ( 'NONE',  ( -12.30000000000000426, 6.600000000000001421, 2.720000000000000195 ) ) ;
#8032 = CARTESIAN_POINT ( 'NONE',  ( 3.821813725490196045, 6.334980085784317261, 3.319999999999999840 ) ) ;
#8033 = EDGE_CURVE ( 'NONE', #6354, #5105, #4993, .T. ) ;
#8034 = ORIENTED_EDGE ( 'NONE', *, *, #6148, .F. ) ;
#8035 = VECTOR ( 'NONE', #3378, 1000.000000000000000 ) ;
#8036 = CARTESIAN_POINT ( 'NONE',  ( 3.792337689382959898, -7.016238632387868712, 3.720000000000001972 ) ) ;
#8037 = ORIENTED_EDGE ( 'NONE', *, *, #5540, .F. ) ;
#8038 = EDGE_CURVE ( 'NONE', #6856, #1114, #5308, .T. ) ;
#8039 = VECTOR ( 'NONE', #7488, 1000.000000000000000 ) ;
#8040 = DIRECTION ( 'NONE',  ( -1.000000000000000000, 0.000000000000000000, 0.000000000000000000 ) ) ;
#8041 = CARTESIAN_POINT ( 'NONE',  ( -0.6164900733481315509, -5.524605941113652108, 3.720000000000000639 ) ) ;
#8042 = CARTESIAN_POINT ( 'NONE',  ( 4.318756282232527610, 4.787273604373589286, 3.320000000000000284 ) ) ;
#8043 = DIRECTION ( 'NONE',  ( 0.000000000000000000, 0.000000000000000000, 1.000000000000000000 ) ) ;
#8044 = CARTESIAN_POINT ( 'NONE',  ( 4.641758464136102269, 5.723430397167328820, 3.320000000000000728 ) ) ;
#8045 = CARTESIAN_POINT ( 'NONE',  ( 1.893370863970587958, 8.878676470588239056, 3.319999999999999840 ) ) ;
#8046 = VECTOR ( 'NONE', #2744, 1000.000000000000000 ) ;
#8047 = EDGE_CURVE ( 'NONE', #3230, #5196, #2170, .T. ) ;
#8048 = VECTOR ( 'NONE', #3246, 999.9999999999998863 ) ;
#8049 = VERTEX_POINT ( 'NONE', #1677 ) ;
#8050 = ORIENTED_EDGE ( 'NONE', *, *, #1223, .T. ) ;
#8051 = EDGE_CURVE ( 'NONE', #4074, #2813, #1021, .T. ) ;
#8052 = CARTESIAN_POINT ( 'NONE',  ( -0.1294659487439625278, 1.108390654109903561, 3.719999999999999751 ) ) ;
#8053 = DIRECTION ( 'NONE',  ( -0.9425425453382622054, -0.3340861419264045673, 0.000000000000000000 ) ) ;
#8054 = ORIENTED_EDGE ( 'NONE', *, *, #1830, .F. ) ;
#8055 = VERTEX_POINT ( 'NONE', #4057 ) ;
#8056 = CARTESIAN_POINT ( 'NONE',  ( 0.8401748656908832880, -9.015104437538761672, 3.719999999999999307 ) ) ;
#8057 = DIRECTION ( 'NONE',  ( 0.000000000000000000, 0.000000000000000000, 1.000000000000000000 ) ) ;
#8058 = VECTOR ( 'NONE', #3339, 1000.000000000000000 ) ;
#8059 = CARTESIAN_POINT ( 'NONE',  ( 9.099999999999996092, 10.70000000000000107, 2.720000000000000195 ) ) ;
#8060 = CARTESIAN_POINT ( 'NONE',  ( -0.6916666666666668739, -11.82837392769607554, 3.720000000000000195 ) ) ;
#8061 = ORIENTED_EDGE ( 'NONE', *, *, #4117, .F. ) ;
#8062 = DIRECTION ( 'NONE',  ( -0.7071067811865517916, 0.000000000000000000, 0.7071067811865433539 ) ) ;
#8063 = CARTESIAN_POINT ( 'NONE',  ( 0.08798715818796096211, 6.426275708314974189, 3.720000000000000639 ) ) ;
#8064 = EDGE_LOOP ( 'NONE', ( #1368, #7021, #7068, #6296 ) ) ;
#8065 = ORIENTED_EDGE ( 'NONE', *, *, #2401, .F. ) ;
#8066 = PLANE ( 'NONE',  #3729 ) ;
#8067 = CARTESIAN_POINT ( 'NONE',  ( 0.5982294429459222851, 7.428972591851406904, 3.320000000000000728 ) ) ;
#8068 = CARTESIAN_POINT ( 'NONE',  ( -0.7694852941176472116, 6.400639552696082646, 3.319999999999999840 ) ) ;
#8069 = CARTESIAN_POINT ( 'NONE',  ( -2.400000000000004352, 16.29999999999999716, 1.180000000000000160 ) ) ;
#8070 = CARTESIAN_POINT ( 'NONE',  ( 4.575443932046577622, -3.083020619186619626, 3.319999999999999396 ) ) ;
ENDSEC;
END-ISO-10303-21;
