ISO-10303-21;
HEADER;
FILE_DESCRIPTION (( 'STEP AP214' ),
    '1' );
FILE_NAME ('Lid.STEP',
    '2026-07-11T12:14:28',
    ( '' ),
    ( '' ),
    'SwSTEP 2.0',
    'SolidWorks 2019',
    '' );
FILE_SCHEMA (( 'AUTOMOTIVE_DESIGN' ));
ENDSEC;

DATA;
#1 = CIRCLE ( 'NONE', #1297, 1.050000000000000488 ) ;
#2 = SURFACE_STYLE_USAGE ( .BOTH. , #1242 ) ;
#3 = APPLICATION_CONTEXT ( 'automotive_design' ) ;
#4 = AXIS2_PLACEMENT_3D ( 'NONE', #294, #485, #1549 ) ;
#5 = EDGE_LOOP ( 'NONE', ( #1765, #970, #332 ) ) ;
#6 = CARTESIAN_POINT ( 'NONE',  ( -6.890000000000080504, 7.399999999999964828, 2.000000000000000000 ) ) ;
#7 = DIRECTION ( 'NONE',  ( -0.000000000000000000, -0.000000000000000000, 1.000000000000000000 ) ) ;
#8 = CARTESIAN_POINT ( 'NONE',  ( -3.499999999999999556, -17.05000000000000071, 0.9999999999999941158 ) ) ;
#9 = ORIENTED_EDGE ( 'NONE', *, *, #222, .F. ) ;
#10 = FACE_OUTER_BOUND ( 'NONE', #1636, .T. ) ;
#11 = EDGE_CURVE ( 'NONE', #1922, #1869, #803, .T. ) ;
#12 = DIRECTION ( 'NONE',  ( -0.000000000000000000, 1.000000000000000000, 0.000000000000000000 ) ) ;
#13 = EDGE_CURVE ( 'NONE', #845, #2099, #960, .T. ) ;
#14 = CARTESIAN_POINT ( 'NONE',  ( -13.50623058987491021, -17.05000000000000071, 0.9999999999999941158 ) ) ;
#15 = LINE ( 'NONE', #188, #1149 ) ;
#16 = DIRECTION ( 'NONE',  ( 0.000000000000000000, 0.000000000000000000, -1.000000000000000000 ) ) ;
#17 = EDGE_LOOP ( 'NONE', ( #1014, #1467 ) ) ;
#18 = PLANE ( 'NONE',  #35 ) ;
#19 = AXIS2_PLACEMENT_3D ( 'NONE', #2019, #426, #2170 ) ;
#20 = DIRECTION ( 'NONE',  ( -0.000000000000000000, -0.000000000000000000, -1.000000000000000000 ) ) ;
#21 = EDGE_CURVE ( 'NONE', #450, #28, #1167, .T. ) ;
#22 = VERTEX_POINT ( 'NONE', #1747 ) ;
#23 = FACE_BOUND ( 'NONE', #2086, .T. ) ;
#24 = CARTESIAN_POINT ( 'NONE',  ( -9.870000000000000995, 15.01999999999999957, 2.000000000000000000 ) ) ;
#25 = ADVANCED_FACE ( 'NONE', ( #1384 ), #890, .T. ) ;
#26 = CARTESIAN_POINT ( 'NONE',  ( -13.50623058987491021, -16.59999999999999787, 0.5500000000000000444 ) ) ;
#27 = DIRECTION ( 'NONE',  ( -1.362927481496348147E-15, 0.7071067811865540120, 0.7071067811865410224 ) ) ;
#28 = VERTEX_POINT ( 'NONE', #1897 ) ;
#29 = FACE_OUTER_BOUND ( 'NONE', #1000, .T. ) ;
#30 = AXIS2_PLACEMENT_3D ( 'NONE', #588, #1812, #1299 ) ;
#31 = VECTOR ( 'NONE', #943, 1000.000000000000000 ) ;
#32 = AXIS2_PLACEMENT_3D ( 'NONE', #1999, #408, #1124 ) ;
#33 = LINE ( 'NONE', #1095, #212 ) ;
#34 = VERTEX_POINT ( 'NONE', #870 ) ;
#35 = AXIS2_PLACEMENT_3D ( 'NONE', #1633, #558, #1599 ) ;
#36 = DIRECTION ( 'NONE',  ( -1.000000000000000000, 0.000000000000000000, 0.000000000000000000 ) ) ;
#37 = CIRCLE ( 'NONE', #1333, 1.049999999999999822 ) ;
#38 = EDGE_CURVE ( 'NONE', #528, #904, #1591, .T. ) ;
#39 = CARTESIAN_POINT ( 'NONE',  ( -6.890000000000080504, 7.399999999999964828, 0.000000000000000000 ) ) ;
#40 = CYLINDRICAL_SURFACE ( 'NONE', #1953, 1.050000000000000488 ) ;
#41 = ORIENTED_EDGE ( 'NONE', *, *, #1773, .F. ) ;
#42 = CYLINDRICAL_SURFACE ( 'NONE', #73, 1.049999999999999822 ) ;
#43 = VERTEX_POINT ( 'NONE', #513 ) ;
#44 = APPLICATION_PROTOCOL_DEFINITION ( 'draft international standard', 'automotive_design', 1998, #836 ) ;
#45 = FACE_OUTER_BOUND ( 'NONE', #841, .T. ) ;
#46 = DIRECTION ( 'NONE',  ( -0.7071067811865470176, 0.000000000000000000, 0.7071067811865480168 ) ) ;
#47 = CARTESIAN_POINT ( 'NONE',  ( -5.840000000000053149, 9.939999999999963975, 2.000000000000000000 ) ) ;
#48 = ORIENTED_EDGE ( 'NONE', *, *, #21, .F. ) ;
#49 = EDGE_CURVE ( 'NONE', #1016, #2099, #1933, .T. ) ;
#50 = LINE ( 'NONE', #1673, #1186 ) ;
#51 = LINE ( 'NONE', #2207, #368 ) ;
#52 = EDGE_CURVE ( 'NONE', #1587, #1748, #760, .T. ) ;
#53 = ORIENTED_EDGE ( 'NONE', *, *, #1588, .F. ) ;
#54 = EDGE_CURVE ( 'NONE', #2177, #2085, #356, .T. ) ;
#55 = DIRECTION ( 'NONE',  ( 0.000000000000000000, -1.000000000000000000, 0.000000000000000000 ) ) ;
#56 = DIRECTION ( 'NONE',  ( -1.000000000000000000, 0.000000000000000000, 0.000000000000000000 ) ) ;
#57 = AXIS2_PLACEMENT_3D ( 'NONE', #1750, #1547, #2241 ) ;
#58 = FACE_OUTER_BOUND ( 'NONE', #1166, .T. ) ;
#59 = LINE ( 'NONE', #1497, #136 ) ;
#60 = EDGE_LOOP ( 'NONE', ( #1678, #2059, #1355, #1359 ) ) ;
#61 = CARTESIAN_POINT ( 'NONE',  ( -10.92000000000005500, 9.940000000000001279, 2.000000000000000000 ) ) ;
#62 = CARTESIAN_POINT ( 'NONE',  ( 12.50000000000000000, 17.60623058987490808, 1.449999999999999956 ) ) ;
#63 = ORIENTED_EDGE ( 'NONE', *, *, #2205, .F. ) ;
#64 = AXIS2_PLACEMENT_3D ( 'NONE', #2231, #118, #1350 ) ;
#65 = ADVANCED_FACE ( 'NONE', ( #1605 ), #1464, .T. ) ;
#66 = AXIS2_PLACEMENT_3D ( 'NONE', #1182, #658, #119 ) ;
#67 = CIRCLE ( 'NONE', #1369, 0.6000000000000103029 ) ;
#68 = LINE ( 'NONE', #1139, #483 ) ;
#69 = CIRCLE ( 'NONE', #149, 1.050000000000000488 ) ;
#70 = CARTESIAN_POINT ( 'NONE',  ( -9.870000000000080931, 7.400000000000000355, 0.000000000000000000 ) ) ;
#71 = CARTESIAN_POINT ( 'NONE',  ( 11.70000000000000107, -16.60000000000000142, 0.000000000000000000 ) ) ;
#72 = EDGE_LOOP ( 'NONE', ( #662, #1005, #1222, #813 ) ) ;
#73 = AXIS2_PLACEMENT_3D ( 'NONE', #1609, #1459, #889 ) ;
#74 = CARTESIAN_POINT ( 'NONE',  ( -4.790000000000053326, 9.939999999999963975, 2.000000000000000000 ) ) ;
#75 = CARTESIAN_POINT ( 'NONE',  ( 12.95000000000000107, 7.600000000000000533, 1.000000000000000000 ) ) ;
#76 = CYLINDRICAL_SURFACE ( 'NONE', #1891, 1.050000000000000488 ) ;
#77 = DIRECTION ( 'NONE',  ( 0.000000000000000000, 0.000000000000000000, -1.000000000000000000 ) ) ;
#78 = ORIENTED_EDGE ( 'NONE', *, *, #1789, .T. ) ;
#79 = PRODUCT_RELATED_PRODUCT_CATEGORY ( 'part', '', ( #1397 ) ) ;
#80 = CARTESIAN_POINT ( 'NONE',  ( -13.50623058987491021, 16.59999999999999787, 0.5500000000000000444 ) ) ;
#81 = CYLINDRICAL_SURFACE ( 'NONE', #733, 1.050000000000000488 ) ;
#82 = DIRECTION ( 'NONE',  ( -0.000000000000000000, -0.000000000000000000, -1.000000000000000000 ) ) ;
#83 = DIRECTION ( 'NONE',  ( 0.000000000000000000, 0.000000000000000000, -1.000000000000000000 ) ) ;
#84 = ORIENTED_EDGE ( 'NONE', *, *, #1602, .T. ) ;
#85 = CARTESIAN_POINT ( 'NONE',  ( -10.92000000000000171, 15.01999999999999957, 2.000000000000000000 ) ) ;
#86 = EDGE_CURVE ( 'NONE', #439, #2132, #1098, .T. ) ;
#87 = CARTESIAN_POINT ( 'NONE',  ( 12.50000000000000000, 17.60623058987490808, 1.449999999999999956 ) ) ;
#88 = EDGE_LOOP ( 'NONE', ( #112, #1240 ) ) ;
#89 = ORIENTED_EDGE ( 'NONE', *, *, #364, .F. ) ;
#90 = DIRECTION ( 'NONE',  ( 0.000000000000000000, 0.000000000000000000, -1.000000000000000000 ) ) ;
#91 = CARTESIAN_POINT ( 'NONE',  ( -9.430000000000026361, 12.47999999999998266, 2.000000000000000000 ) ) ;
#92 = EDGE_CURVE ( 'NONE', #2125, #1922, #1816, .T. ) ;
#93 = MECHANICAL_DESIGN_GEOMETRIC_PRESENTATION_REPRESENTATION (  '', ( #2097 ), #1991 ) ;
#94 = PLANE ( 'NONE',  #2106 ) ;
#95 = FACE_OUTER_BOUND ( 'NONE', #1951, .T. ) ;
#96 = ORIENTED_EDGE ( 'NONE', *, *, #1527, .F. ) ;
#97 = DIRECTION ( 'NONE',  ( 0.000000000000000000, 0.000000000000000000, -1.000000000000000000 ) ) ;
#98 = AXIS2_PLACEMENT_3D ( 'NONE', #1569, #319, #868 ) ;
#99 = ORIENTED_EDGE ( 'NONE', *, *, #2006, .T. ) ;
#100 = VERTEX_POINT ( 'NONE', #24 ) ;
#101 = VECTOR ( 'NONE', #347, 1000.000000000000000 ) ;
#102 = DIRECTION ( 'NONE',  ( -1.000000000000000000, 0.000000000000000000, 0.000000000000000000 ) ) ;
#103 = FACE_OUTER_BOUND ( 'NONE', #1347, .T. ) ;
#104 = VECTOR ( 'NONE', #2254, 1000.000000000000000 ) ;
#105 = EDGE_CURVE ( 'NONE', #2253, #190, #393, .T. ) ;
#106 = DIRECTION ( 'NONE',  ( -0.000000000000000000, -0.000000000000000000, -1.000000000000000000 ) ) ;
#107 = AXIS2_PLACEMENT_3D ( 'NONE', #171, #1940, #1878 ) ;
#108 = CARTESIAN_POINT ( 'NONE',  ( -3.499999999999999556, 16.60000000000000142, 1.449999999999996403 ) ) ;
#109 = DIRECTION ( 'NONE',  ( -0.000000000000000000, -0.000000000000000000, 1.000000000000000000 ) ) ;
#110 = ORIENTED_EDGE ( 'NONE', *, *, #2009, .F. ) ;
#111 = AXIS2_PLACEMENT_3D ( 'NONE', #1736, #1566, #2271 ) ;
#112 = ORIENTED_EDGE ( 'NONE', *, *, #243, .T. ) ;
#113 = DIRECTION ( 'NONE',  ( -0.000000000000000000, -0.000000000000000000, -1.000000000000000000 ) ) ;
#114 = EDGE_LOOP ( 'NONE', ( #2193, #902, #1341 ) ) ;
#115 = ORIENTED_EDGE ( 'NONE', *, *, #292, .T. ) ;
#116 = CARTESIAN_POINT ( 'NONE',  ( 11.70000000000000107, -16.60000000000000142, 1.800000000000011591 ) ) ;
#117 = CARTESIAN_POINT ( 'NONE',  ( -8.380000000000080718, 7.399999999999982592, 0.000000000000000000 ) ) ;
#118 = DIRECTION ( 'NONE',  ( 0.000000000000000000, 0.000000000000000000, -1.000000000000000000 ) ) ;
#119 = DIRECTION ( 'NONE',  ( -1.000000000000000000, 0.000000000000000000, 0.000000000000000000 ) ) ;
#120 = ADVANCED_FACE ( 'NONE', ( #1624 ), #2143, .T. ) ;
#121 = ORIENTED_EDGE ( 'NONE', *, *, #1460, .T. ) ;
#122 = EDGE_LOOP ( 'NONE', ( #840, #1310, #1314, #2154 ) ) ;
#123 = EDGE_CURVE ( 'NONE', #1346, #643, #436, .T. ) ;
#124 = ADVANCED_FACE ( 'NONE', ( #2191 ), #269, .T. ) ;
#125 = ORIENTED_EDGE ( 'NONE', *, *, #1094, .T. ) ;
#126 = FACE_OUTER_BOUND ( 'NONE', #445, .T. ) ;
#127 = VERTEX_POINT ( 'NONE', #614 ) ;
#128 = EDGE_LOOP ( 'NONE', ( #1608, #280, #235, #2146 ) ) ;
#129 = DIRECTION ( 'NONE',  ( 0.000000000000000000, 0.000000000000000000, -1.000000000000000000 ) ) ;
#130 = DIRECTION ( 'NONE',  ( 0.7071067811865480168, 0.000000000000000000, 0.7071067811865470176 ) ) ;
#131 = CARTESIAN_POINT ( 'NONE',  ( -3.499999999999999556, -16.60000000000000142, 0.000000000000000000 ) ) ;
#132 = PRODUCT_DEFINITION_SHAPE ( 'NONE', 'NONE',  #499 ) ;
#133 = CARTESIAN_POINT ( 'NONE',  ( -10.92000000000002657, 12.48000000000000043, 0.000000000000000000 ) ) ;
#134 = LINE ( 'NONE', #26, #101 ) ;
#135 = DIRECTION ( 'NONE',  ( -1.000000000000000000, 0.000000000000000000, 0.000000000000000000 ) ) ;
#136 = VECTOR ( 'NONE', #618, 1000.000000000000000 ) ;
#137 = VERTEX_POINT ( 'NONE', #1140 ) ;
#138 = ORIENTED_EDGE ( 'NONE', *, *, #839, .F. ) ;
#139 = ORIENTED_EDGE ( 'NONE', *, *, #92, .T. ) ;
#140 = ORIENTED_EDGE ( 'NONE', *, *, #105, .F. ) ;
#141 = EDGE_CURVE ( 'NONE', #431, #1103, #587, .T. ) ;
#142 = ORIENTED_EDGE ( 'NONE', *, *, #1854, .T. ) ;
#143 = CLOSED_SHELL ( 'NONE', ( #715, #511, #1177, #1390, #358, #407, #1510, #2049, #2175, #1695, #1354, #778, #1972, #858, #1462, #461, #1630, #875, #1317, #346, #2156, #323, #1326, #2141, #606, #1081, #619, #25, #539, #538, #981, #335, #807, #888, #1201, #2022, #120, #2082, #1797, #1040, #1573, #804, #322, #726, #713, #1193, #270, #1996, #167, #1430, #124, #320, #1249, #810, #855, #1056, #1379, #415, #1643, #1051, #1287, #256, #1839, #1772, #1698, #65, #1013, #1136, #2201, #2252, #217, #639, #1742, #2269 ) ) ;
#144 = DIRECTION ( 'NONE',  ( -0.000000000000000000, -0.000000000000000000, -1.000000000000000000 ) ) ;
#145 = CARTESIAN_POINT ( 'NONE',  ( 12.50000000000003375, -4.599999999999999645, 0.5500000000000009326 ) ) ;
#146 = AXIS2_PLACEMENT_3D ( 'NONE', #505, #2220, #2232 ) ;
#147 = FACE_OUTER_BOUND ( 'NONE', #2073, .T. ) ;
#148 = CARTESIAN_POINT ( 'NONE',  ( -12.50000000000000000, 4.599999999999999645, 0.5499999999999961586 ) ) ;
#149 = AXIS2_PLACEMENT_3D ( 'NONE', #2290, #705, #1246 ) ;
#150 = ORIENTED_EDGE ( 'NONE', *, *, #38, .F. ) ;
#151 = CIRCLE ( 'NONE', #709, 1.050000000000000488 ) ;
#152 = FACE_OUTER_BOUND ( 'NONE', #1373, .T. ) ;
#153 = AXIS2_PLACEMENT_3D ( 'NONE', #1888, #1221, #135 ) ;
#154 = ORIENTED_EDGE ( 'NONE', *, *, #1983, .F. ) ;
#155 = ORIENTED_EDGE ( 'NONE', *, *, #141, .F. ) ;
#156 = EDGE_LOOP ( 'NONE', ( #763, #2042, #1762, #1308 ) ) ;
#157 = DIRECTION ( 'NONE',  ( -1.000000000000000000, 0.000000000000000000, 0.000000000000000000 ) ) ;
#158 = DIRECTION ( 'NONE',  ( 0.000000000000000000, 0.000000000000000000, -1.000000000000000000 ) ) ;
#159 = EDGE_CURVE ( 'NONE', #195, #1579, #1301, .T. ) ;
#160 = DIRECTION ( 'NONE',  ( -1.362927481496330792E-15, -0.7071067811865450192, -0.7071067811865501263 ) ) ;
#161 = DIRECTION ( 'NONE',  ( -0.000000000000000000, 0.7071067811865501263, 0.7071067811865450192 ) ) ;
#162 = ORIENTED_EDGE ( 'NONE', *, *, #52, .T. ) ;
#163 = FACE_OUTER_BOUND ( 'NONE', #411, .T. ) ;
#164 = EDGE_LOOP ( 'NONE', ( #660, #455, #769, #2228 ) ) ;
#165 = LINE ( 'NONE', #1442, #1626 ) ;
#166 = FACE_OUTER_BOUND ( 'NONE', #1907, .T. ) ;
#167 = ADVANCED_FACE ( 'NONE', ( #2016 ), #1844, .F. ) ;
#168 = FACE_OUTER_BOUND ( 'NONE', #1096, .T. ) ;
#169 = LINE ( 'NONE', #1785, #673 ) ;
#170 = ORIENTED_EDGE ( 'NONE', *, *, #665, .F. ) ;
#171 = CARTESIAN_POINT ( 'NONE',  ( 12.50000000000000000, -16.60000000000000142, 2.000000000000000000 ) ) ;
#172 = VECTOR ( 'NONE', #1872, 1000.000000000000000 ) ;
#173 = LINE ( 'NONE', #891, #1072 ) ;
#174 = ORIENTED_EDGE ( 'NONE', *, *, #741, .T. ) ;
#175 = CARTESIAN_POINT ( 'NONE',  ( -5.840000000000027391, 12.47999999999996490, 2.000000000000000000 ) ) ;
#176 = DIRECTION ( 'NONE',  ( -0.000000000000000000, -0.000000000000000000, -1.000000000000000000 ) ) ;
#177 = DIRECTION ( 'NONE',  ( 0.7071067811865482389, -0.000000000000000000, 0.7071067811865469066 ) ) ;
#178 = AXIS2_PLACEMENT_3D ( 'NONE', #2274, #1050, #1754 ) ;
#179 = VERTEX_POINT ( 'NONE', #1590 ) ;
#180 = VECTOR ( 'NONE', #453, 1000.000000000000114 ) ;
#181 = DIRECTION ( 'NONE',  ( -0.000000000000000000, -0.000000000000000000, -1.000000000000000000 ) ) ;
#182 = EDGE_CURVE ( 'NONE', #1675, #1049, #774, .T. ) ;
#183 = VECTOR ( 'NONE', #1474, 1000.000000000000000 ) ;
#184 =( NAMED_UNIT ( * ) PLANE_ANGLE_UNIT ( ) SI_UNIT ( $, .RADIAN. ) );
#185 = VECTOR ( 'NONE', #109, 1000.000000000000000 ) ;
#186 = ORIENTED_EDGE ( 'NONE', *, *, #232, .F. ) ;
#187 = CARTESIAN_POINT ( 'NONE',  ( -10.92000000000005500, 9.940000000000001279, 2.000000000000000000 ) ) ;
#188 = CARTESIAN_POINT ( 'NONE',  ( -3.499999999999999556, 16.60000000000000142, 0.000000000000000000 ) ) ;
#189 = DIRECTION ( 'NONE',  ( 0.000000000000000000, 0.000000000000000000, -1.000000000000000000 ) ) ;
#190 = VERTEX_POINT ( 'NONE', #878 ) ;
#191 = EDGE_LOOP ( 'NONE', ( #536, #1521, #121, #298 ) ) ;
#192 = DIRECTION ( 'NONE',  ( -1.000000000000000000, 0.000000000000000000, 0.000000000000000000 ) ) ;
#193 = EDGE_CURVE ( 'NONE', #2076, #750, #1885, .T. ) ;
#194 = EDGE_CURVE ( 'NONE', #892, #811, #1929, .T. ) ;
#195 = VERTEX_POINT ( 'NONE', #2284 ) ;
#196 = FACE_BOUND ( 'NONE', #2111, .T. ) ;
#197 = DIRECTION ( 'NONE',  ( -0.000000000000000000, -0.000000000000000000, -1.000000000000000000 ) ) ;
#198 = CARTESIAN_POINT ( 'NONE',  ( 12.94999999999999929, -4.599999999999999645, 0.9999999999999974465 ) ) ;
#199 = ORIENTED_EDGE ( 'NONE', *, *, #1817, .T. ) ;
#200 = ORIENTED_EDGE ( 'NONE', *, *, #1530, .F. ) ;
#201 = LINE ( 'NONE', #1241, #1932 ) ;
#202 = EDGE_CURVE ( 'NONE', #643, #526, #699, .T. ) ;
#203 = ORIENTED_EDGE ( 'NONE', *, *, #1691, .F. ) ;
#204 = PRODUCT_DEFINITION_FORMATION_WITH_SPECIFIED_SOURCE ( '任何', '', #1397, .NOT_KNOWN. ) ;
#205 = PLANE ( 'NONE',  #1119 ) ;
#206 = CARTESIAN_POINT ( 'NONE',  ( 12.50000000000000000, -16.60000000000000142, 2.000000000000000000 ) ) ;
#207 = LINE ( 'NONE', #425, #1076 ) ;
#208 = DIRECTION ( 'NONE',  ( 0.000000000000000000, 0.000000000000000000, -1.000000000000000000 ) ) ;
#209 = ORIENTED_EDGE ( 'NONE', *, *, #939, .F. ) ;
#210 = DIRECTION ( 'NONE',  ( 0.000000000000000000, 0.000000000000000000, -1.000000000000000000 ) ) ;
#211 = AXIS2_PLACEMENT_3D ( 'NONE', #716, #2077, #1191 ) ;
#212 = VECTOR ( 'NONE', #1798, 1000.000000000000000 ) ;
#213 = CIRCLE ( 'NONE', #814, 1.050000000000000488 ) ;
#214 = VERTEX_POINT ( 'NONE', #1740 ) ;
#215 = CIRCLE ( 'NONE', #1516, 0.8000000000000003775 ) ;
#216 = DIRECTION ( 'NONE',  ( 0.7071067811865480168, 0.000000000000000000, 0.7071067811865470176 ) ) ;
#217 = ADVANCED_FACE ( 'NONE', ( #152 ), #1568, .F. ) ;
#218 = CARTESIAN_POINT ( 'NONE',  ( -13.50623058987491021, 17.05000000000000071, 0.9999999999999941158 ) ) ;
#219 = CARTESIAN_POINT ( 'NONE',  ( -12.50000000000000000, 17.60623058987490808, 1.449999999999996847 ) ) ;
#220 = DIRECTION ( 'NONE',  ( 0.000000000000000000, 0.000000000000000000, -1.000000000000000000 ) ) ;
#221 = ORIENTED_EDGE ( 'NONE', *, *, #463, .F. ) ;
#222 = EDGE_CURVE ( 'NONE', #904, #1959, #689, .T. ) ;
#223 = CARTESIAN_POINT ( 'NONE',  ( -7.330000000000079119, 7.399999999999982592, 2.000000000000000000 ) ) ;
#224 = FACE_OUTER_BOUND ( 'NONE', #597, .T. ) ;
#225 = ORIENTED_EDGE ( 'NONE', *, *, #953, .T. ) ;
#226 = FACE_OUTER_BOUND ( 'NONE', #164, .T. ) ;
#227 = VERTEX_POINT ( 'NONE', #514 ) ;
#228 = CARTESIAN_POINT ( 'NONE',  ( -4.790000000000026681, 12.47999999999996490, 2.000000000000000000 ) ) ;
#229 = DIRECTION ( 'NONE',  ( -1.000000000000000000, 0.000000000000000000, 0.000000000000000000 ) ) ;
#230 = DIRECTION ( 'NONE',  ( 0.000000000000000000, -1.000000000000000000, -0.000000000000000000 ) ) ;
#231 = CARTESIAN_POINT ( 'NONE',  ( -12.95000000000000107, -7.599999999999999645, 0.9999999999999967804 ) ) ;
#232 = EDGE_CURVE ( 'NONE', #1822, #2125, #1560, .T. ) ;
#233 = CARTESIAN_POINT ( 'NONE',  ( 5.500000000000001776, -16.60000000000000142, 1.449999999999996403 ) ) ;
#234 = DIRECTION ( 'NONE',  ( 1.362927481496330792E-15, 0.7071067811865450192, 0.7071067811865501263 ) ) ;
#235 = ORIENTED_EDGE ( 'NONE', *, *, #2178, .F. ) ;
#236 = DIRECTION ( 'NONE',  ( 0.000000000000000000, 1.000000000000000000, 0.000000000000000000 ) ) ;
#237 = AXIS2_PLACEMENT_3D ( 'NONE', #504, #327, #1019 ) ;
#238 = DIRECTION ( 'NONE',  ( -1.000000000000000000, 0.000000000000000000, 0.000000000000000000 ) ) ;
#239 = CARTESIAN_POINT ( 'NONE',  ( -12.30000000000000959, 0.000000000000000000, 2.000000000000000000 ) ) ;
#240 = ORIENTED_EDGE ( 'NONE', *, *, #494, .F. ) ;
#241 = CARTESIAN_POINT ( 'NONE',  ( -5.840000000000053149, 9.939999999999963975, 2.000000000000000000 ) ) ;
#242 = LINE ( 'NONE', #413, #442 ) ;
#243 = EDGE_CURVE ( 'NONE', #2225, #1121, #2064, .T. ) ;
#244 = AXIS2_PLACEMENT_3D ( 'NONE', #1925, #2068, #1751 ) ;
#245 = EDGE_CURVE ( 'NONE', #750, #1869, #1227, .T. ) ;
#246 = VECTOR ( 'NONE', #1018, 1000.000000000000114 ) ;
#247 = LINE ( 'NONE', #2026, #1374 ) ;
#248 = CARTESIAN_POINT ( 'NONE',  ( -10.92000000000005500, 9.940000000000001279, 2.000000000000000000 ) ) ;
#249 = VERTEX_POINT ( 'NONE', #324 ) ;
#250 = AXIS2_PLACEMENT_3D ( 'NONE', #2015, #937, #925 ) ;
#251 = CARTESIAN_POINT ( 'NONE',  ( -9.870000000000080931, 7.400000000000000355, 2.000000000000000000 ) ) ;
#252 = DIRECTION ( 'NONE',  ( -0.000000000000000000, -0.000000000000000000, 1.000000000000000000 ) ) ;
#253 = VECTOR ( 'NONE', #731, 1000.000000000000000 ) ;
#254 = CARTESIAN_POINT ( 'NONE',  ( -13.50623058987491021, -17.05000000000000071, 0.9999999999999941158 ) ) ;
#255 = FILL_AREA_STYLE ('',( #2173 ) ) ;
#256 = ADVANCED_FACE ( 'NONE', ( #163 ), #1943, .F. ) ;
#257 = ORIENTED_EDGE ( 'NONE', *, *, #1870, .F. ) ;
#258 = EDGE_CURVE ( 'NONE', #1651, #631, #173, .T. ) ;
#259 = DIRECTION ( 'NONE',  ( 0.000000000000000000, 0.7071067811865540120, 0.7071067811865410224 ) ) ;
#260 = VERTEX_POINT ( 'NONE', #2124 ) ;
#261 = DIRECTION ( 'NONE',  ( 1.000000000000000000, -0.000000000000000000, -0.000000000000000000 ) ) ;
#262 = DIRECTION ( 'NONE',  ( -1.000000000000000000, 0.000000000000000000, 0.000000000000000000 ) ) ;
#263 = DIRECTION ( 'NONE',  ( -0.000000000000000000, -0.000000000000000000, -1.000000000000000000 ) ) ;
#264 = ORIENTED_EDGE ( 'NONE', *, *, #309, .F. ) ;
#265 = EDGE_LOOP ( 'NONE', ( #125, #115 ) ) ;
#266 = VERTEX_POINT ( 'NONE', #482 ) ;
#267 = PLANE ( 'NONE',  #1290 ) ;
#268 = DIRECTION ( 'NONE',  ( -0.000000000000000000, -0.000000000000000000, -1.000000000000000000 ) ) ;
#269 = PLANE ( 'NONE',  #1694 ) ;
#270 = ADVANCED_FACE ( 'NONE', ( #648 ), #1009, .F. ) ;
#271 = ORIENTED_EDGE ( 'NONE', *, *, #640, .F. ) ;
#272 = DIRECTION ( 'NONE',  ( 0.000000000000000000, 1.000000000000000000, 0.000000000000000000 ) ) ;
#273 = ORIENTED_EDGE ( 'NONE', *, *, #923, .T. ) ;
#274 = DIRECTION ( 'NONE',  ( -1.927470528863123289E-15, -1.000000000000000000, 0.000000000000000000 ) ) ;
#275 = PLANE ( 'NONE',  #1837 ) ;
#276 = CIRCLE ( 'NONE', #1988, 1.049999999999999822 ) ;
#277 = FACE_BOUND ( 'NONE', #1699, .T. ) ;
#278 = CARTESIAN_POINT ( 'NONE',  ( 11.70000000000000107, 15.80000000000000071, 0.000000000000000000 ) ) ;
#279 = ORIENTED_EDGE ( 'NONE', *, *, #1427, .T. ) ;
#280 = ORIENTED_EDGE ( 'NONE', *, *, #578, .F. ) ;
#281 = DIRECTION ( 'NONE',  ( -1.000000000000000000, 0.000000000000000000, 0.000000000000000000 ) ) ;
#282 = AXIS2_PLACEMENT_3D ( 'NONE', #248, #1061, #1755 ) ;
#283 = VERTEX_POINT ( 'NONE', #1524 ) ;
#284 = VERTEX_POINT ( 'NONE', #1020 ) ;
#285 = AXIS2_PLACEMENT_3D ( 'NONE', #519, #1606, #340 ) ;
#286 = EDGE_CURVE ( 'NONE', #838, #1545, #470, .T. ) ;
#287 = CARTESIAN_POINT ( 'NONE',  ( 12.30000000000000959, 0.000000000000000000, 2.000000000000000000 ) ) ;
#288 = LINE ( 'NONE', #304, #2133 ) ;
#289 = AXIS2_PLACEMENT_3D ( 'NONE', #1507, #2240, #102 ) ;
#290 = CARTESIAN_POINT ( 'NONE',  ( -10.92000000000007987, 7.400000000000000355, 0.000000000000000000 ) ) ;
#291 = CIRCLE ( 'NONE', #1260, 1.050000000000000488 ) ;
#292 = EDGE_CURVE ( 'NONE', #1248, #284, #703, .T. ) ;
#293 = FACE_BOUND ( 'NONE', #1382, .T. ) ;
#294 = CARTESIAN_POINT ( 'NONE',  ( -13.50623058987491021, 16.59999999999999787, 0.5500000000000000444 ) ) ;
#295 = EDGE_CURVE ( 'NONE', #1881, #2140, #833, .T. ) ;
#296 = ORIENTED_EDGE ( 'NONE', *, *, #782, .T. ) ;
#297 = CIRCLE ( 'NONE', #1632, 1.050000000000000488 ) ;
#298 = ORIENTED_EDGE ( 'NONE', *, *, #336, .T. ) ;
#299 = ORIENTED_EDGE ( 'NONE', *, *, #456, .F. ) ;
#300 = CARTESIAN_POINT ( 'NONE',  ( -5.500000000000000000, 16.60000000000000142, 0.000000000000000000 ) ) ;
#301 = ORIENTED_EDGE ( 'NONE', *, *, #711, .T. ) ;
#302 = ORIENTED_EDGE ( 'NONE', *, *, #2150, .F. ) ;
#303 = LINE ( 'NONE', #861, #1818 ) ;
#304 = CARTESIAN_POINT ( 'NONE',  ( -12.50000000000000000, 17.60623058987490808, 0.5499999999999970468 ) ) ;
#305 = DIRECTION ( 'NONE',  ( -0.7071067811865482389, 1.362927481496436697E-15, -0.7071067811865469066 ) ) ;
#306 = DIRECTION ( 'NONE',  ( -1.000000000000000000, 0.000000000000000000, -0.000000000000000000 ) ) ;
#307 = CYLINDRICAL_SURFACE ( 'NONE', #1852, 1.050000000000000488 ) ;
#308 = ORIENTED_EDGE ( 'NONE', *, *, #1956, .F. ) ;
#309 = EDGE_CURVE ( 'NONE', #1959, #1939, #1657, .T. ) ;
#310 = ORIENTED_EDGE ( 'NONE', *, *, #698, .T. ) ;
#311 = ORIENTED_EDGE ( 'NONE', *, *, #2039, .F. ) ;
#312 = ORIENTED_EDGE ( 'NONE', *, *, #2011, .F. ) ;
#313 = ORIENTED_EDGE ( 'NONE', *, *, #1360, .T. ) ;
#314 = LINE ( 'NONE', #656, #1294 ) ;
#315 = CARTESIAN_POINT ( 'NONE',  ( -5.500000000000000888, -17.05000000000000071, 0.000000000000000000 ) ) ;
#316 = FACE_BOUND ( 'NONE', #2171, .T. ) ;
#317 = FACE_OUTER_BOUND ( 'NONE', #690, .T. ) ;
#318 = VERTEX_POINT ( 'NONE', #1472 ) ;
#319 = DIRECTION ( 'NONE',  ( 0.000000000000000000, 0.000000000000000000, -1.000000000000000000 ) ) ;
#320 = ADVANCED_FACE ( 'NONE', ( #579 ), #1984, .T. ) ;
#321 = ORIENTED_EDGE ( 'NONE', *, *, #1588, .T. ) ;
#322 = ADVANCED_FACE ( 'NONE', ( #401 ), #1635, .F. ) ;
#323 = ADVANCED_FACE ( 'NONE', ( #226, #1099, #1625 ), #752, .F. ) ;
#324 = CARTESIAN_POINT ( 'NONE',  ( 12.95000000000000107, -7.600000000000000533, 1.000000000000002665 ) ) ;
#325 = EDGE_LOOP ( 'NONE', ( #2293, #1517, #2089, #787 ) ) ;
#326 = DIRECTION ( 'NONE',  ( -0.000000000000000000, -0.000000000000000000, -1.000000000000000000 ) ) ;
#327 = DIRECTION ( 'NONE',  ( -0.000000000000000000, -0.000000000000000000, -1.000000000000000000 ) ) ;
#328 = AXIS2_PLACEMENT_3D ( 'NONE', #1696, #865, #1914 ) ;
#329 = FACE_BOUND ( 'NONE', #1039, .T. ) ;
#330 = CARTESIAN_POINT ( 'NONE',  ( 3.499999999999999556, -17.05000000000001492, 0.9999999999999776845 ) ) ;
#331 = CIRCLE ( 'NONE', #2182, 1.050000000000000488 ) ;
#332 = ORIENTED_EDGE ( 'NONE', *, *, #1164, .T. ) ;
#333 = VECTOR ( 'NONE', #55, 1000.000000000000000 ) ;
#334 = VECTOR ( 'NONE', #2093, 1000.000000000000114 ) ;
#335 = ADVANCED_FACE ( 'NONE', ( #1269 ), #1995, .T. ) ;
#336 = EDGE_CURVE ( 'NONE', #214, #137, #2104, .T. ) ;
#337 = ORIENTED_EDGE ( 'NONE', *, *, #1263, .T. ) ;
#338 = FACE_OUTER_BOUND ( 'NONE', #1251, .T. ) ;
#339 = DIRECTION ( 'NONE',  ( 1.927470528863123289E-15, -1.000000000000000000, 0.000000000000000000 ) ) ;
#340 = DIRECTION ( 'NONE',  ( -1.000000000000000000, 0.000000000000000000, 0.000000000000000000 ) ) ;
#341 = DIRECTION ( 'NONE',  ( 0.000000000000000000, 0.7071067811865536790, 0.7071067811865414665 ) ) ;
#342 = ORIENTED_EDGE ( 'NONE', *, *, #1460, .F. ) ;
#343 = DIRECTION ( 'NONE',  ( -0.7071067811865467956, 0.000000000000000000, -0.7071067811865483499 ) ) ;
#344 = ORIENTED_EDGE ( 'NONE', *, *, #753, .T. ) ;
#345 = FACE_BOUND ( 'NONE', #679, .T. ) ;
#346 = ADVANCED_FACE ( 'NONE', ( #1865 ), #267, .T. ) ;
#347 = DIRECTION ( 'NONE',  ( 1.000000000000000000, 0.000000000000000000, 0.000000000000000000 ) ) ;
#348 = DIRECTION ( 'NONE',  ( 0.000000000000000000, -0.7071067811865450192, -0.7071067811865501263 ) ) ;
#349 = ORIENTED_EDGE ( 'NONE', *, *, #1427, .F. ) ;
#350 = AXIS2_PLACEMENT_3D ( 'NONE', #117, #2230, #1721 ) ;
#351 = DIRECTION ( 'NONE',  ( -1.362927481496358600E-15, -0.7071067811865540120, 0.7071067811865410224 ) ) ;
#352 = VECTOR ( 'NONE', #1640, 1000.000000000000000 ) ;
#353 = EDGE_LOOP ( 'NONE', ( #1826, #2209, #310 ) ) ;
#354 = ORIENTED_EDGE ( 'NONE', *, *, #1498, .F. ) ;
#355 = CARTESIAN_POINT ( 'NONE',  ( -5.840000000000053149, 9.939999999999963975, 0.000000000000000000 ) ) ;
#356 = LINE ( 'NONE', #720, #2176 ) ;
#357 = VECTOR ( 'NONE', #1208, 1000.000000000000000 ) ;
#358 = ADVANCED_FACE ( 'NONE', ( #503 ), #1054, .F. ) ;
#359 = CARTESIAN_POINT ( 'NONE',  ( -10.92000000000000171, 15.01999999999999957, 2.000000000000000000 ) ) ;
#360 = CARTESIAN_POINT ( 'NONE',  ( -12.50000000000000000, 15.79999999999999893, 1.800000000000011591 ) ) ;
#361 = VECTOR ( 'NONE', #263, 1000.000000000000000 ) ;
#362 = EDGE_LOOP ( 'NONE', ( #1168, #1889 ) ) ;
#363 = VECTOR ( 'NONE', #1180, 1000.000000000000000 ) ;
#364 = EDGE_CURVE ( 'NONE', #100, #842, #33, .T. ) ;
#365 = CARTESIAN_POINT ( 'NONE',  ( -10.92000000000005500, 9.940000000000001279, 2.000000000000000000 ) ) ;
#366 = AXIS2_PLACEMENT_3D ( 'NONE', #1002, #1345, #815 ) ;
#367 = AXIS2_PLACEMENT_3D ( 'NONE', #1321, #2250, #435 ) ;
#368 = VECTOR ( 'NONE', #234, 1000.000000000000114 ) ;
#369 = EDGE_LOOP ( 'NONE', ( #1896, #354, #2166, #1214 ) ) ;
#370 = FACE_BOUND ( 'NONE', #859, .T. ) ;
#371 = CYLINDRICAL_SURFACE ( 'NONE', #628, 1.050000000000000488 ) ;
#372 = CARTESIAN_POINT ( 'NONE',  ( -12.50000000000000000, -15.80000000000000071, 1.800000000000011591 ) ) ;
#373 = VERTEX_POINT ( 'NONE', #1440 ) ;
#374 = VERTEX_POINT ( 'NONE', #547 ) ;
#375 = CARTESIAN_POINT ( 'NONE',  ( 11.70000000000000107, 15.80000000000000071, 1.800000000000011591 ) ) ;
#376 = EDGE_CURVE ( 'NONE', #1286, #1814, #50, .T. ) ;
#377 = VERTEX_POINT ( 'NONE', #2023 ) ;
#378 = CARTESIAN_POINT ( 'NONE',  ( -9.430000000000081428, 7.399999999999982592, 2.000000000000000000 ) ) ;
#379 = ORIENTED_EDGE ( 'NONE', *, *, #2137, .F. ) ;
#380 = CARTESIAN_POINT ( 'NONE',  ( -12.95000000000000107, 17.60623058987490808, 0.9999999999999967804 ) ) ;
#381 = DIRECTION ( 'NONE',  ( 0.000000000000000000, -0.7071067811865450192, -0.7071067811865501263 ) ) ;
#382 = DIRECTION ( 'NONE',  ( 0.000000000000000000, 1.000000000000000000, 0.000000000000000000 ) ) ;
#383 = DIRECTION ( 'NONE',  ( -0.000000000000000000, -0.000000000000000000, -1.000000000000000000 ) ) ;
#384 = ORIENTED_EDGE ( 'NONE', *, *, #480, .T. ) ;
#385 = DIRECTION ( 'NONE',  ( 1.000000000000000000, 0.000000000000000000, 0.000000000000000000 ) ) ;
#386 = ORIENTED_EDGE ( 'NONE', *, *, #1274, .F. ) ;
#387 = EDGE_CURVE ( 'NONE', #2236, #976, #984, .T. ) ;
#388 = DIRECTION ( 'NONE',  ( -0.000000000000000000, -0.000000000000000000, -1.000000000000000000 ) ) ;
#389 = AXIS2_PLACEMENT_3D ( 'NONE', #1055, #1229, #1936 ) ;
#390 = EDGE_CURVE ( 'NONE', #1616, #2135, #518, .T. ) ;
#391 = CARTESIAN_POINT ( 'NONE',  ( 3.499999999999999556, 17.05000000000001492, 0.9999999999999776845 ) ) ;
#392 = EDGE_CURVE ( 'NONE', #2057, #486, #1840, .T. ) ;
#393 = LINE ( 'NONE', #218, #854 ) ;
#394 = CARTESIAN_POINT ( 'NONE',  ( -4.790000000000000924, 15.01999999999996582, 0.000000000000000000 ) ) ;
#395 = DIRECTION ( 'NONE',  ( -1.000000000000000000, 0.000000000000000000, 0.000000000000000000 ) ) ;
#396 = ORIENTED_EDGE ( 'NONE', *, *, #2165, .F. ) ;
#397 = DIRECTION ( 'NONE',  ( 0.000000000000000000, 0.000000000000000000, -1.000000000000000000 ) ) ;
#398 = CARTESIAN_POINT ( 'NONE',  ( -11.97000000000008058, 7.400000000000000355, 0.000000000000000000 ) ) ;
#399 = AXIS2_PLACEMENT_3D ( 'NONE', #1910, #2098, #1571 ) ;
#400 = AXIS2_PLACEMENT_3D ( 'NONE', #1903, #306, #1723 ) ;
#401 = FACE_OUTER_BOUND ( 'NONE', #1505, .T. ) ;
#402 = CIRCLE ( 'NONE', #2109, 1.050000000000000488 ) ;
#403 = SURFACE_STYLE_FILL_AREA ( #1438 ) ;
#404 = ORIENTED_EDGE ( 'NONE', *, *, #1800, .F. ) ;
#405 = AXIS2_PLACEMENT_3D ( 'NONE', #85, #97, #281 ) ;
#406 = FACE_OUTER_BOUND ( 'NONE', #1950, .T. ) ;
#407 = ADVANCED_FACE ( 'NONE', ( #1832 ), #1652, .F. ) ;
#408 = DIRECTION ( 'NONE',  ( -0.000000000000000000, 0.7071067811865414665, 0.7071067811865536790 ) ) ;
#409 = DIRECTION ( 'NONE',  ( -0.000000000000000000, -0.000000000000000000, -1.000000000000000000 ) ) ;
#410 = ORIENTED_EDGE ( 'NONE', *, *, #2123, .T. ) ;
#411 = EDGE_LOOP ( 'NONE', ( #1572, #1738, #1582 ) ) ;
#412 = FACE_OUTER_BOUND ( 'NONE', #5, .T. ) ;
#413 = CARTESIAN_POINT ( 'NONE',  ( -9.870000000000080931, 7.400000000000000355, 2.000000000000000000 ) ) ;
#414 = DIRECTION ( 'NONE',  ( 0.000000000000000000, 0.000000000000000000, -1.000000000000000000 ) ) ;
#415 = ADVANCED_FACE ( 'NONE', ( #412 ), #94, .F. ) ;
#416 = CARTESIAN_POINT ( 'NONE',  ( -4.790000000000000924, 15.01999999999996582, 2.000000000000000000 ) ) ;
#417 = CARTESIAN_POINT ( 'NONE',  ( -12.95000000000000107, -7.599999999999998757, 0.9999999999999967804 ) ) ;
#418 = ORIENTED_EDGE ( 'NONE', *, *, #1342, .T. ) ;
#419 = CARTESIAN_POINT ( 'NONE',  ( -8.380000000000000782, 15.01999999999998359, 2.000000000000000000 ) ) ;
#420 = SURFACE_STYLE_USAGE ( .BOTH. , #1340 ) ;
#421 = EDGE_CURVE ( 'NONE', #1555, #2058, #443, .T. ) ;
#422 = DIRECTION ( 'NONE',  ( -1.000000000000000000, 0.000000000000000000, 0.000000000000000000 ) ) ;
#423 = AXIS2_PLACEMENT_3D ( 'NONE', #1924, #158, #1883 ) ;
#424 = ORIENTED_EDGE ( 'NONE', *, *, #2181, .F. ) ;
#425 = CARTESIAN_POINT ( 'NONE',  ( -13.50623058987491021, 17.05000000000000071, 0.9999999999999941158 ) ) ;
#426 = DIRECTION ( 'NONE',  ( 0.000000000000000000, 0.000000000000000000, -1.000000000000000000 ) ) ;
#427 = ORIENTED_EDGE ( 'NONE', *, *, #955, .F. ) ;
#428 = EDGE_CURVE ( 'NONE', #1121, #2225, #1441, .T. ) ;
#429 = FACE_OUTER_BOUND ( 'NONE', #1876, .T. ) ;
#430 = LINE ( 'NONE', #1874, #1008 ) ;
#431 = VERTEX_POINT ( 'NONE', #223 ) ;
#432 = VECTOR ( 'NONE', #2096, 999.9999999999998863 ) ;
#433 = AXIS2_PLACEMENT_3D ( 'NONE', #681, #2063, #561 ) ;
#434 = AXIS2_PLACEMENT_3D ( 'NONE', #478, #144, #2267 ) ;
#435 = DIRECTION ( 'NONE',  ( 1.000000000000000000, 1.927470528863116583E-15, 0.000000000000000000 ) ) ;
#436 = LINE ( 'NONE', #591, #2027 ) ;
#437 = ORIENTED_EDGE ( 'NONE', *, *, #1931, .F. ) ;
#438 = VECTOR ( 'NONE', #1973, 1000.000000000000000 ) ;
#439 = VERTEX_POINT ( 'NONE', #1458 ) ;
#440 = CARTESIAN_POINT ( 'NONE',  ( -5.840000000000027391, 12.47999999999996490, 0.000000000000000000 ) ) ;
#441 = DIRECTION ( 'NONE',  ( -0.000000000000000000, 1.000000000000000000, 0.000000000000000000 ) ) ;
#442 = VECTOR ( 'NONE', #1307, 1000.000000000000000 ) ;
#443 = LINE ( 'NONE', #961, #1146 ) ;
#444 = SURFACE_STYLE_FILL_AREA ( #255 ) ;
#445 = EDGE_LOOP ( 'NONE', ( #691, #826, #308 ) ) ;
#446 = EDGE_CURVE ( 'NONE', #22, #179, #1160, .T. ) ;
#447 = CARTESIAN_POINT ( 'NONE',  ( -3.499999999999999556, 16.59999999999999787, 0.5500000000000000444 ) ) ;
#448 = ORIENTED_EDGE ( 'NONE', *, *, #182, .F. ) ;
#449 = DIRECTION ( 'NONE',  ( -1.000000000000000000, 0.000000000000000000, 0.000000000000000000 ) ) ;
#450 = VERTEX_POINT ( 'NONE', #1117 ) ;
#451 = DIRECTION ( 'NONE',  ( -0.000000000000000000, -0.000000000000000000, -1.000000000000000000 ) ) ;
#452 = FACE_OUTER_BOUND ( 'NONE', #1551, .T. ) ;
#453 = DIRECTION ( 'NONE',  ( 0.000000000000000000, 0.7071067811865474617, -0.7071067811865474617 ) ) ;
#454 = CYLINDRICAL_SURFACE ( 'NONE', #524, 1.049999999999999822 ) ;
#455 = ORIENTED_EDGE ( 'NONE', *, *, #911, .T. ) ;
#456 = EDGE_CURVE ( 'NONE', #824, #2076, #585, .T. ) ;
#457 = ORIENTED_EDGE ( 'NONE', *, *, #2234, .F. ) ;
#458 = CARTESIAN_POINT ( 'NONE',  ( -12.50000000000000000, 17.60623058987490808, 1.449999999999996847 ) ) ;
#459 = FACE_OUTER_BOUND ( 'NONE', #1713, .T. ) ;
#460 = VERTEX_POINT ( 'NONE', #1824 ) ;
#461 = ADVANCED_FACE ( 'NONE', ( #429 ), #1306, .T. ) ;
#462 = ORIENTED_EDGE ( 'NONE', *, *, #901, .F. ) ;
#463 = EDGE_CURVE ( 'NONE', #627, #2132, #1368, .T. ) ;
#464 = FACE_OUTER_BOUND ( 'NONE', #2028, .T. ) ;
#465 = CARTESIAN_POINT ( 'NONE',  ( -9.430000000000001492, 15.01999999999998359, 2.000000000000000000 ) ) ;
#466 = CARTESIAN_POINT ( 'NONE',  ( -11.97000000000005571, 9.940000000000001279, 2.000000000000000000 ) ) ;
#467 = FACE_OUTER_BOUND ( 'NONE', #1102, .T. ) ;
#468 = ORIENTED_EDGE ( 'NONE', *, *, #651, .T. ) ;
#469 = ORIENTED_EDGE ( 'NONE', *, *, #1128, .T. ) ;
#470 = CIRCLE ( 'NONE', #1225, 1.050000000000000488 ) ;
#471 = ORIENTED_EDGE ( 'NONE', *, *, #766, .F. ) ;
#472 = CARTESIAN_POINT ( 'NONE',  ( -12.95000000000000107, 17.60623058987490808, 0.9999999999999967804 ) ) ;
#473 = AXIS2_PLACEMENT_3D ( 'NONE', #821, #106, #1197 ) ;
#474 = ORIENTED_EDGE ( 'NONE', *, *, #21, .T. ) ;
#475 = ORIENTED_EDGE ( 'NONE', *, *, #49, .F. ) ;
#476 = VERTEX_POINT ( 'NONE', #1850 ) ;
#477 = VECTOR ( 'NONE', #2206, 1000.000000000000000 ) ;
#478 = CARTESIAN_POINT ( 'NONE',  ( -8.380000000000000782, 15.01999999999998359, 2.000000000000000000 ) ) ;
#479 = CARTESIAN_POINT ( 'NONE',  ( -6.890000000000000568, 15.01999999999996582, 2.000000000000000000 ) ) ;
#480 = EDGE_CURVE ( 'NONE', #1184, #2130, #1480, .T. ) ;
#481 = VECTOR ( 'NONE', #1792, 1000.000000000000000 ) ;
#482 = CARTESIAN_POINT ( 'NONE',  ( 11.70000000000000107, 16.60000000000000142, 0.000000000000000000 ) ) ;
#483 = VECTOR ( 'NONE', #1843, 1000.000000000000000 ) ;
#484 = CARTESIAN_POINT ( 'NONE',  ( -12.49999999999999822, -4.599999999999999645, 1.449999999999999512 ) ) ;
#485 = DIRECTION ( 'NONE',  ( 0.000000000000000000, 0.7071067811865410224, -0.7071067811865540120 ) ) ;
#486 = VERTEX_POINT ( 'NONE', #233 ) ;
#487 = STYLED_ITEM ( 'NONE', ( #2221 ), #1714 ) ;
#488 = ORIENTED_EDGE ( 'NONE', *, *, #2296, .F. ) ;
#489 = DIRECTION ( 'NONE',  ( -0.000000000000000000, -0.000000000000000000, -1.000000000000000000 ) ) ;
#490 = ORIENTED_EDGE ( 'NONE', *, *, #784, .T. ) ;
#491 = ORIENTED_EDGE ( 'NONE', *, *, #1668, .F. ) ;
#492 = DIRECTION ( 'NONE',  ( 0.000000000000000000, 0.000000000000000000, -1.000000000000000000 ) ) ;
#493 = DIRECTION ( 'NONE',  ( 1.927470528863138277E-15, 1.000000000000000000, 0.000000000000000000 ) ) ;
#494 = EDGE_CURVE ( 'NONE', #1071, #1545, #775, .T. ) ;
#495 = CARTESIAN_POINT ( 'NONE',  ( -11.69999999999999929, -15.80000000000000071, 2.000000000000000000 ) ) ;
#496 = DIRECTION ( 'NONE',  ( -1.000000000000000000, 0.000000000000000000, 0.000000000000000000 ) ) ;
#497 = ORIENTED_EDGE ( 'NONE', *, *, #923, .F. ) ;
#498 = DIRECTION ( 'NONE',  ( -0.000000000000000000, -0.000000000000000000, -1.000000000000000000 ) ) ;
#499 = PRODUCT_DEFINITION ( '未知', '', #204, #1970 ) ;
#500 = ORIENTED_EDGE ( 'NONE', *, *, #939, .T. ) ;
#501 = ORIENTED_EDGE ( 'NONE', *, *, #1828, .T. ) ;
#502 = FACE_OUTER_BOUND ( 'NONE', #1059, .T. ) ;
#503 = FACE_OUTER_BOUND ( 'NONE', #1062, .T. ) ;
#504 = CARTESIAN_POINT ( 'NONE',  ( -8.380000000000025651, 12.47999999999998266, 2.000000000000000000 ) ) ;
#505 = CARTESIAN_POINT ( 'NONE',  ( 0.000000000000000000, 0.000000000000000000, 2.000000000000000000 ) ) ;
#506 = PLANE ( 'NONE',  #820 ) ;
#507 = VECTOR ( 'NONE', #832, 1000.000000000000114 ) ;
#508 = EDGE_CURVE ( 'NONE', #1675, #767, #1491, .T. ) ;
#509 = ORIENTED_EDGE ( 'NONE', *, *, #1677, .T. ) ;
#510 = DIRECTION ( 'NONE',  ( -0.000000000000000000, -0.000000000000000000, -1.000000000000000000 ) ) ;
#511 = ADVANCED_FACE ( 'NONE', ( #2163 ), #576, .F. ) ;
#512 = ORIENTED_EDGE ( 'NONE', *, *, #782, .F. ) ;
#513 = CARTESIAN_POINT ( 'NONE',  ( 12.95000000000000107, 4.599999999999999645, 1.000000000000000000 ) ) ;
#514 = CARTESIAN_POINT ( 'NONE',  ( 12.50000000000000000, 15.79999999999998472, 0.000000000000000000 ) ) ;
#515 = ORIENTED_EDGE ( 'NONE', *, *, #1065, .T. ) ;
#516 = CARTESIAN_POINT ( 'NONE',  ( -12.50000000000000000, 17.60623058987490808, 1.449999999999996847 ) ) ;
#517 = LINE ( 'NONE', #2278, #1919 ) ;
#518 = CIRCLE ( 'NONE', #1553, 0.8000000000000003775 ) ;
#519 = CARTESIAN_POINT ( 'NONE',  ( -5.840000000000053149, 9.939999999999963975, 2.000000000000000000 ) ) ;
#520 = CARTESIAN_POINT ( 'NONE',  ( -5.840000000000000746, 15.01999999999996582, 0.000000000000000000 ) ) ;
#521 = AXIS2_PLACEMENT_3D ( 'NONE', #80, #2194, #794 ) ;
#522 = ORIENTED_EDGE ( 'NONE', *, *, #1828, .F. ) ;
#523 = VECTOR ( 'NONE', #910, 1000.000000000000000 ) ;
#524 = AXIS2_PLACEMENT_3D ( 'NONE', #1851, #962, #1470 ) ;
#525 = ORIENTED_EDGE ( 'NONE', *, *, #141, .T. ) ;
#526 = VERTEX_POINT ( 'NONE', #788 ) ;
#527 = EDGE_CURVE ( 'NONE', #179, #450, #649, .T. ) ;
#528 = VERTEX_POINT ( 'NONE', #1212 ) ;
#529 = DIRECTION ( 'NONE',  ( 0.000000000000000000, -1.000000000000000000, 0.000000000000000000 ) ) ;
#530 = CARTESIAN_POINT ( 'NONE',  ( -8.380000000000080718, 7.399999999999982592, 0.000000000000000000 ) ) ;
#531 = LINE ( 'NONE', #1598, #1156 ) ;
#532 = ORIENTED_EDGE ( 'NONE', *, *, #2178, .T. ) ;
#533 = CARTESIAN_POINT ( 'NONE',  ( 3.499999999999999556, -16.60000000000001563, 0.5500000000000163647 ) ) ;
#534 = PRODUCT_CONTEXT ( 'NONE', #836, 'mechanical' ) ;
#535 = EDGE_CURVE ( 'NONE', #249, #1638, #1391, .T. ) ;
#536 = ORIENTED_EDGE ( 'NONE', *, *, #1026, .F. ) ;
#537 = CARTESIAN_POINT ( 'NONE',  ( -5.840000000000053149, 9.939999999999963975, 2.000000000000000000 ) ) ;
#538 = ADVANCED_FACE ( 'NONE', ( #1220 ), #1887, .T. ) ;
#539 = ADVANCED_FACE ( 'NONE', ( #1339 ), #1033, .T. ) ;
#540 = DIRECTION ( 'NONE',  ( -1.362927481496348147E-15, -0.7071067811865540120, 0.7071067811865410224 ) ) ;
#541 = FACE_OUTER_BOUND ( 'NONE', #2266, .T. ) ;
#542 = ORIENTED_EDGE ( 'NONE', *, *, #1655, .T. ) ;
#543 = CIRCLE ( 'NONE', #1502, 1.050000000000000488 ) ;
#544 = CARTESIAN_POINT ( 'NONE',  ( -5.500000000000001776, 17.05000000000000782, 0.9999999999999863443 ) ) ;
#545 = CARTESIAN_POINT ( 'NONE',  ( 5.500000000000001776, -16.60000000000000142, 0.000000000000000000 ) ) ;
#546 = EDGE_LOOP ( 'NONE', ( #2078, #2129, #462, #1157, #186, #501, #2196, #623 ) ) ;
#547 = CARTESIAN_POINT ( 'NONE',  ( -6.890000000000053859, 9.939999999999963975, 0.000000000000000000 ) ) ;
#548 = DIRECTION ( 'NONE',  ( 0.000000000000000000, -0.000000000000000000, 1.000000000000000000 ) ) ;
#549 = CARTESIAN_POINT ( 'NONE',  ( -7.330000000000025828, 12.47999999999998266, 2.000000000000000000 ) ) ;
#550 = AXIS2_PLACEMENT_3D ( 'NONE', #14, #1768, #381 ) ;
#551 = EDGE_CURVE ( 'NONE', #824, #1494, #995, .T. ) ;
#552 = CARTESIAN_POINT ( 'NONE',  ( -4.790000000000026681, 12.47999999999996490, 2.000000000000000000 ) ) ;
#553 = CARTESIAN_POINT ( 'NONE',  ( -5.840000000000027391, 12.47999999999996490, 0.000000000000000000 ) ) ;
#554 = VECTOR ( 'NONE', #1232, 1000.000000000000000 ) ;
#555 = ORIENTED_EDGE ( 'NONE', *, *, #1342, .F. ) ;
#556 = ORIENTED_EDGE ( 'NONE', *, *, #1126, .F. ) ;
#557 = CIRCLE ( 'NONE', #289, 1.050000000000000488 ) ;
#558 = DIRECTION ( 'NONE',  ( 0.000000000000000000, -0.7071067811865410224, -0.7071067811865540120 ) ) ;
#559 = ORIENTED_EDGE ( 'NONE', *, *, #651, .F. ) ;
#560 = AXIS2_PLACEMENT_3D ( 'NONE', #2142, #181, #2121 ) ;
#561 = DIRECTION ( 'NONE',  ( -1.000000000000000000, 0.000000000000000000, 0.000000000000000000 ) ) ;
#562 = VECTOR ( 'NONE', #1586, 1000.000000000000000 ) ;
#563 = VERTEX_POINT ( 'NONE', #466 ) ;
#564 = DIRECTION ( 'NONE',  ( -0.7071067811865480168, 0.000000000000000000, -0.7071067811865470176 ) ) ;
#565 = DIRECTION ( 'NONE',  ( 0.000000000000000000, 0.000000000000000000, -1.000000000000000000 ) ) ;
#566 = FACE_OUTER_BOUND ( 'NONE', #1908, .T. ) ;
#567 = LINE ( 'NONE', #1628, #1967 ) ;
#568 = EDGE_LOOP ( 'NONE', ( #1670, #677, #1448, #424 ) ) ;
#569 = CARTESIAN_POINT ( 'NONE',  ( -13.50623058987491021, -16.59999999999999787, 1.449999999999999956 ) ) ;
#570 = CARTESIAN_POINT ( 'NONE',  ( -12.50000000000000000, 7.600000000000000533, 1.449999999999996847 ) ) ;
#571 = ORIENTED_EDGE ( 'NONE', *, *, #980, .F. ) ;
#572 = FACE_OUTER_BOUND ( 'NONE', #918, .T. ) ;
#573 = DIRECTION ( 'NONE',  ( -1.000000000000000000, 0.000000000000000000, 0.000000000000000000 ) ) ;
#574 = ORIENTED_EDGE ( 'NONE', *, *, #757, .F. ) ;
#575 = ORIENTED_EDGE ( 'NONE', *, *, #86, .T. ) ;
#576 = CYLINDRICAL_SURFACE ( 'NONE', #664, 1.050000000000000488 ) ;
#577 = CARTESIAN_POINT ( 'NONE',  ( -5.500000000000000000, -16.60000000000000142, 1.449999999999995515 ) ) ;
#578 = EDGE_CURVE ( 'NONE', #1052, #1954, #742, .T. ) ;
#579 = FACE_OUTER_BOUND ( 'NONE', #650, .T. ) ;
#580 = CIRCLE ( 'NONE', #1319, 1.050000000000000488 ) ;
#581 = CARTESIAN_POINT ( 'NONE',  ( -8.380000000000054072, 9.939999999999983515, 2.000000000000000000 ) ) ;
#582 = DIRECTION ( 'NONE',  ( 1.000000000000000000, 0.000000000000000000, 0.000000000000000000 ) ) ;
#583 = CARTESIAN_POINT ( 'NONE',  ( -11.70000000000000107, 15.79999999999999893, 2.000000000000000000 ) ) ;
#584 = ORIENTED_EDGE ( 'NONE', *, *, #1946, .T. ) ;
#585 = LINE ( 'NONE', #1663, #2256 ) ;
#586 = CARTESIAN_POINT ( 'NONE',  ( -13.50623058987491021, -16.59999999999999787, 0.5500000000000000444 ) ) ;
#587 = CIRCLE ( 'NONE', #2292, 1.050000000000000488 ) ;
#588 = CARTESIAN_POINT ( 'NONE',  ( 12.95000000000000107, 17.60623058987490808, 1.000000000000000000 ) ) ;
#589 = CIRCLE ( 'NONE', #1744, 1.050000000000000488 ) ;
#590 = CARTESIAN_POINT ( 'NONE',  ( 0.000000000000000000, -16.40000000000000924, 2.000000000000000000 ) ) ;
#591 = CARTESIAN_POINT ( 'NONE',  ( 12.49999999999995026, 7.600000000000000533, 0.000000000000000000 ) ) ;
#592 = VECTOR ( 'NONE', #1654, 999.9999999999998863 ) ;
#593 = VERTEX_POINT ( 'NONE', #108 ) ;
#594 = EDGE_CURVE ( 'NONE', #1071, #886, #857, .T. ) ;
#595 = FACE_OUTER_BOUND ( 'NONE', #122, .T. ) ;
#596 = CARTESIAN_POINT ( 'NONE',  ( -5.840000000000027391, 12.47999999999996490, 2.000000000000000000 ) ) ;
#597 = EDGE_LOOP ( 'NONE', ( #2263, #1425, #2105, #2227 ) ) ;
#598 = DIRECTION ( 'NONE',  ( -1.000000000000000000, 0.000000000000000000, 0.000000000000000000 ) ) ;
#599 = DIRECTION ( 'NONE',  ( 0.000000000000000000, -0.000000000000000000, 1.000000000000000000 ) ) ;
#600 = LINE ( 'NONE', #570, #1411 ) ;
#601 = EDGE_CURVE ( 'NONE', #266, #1286, #1047, .T. ) ;
#602 = DIRECTION ( 'NONE',  ( 0.000000000000000000, 0.000000000000000000, -1.000000000000000000 ) ) ;
#603 = VERTEX_POINT ( 'NONE', #2270 ) ;
#604 = PLANE ( 'NONE',  #2297 ) ;
#605 = CARTESIAN_POINT ( 'NONE',  ( 12.49999999999998046, -4.599999999999999645, 1.450000000000021272 ) ) ;
#606 = ADVANCED_FACE ( 'NONE', ( #1021, #1565, #850, #277, #2092, #808, #329, #2083, #293, #822, #1525, #316, #147 ), #1511, .T. ) ;
#607 = VERTEX_POINT ( 'NONE', #1351 ) ;
#608 = DIRECTION ( 'NONE',  ( -0.000000000000000000, -0.000000000000000000, -1.000000000000000000 ) ) ;
#609 = DIRECTION ( 'NONE',  ( 0.000000000000000000, -0.7071067811865410224, -0.7071067811865540120 ) ) ;
#610 = ORIENTED_EDGE ( 'NONE', *, *, #1147, .F. ) ;
#611 = ORIENTED_EDGE ( 'NONE', *, *, #494, .T. ) ;
#612 = CARTESIAN_POINT ( 'NONE',  ( -11.69999999999999929, -16.60000000000000142, 1.800000000000011591 ) ) ;
#613 = AXIS2_PLACEMENT_3D ( 'NONE', #2101, #1575, #339 ) ;
#614 = CARTESIAN_POINT ( 'NONE',  ( -5.500000000000000000, 16.60000000000000142, 1.449999999999996403 ) ) ;
#615 = ORIENTED_EDGE ( 'NONE', *, *, #2114, .F. ) ;
#616 = AXIS2_PLACEMENT_3D ( 'NONE', #912, #1275, #2158 ) ;
#617 = CARTESIAN_POINT ( 'NONE',  ( 11.70000000000000107, 16.40000000000001279, 2.000000000000000000 ) ) ;
#618 = DIRECTION ( 'NONE',  ( -0.000000000000000000, -0.000000000000000000, 1.000000000000000000 ) ) ;
#619 = ADVANCED_FACE ( 'NONE', ( #2055 ), #1363, .T. ) ;
#620 = CARTESIAN_POINT ( 'NONE',  ( 12.50000000000000000, -15.80000000000000071, 1.800000000000011591 ) ) ;
#621 = LINE ( 'NONE', #1674, #1745 ) ;
#622 = VERTEX_POINT ( 'NONE', #834 ) ;
#623 = ORIENTED_EDGE ( 'NONE', *, *, #1769, .T. ) ;
#624 = AXIS2_PLACEMENT_3D ( 'NONE', #1581, #2288, #701 ) ;
#625 = VECTOR ( 'NONE', #1327, 1000.000000000000000 ) ;
#626 = ORIENTED_EDGE ( 'NONE', *, *, #1529, .F. ) ;
#627 = VERTEX_POINT ( 'NONE', #1536 ) ;
#628 = AXIS2_PLACEMENT_3D ( 'NONE', #1760, #197, #1258 ) ;
#629 = LINE ( 'NONE', #447, #965 ) ;
#630 = DIRECTION ( 'NONE',  ( -0.000000000000000000, -0.000000000000000000, 1.000000000000000000 ) ) ;
#631 = VERTEX_POINT ( 'NONE', #484 ) ;
#632 = AXIS2_PLACEMENT_3D ( 'NONE', #1237, #1594, #719 ) ;
#633 = DIRECTION ( 'NONE',  ( -1.000000000000000000, 0.000000000000000000, 0.000000000000000000 ) ) ;
#634 = FACE_BOUND ( 'NONE', #2051, .T. ) ;
#635 =( GEOMETRIC_REPRESENTATION_CONTEXT ( 3 ) GLOBAL_UNCERTAINTY_ASSIGNED_CONTEXT ( ( #1068 ) ) GLOBAL_UNIT_ASSIGNED_CONTEXT ( ( #985, #637, #2103 ) ) REPRESENTATION_CONTEXT ( 'NONE', 'WORKASPACE' ) );
#636 = CARTESIAN_POINT ( 'NONE',  ( 11.70000000000000107, 16.40000000000001279, 2.000000000000000000 ) ) ;
#637 =( NAMED_UNIT ( * ) PLANE_ANGLE_UNIT ( ) SI_UNIT ( $, .RADIAN. ) );
#638 = ORIENTED_EDGE ( 'NONE', *, *, #13, .T. ) ;
#639 = ADVANCED_FACE ( 'NONE', ( #2243 ), #1199, .F. ) ;
#640 = EDGE_CURVE ( 'NONE', #1561, #1556, #134, .T. ) ;
#641 = ORIENTED_EDGE ( 'NONE', *, *, #955, .T. ) ;
#642 = FACE_OUTER_BOUND ( 'NONE', #325, .T. ) ;
#643 = VERTEX_POINT ( 'NONE', #1100 ) ;
#644 = CARTESIAN_POINT ( 'NONE',  ( 12.30000000000000959, 15.79999999999999893, 2.000000000000000000 ) ) ;
#645 = EDGE_LOOP ( 'NONE', ( #1646, #913, #732, #1634 ) ) ;
#646 = FACE_OUTER_BOUND ( 'NONE', #353, .T. ) ;
#647 = LINE ( 'NONE', #1900, #1431 ) ;
#648 = FACE_OUTER_BOUND ( 'NONE', #1408, .T. ) ;
#649 = LINE ( 'NONE', #2045, #1293 ) ;
#650 = EDGE_LOOP ( 'NONE', ( #1003, #1486, #1320, #386 ) ) ;
#651 = EDGE_CURVE ( 'NONE', #528, #1939, #2127, .T. ) ;
#652 = DIRECTION ( 'NONE',  ( 0.000000000000000000, -1.000000000000000000, 0.000000000000000000 ) ) ;
#653 = ORIENTED_EDGE ( 'NONE', *, *, #392, .T. ) ;
#654 = EDGE_LOOP ( 'NONE', ( #312, #384, #410, #1541 ) ) ;
#655 = VECTOR ( 'NONE', #27, 1000.000000000000114 ) ;
#656 = CARTESIAN_POINT ( 'NONE',  ( 12.50000000000000000, -15.80000000000000071, 2.000000000000000000 ) ) ;
#657 = FACE_OUTER_BOUND ( 'NONE', #1641, .T. ) ;
#658 = DIRECTION ( 'NONE',  ( 0.000000000000000000, 0.000000000000000000, -1.000000000000000000 ) ) ;
#659 = DIRECTION ( 'NONE',  ( -1.927470528863138277E-15, 1.000000000000000000, 0.000000000000000000 ) ) ;
#660 = ORIENTED_EDGE ( 'NONE', *, *, #901, .T. ) ;
#661 = ORIENTED_EDGE ( 'NONE', *, *, #2123, .F. ) ;
#662 = ORIENTED_EDGE ( 'NONE', *, *, #1405, .F. ) ;
#663 = CYLINDRICAL_SURFACE ( 'NONE', #863, 1.050000000000000488 ) ;
#664 = AXIS2_PLACEMENT_3D ( 'NONE', #61, #2188, #598 ) ;
#665 = EDGE_CURVE ( 'NONE', #227, #28, #694, .T. ) ;
#666 = ORIENTED_EDGE ( 'NONE', *, *, #753, .F. ) ;
#667 = ORIENTED_EDGE ( 'NONE', *, *, #480, .F. ) ;
#668 = VECTOR ( 'NONE', #1534, 1000.000000000000000 ) ;
#669 = CARTESIAN_POINT ( 'NONE',  ( 12.50000000000003375, -4.599999999999999645, 1.449999999999999067 ) ) ;
#670 = CARTESIAN_POINT ( 'NONE',  ( 3.500000000000000444, -17.04999999999999716, 0.000000000000000000 ) ) ;
#671 = AXIS2_PLACEMENT_3D ( 'NONE', #175, #1044, #157 ) ;
#672 = EDGE_CURVE ( 'NONE', #750, #1052, #907, .T. ) ;
#673 = VECTOR ( 'NONE', #908, 1000.000000000000000 ) ;
#674 = DIRECTION ( 'NONE',  ( 1.000000000000000000, 0.000000000000000000, 0.000000000000000000 ) ) ;
#675 = LINE ( 'NONE', #1392, #185 ) ;
#676 = UNCERTAINTY_MEASURE_WITH_UNIT (LENGTH_MEASURE( 1.000000000000000082E-05 ), #1086, 'distance_accuracy_value', 'NONE');
#677 = ORIENTED_EDGE ( 'NONE', *, *, #159, .T. ) ;
#678 = COLOUR_RGB ( '',1.000000000000000000, 1.000000000000000000, 1.000000000000000000 ) ;
#679 = EDGE_LOOP ( 'NONE', ( #1592, #661 ) ) ;
#680 = ORIENTED_EDGE ( 'NONE', *, *, #193, .F. ) ;
#681 = CARTESIAN_POINT ( 'NONE',  ( -8.380000000000080718, 7.399999999999982592, 2.000000000000000000 ) ) ;
#682 = EDGE_CURVE ( 'NONE', #2253, #607, #721, .T. ) ;
#683 = LINE ( 'NONE', #116, #363 ) ;
#684 = FACE_BOUND ( 'NONE', #816, .T. ) ;
#685 = EDGE_CURVE ( 'NONE', #1616, #227, #1937, .T. ) ;
#686 = DIRECTION ( 'NONE',  ( 0.000000000000000000, 1.000000000000000000, 0.000000000000000000 ) ) ;
#687 = FACE_OUTER_BOUND ( 'NONE', #1992, .T. ) ;
#688 = EDGE_LOOP ( 'NONE', ( #725, #872 ) ) ;
#689 = LINE ( 'NONE', #1395, #1737 ) ;
#690 = EDGE_LOOP ( 'NONE', ( #856, #1898, #41, #1461 ) ) ;
#691 = ORIENTED_EDGE ( 'NONE', *, *, #1901, .T. ) ;
#692 = FACE_BOUND ( 'NONE', #688, .T. ) ;
#693 = DIRECTION ( 'NONE',  ( 1.000000000000000000, 0.000000000000000000, 0.000000000000000000 ) ) ;
#694 = LINE ( 'NONE', #730, #1478 ) ;
#695 = FACE_OUTER_BOUND ( 'NONE', #2247, .T. ) ;
#696 = VECTOR ( 'NONE', #1101, 1000.000000000000000 ) ;
#697 = ORIENTED_EDGE ( 'NONE', *, *, #2165, .T. ) ;
#698 = EDGE_CURVE ( 'NONE', #486, #1437, #1401, .T. ) ;
#699 = LINE ( 'NONE', #2087, #432 ) ;
#700 = CARTESIAN_POINT ( 'NONE',  ( -4.790000000000080860, 7.399999999999964828, 2.000000000000000000 ) ) ;
#701 = DIRECTION ( 'NONE',  ( 0.000000000000000000, -0.000000000000000000, -1.000000000000000000 ) ) ;
#702 = ORIENTED_EDGE ( 'NONE', *, *, #2114, .T. ) ;
#703 = CIRCLE ( 'NONE', #64, 1.050000000000000488 ) ;
#704 = DIRECTION ( 'NONE',  ( 0.000000000000000000, 0.000000000000000000, -1.000000000000000000 ) ) ;
#705 = DIRECTION ( 'NONE',  ( 0.000000000000000000, 0.000000000000000000, -1.000000000000000000 ) ) ;
#706 = LINE ( 'NONE', #1067, #562 ) ;
#707 = VECTOR ( 'NONE', #2030, 1000.000000000000000 ) ;
#708 = ORIENTED_EDGE ( 'NONE', *, *, #54, .T. ) ;
#709 = AXIS2_PLACEMENT_3D ( 'NONE', #2075, #1334, #1763 ) ;
#710 = DIRECTION ( 'NONE',  ( 0.000000000000000000, 0.000000000000000000, -1.000000000000000000 ) ) ;
#711 = EDGE_CURVE ( 'NONE', #195, #260, #1057, .T. ) ;
#712 = AXIS2_PLACEMENT_3D ( 'NONE', #724, #1451, #1424 ) ;
#713 = ADVANCED_FACE ( 'NONE', ( #566 ), #1238, .F. ) ;
#714 = PRESENTATION_STYLE_ASSIGNMENT (( #2 ) ) ;
#715 = ADVANCED_FACE ( 'NONE', ( #2102 ), #371, .F. ) ;
#716 = CARTESIAN_POINT ( 'NONE',  ( -11.69999999999999929, -15.80000000000000071, 2.000000000000000000 ) ) ;
#717 = DIRECTION ( 'NONE',  ( 0.7071067811865480168, 1.362927481496331581E-15, 0.7071067811865470176 ) ) ;
#718 = ORIENTED_EDGE ( 'NONE', *, *, #1224, .T. ) ;
#719 = DIRECTION ( 'NONE',  ( 0.000000000000000000, 0.000000000000000000, 1.000000000000000000 ) ) ;
#720 = CARTESIAN_POINT ( 'NONE',  ( 3.500000000000001332, 16.60000000000000142, 0.000000000000000000 ) ) ;
#721 = LINE ( 'NONE', #1585, #1846 ) ;
#722 = LINE ( 'NONE', #1761, #1154 ) ;
#723 = EDGE_LOOP ( 'NONE', ( #1786, #2025, #1473, #1964 ) ) ;
#724 = CARTESIAN_POINT ( 'NONE',  ( -10.92000000000000171, 15.01999999999999957, 0.000000000000000000 ) ) ;
#725 = ORIENTED_EDGE ( 'NONE', *, *, #1484, .F. ) ;
#726 = ADVANCED_FACE ( 'NONE', ( #168 ), #1432, .F. ) ;
#727 = VERTEX_POINT ( 'NONE', #2138 ) ;
#728 = DIRECTION ( 'NONE',  ( -1.000000000000000000, 0.000000000000000000, 0.000000000000000000 ) ) ;
#729 = DIRECTION ( 'NONE',  ( -0.000000000000000000, -0.000000000000000000, 1.000000000000000000 ) ) ;
#730 = CARTESIAN_POINT ( 'NONE',  ( 12.50000000000000000, 15.79999999999999893, 2.000000000000000000 ) ) ;
#731 = DIRECTION ( 'NONE',  ( 0.000000000000000000, -1.000000000000000000, 0.000000000000000000 ) ) ;
#732 = ORIENTED_EDGE ( 'NONE', *, *, #1746, .T. ) ;
#733 = AXIS2_PLACEMENT_3D ( 'NONE', #596, #1143, #573 ) ;
#734 = CARTESIAN_POINT ( 'NONE',  ( -13.50623058987491021, 16.59999999999999787, 1.449999999999999956 ) ) ;
#735 = EDGE_LOOP ( 'NONE', ( #556, #817, #99, #342 ) ) ;
#736 = DIRECTION ( 'NONE',  ( -1.000000000000000000, 0.000000000000000000, 0.000000000000000000 ) ) ;
#737 = ORIENTED_EDGE ( 'NONE', *, *, #1916, .T. ) ;
#738 = VECTOR ( 'NONE', #1987, 1000.000000000000000 ) ;
#739 = CARTESIAN_POINT ( 'NONE',  ( 12.50000000000003375, -4.599999999999999645, 0.000000000000000000 ) ) ;
#740 = DIRECTION ( 'NONE',  ( -1.000000000000000000, 0.000000000000000000, 0.000000000000000000 ) ) ;
#741 = EDGE_CURVE ( 'NONE', #1329, #593, #15, .T. ) ;
#742 = CIRCLE ( 'NONE', #1739, 0.6000000000000103029 ) ;
#743 = EDGE_LOOP ( 'NONE', ( #457, #626 ) ) ;
#744 = ORIENTED_EDGE ( 'NONE', *, *, #1947, .F. ) ;
#745 = CIRCLE ( 'NONE', #1963, 0.6000000000000067502 ) ;
#746 = CARTESIAN_POINT ( 'NONE',  ( 11.70000000000000107, -16.40000000000000924, 2.000000000000000000 ) ) ;
#747 = AXIS2_PLACEMENT_3D ( 'NONE', #978, #489, #1676 ) ;
#748 = PRESENTATION_LAYER_ASSIGNMENT (  '', '', ( #487 ) ) ;
#749 =( LENGTH_UNIT ( ) NAMED_UNIT ( * ) SI_UNIT ( .MILLI., .METRE. ) );
#750 = VERTEX_POINT ( 'NONE', #1784 ) ;
#751 = CARTESIAN_POINT ( 'NONE',  ( -12.50000000000000000, -7.599999999999998757, 1.449999999999996847 ) ) ;
#752 = PLANE ( 'NONE',  #1325 ) ;
#753 = EDGE_CURVE ( 'NONE', #904, #528, #69, .T. ) ;
#754 = PLANE ( 'NONE',  #1700 ) ;
#755 = DIRECTION ( 'NONE',  ( 1.000000000000000000, 0.000000000000000000, 0.000000000000000000 ) ) ;
#756 = ORIENTED_EDGE ( 'NONE', *, *, #1974, .T. ) ;
#757 = EDGE_CURVE ( 'NONE', #631, #922, #1270, .T. ) ;
#758 = FACE_OUTER_BOUND ( 'NONE', #1513, .T. ) ;
#759 = PLANE ( 'NONE',  #2219 ) ;
#760 = LINE ( 'NONE', #1803, #1550 ) ;
#761 = CARTESIAN_POINT ( 'NONE',  ( -9.870000000000000995, 15.01999999999999957, 0.000000000000000000 ) ) ;
#762 = LINE ( 'NONE', #1466, #1030 ) ;
#763 = ORIENTED_EDGE ( 'NONE', *, *, #202, .F. ) ;
#764 = DIRECTION ( 'NONE',  ( 0.000000000000000000, 0.000000000000000000, -1.000000000000000000 ) ) ;
#765 = LINE ( 'NONE', #1500, #1483 ) ;
#766 = EDGE_CURVE ( 'NONE', #1808, #2208, #932, .T. ) ;
#767 = VERTEX_POINT ( 'NONE', #1066 ) ;
#768 = AXIS2_PLACEMENT_3D ( 'NONE', #47, #1830, #2195 ) ;
#769 = ORIENTED_EDGE ( 'NONE', *, *, #1235, .T. ) ;
#770 = CARTESIAN_POINT ( 'NONE',  ( -4.790000000000053326, 9.939999999999963975, 2.000000000000000000 ) ) ;
#771 = CARTESIAN_POINT ( 'NONE',  ( -3.499999999999999556, -16.60000000000000142, 1.449999999999996403 ) ) ;
#772 = FACE_OUTER_BOUND ( 'NONE', #1863, .T. ) ;
#773 = ORIENTED_EDGE ( 'NONE', *, *, #49, .T. ) ;
#774 = CIRCLE ( 'NONE', #98, 1.050000000000000488 ) ;
#775 = LINE ( 'NONE', #1861, #31 ) ;
#776 = PLANE ( 'NONE',  #900 ) ;
#777 = VECTOR ( 'NONE', #608, 1000.000000000000000 ) ;
#778 = ADVANCED_FACE ( 'NONE', ( #1957 ), #1088, .F. ) ;
#779 = VECTOR ( 'NONE', #1476, 1000.000000000000000 ) ;
#780 = ORIENTED_EDGE ( 'NONE', *, *, #2079, .T. ) ;
#781 = VECTOR ( 'NONE', #2050, 1000.000000000000000 ) ;
#782 = EDGE_CURVE ( 'NONE', #1248, #1383, #1077, .T. ) ;
#783 = CARTESIAN_POINT ( 'NONE',  ( -10.92000000000002657, 12.48000000000000043, 2.000000000000000000 ) ) ;
#784 = EDGE_CURVE ( 'NONE', #2140, #942, #1617, .T. ) ;
#785 = FACE_OUTER_BOUND ( 'NONE', #1934, .T. ) ;
#786 = DIRECTION ( 'NONE',  ( 0.7071067811865483499, -1.362927481496436894E-15, -0.7071067811865467956 ) ) ;
#787 = ORIENTED_EDGE ( 'NONE', *, *, #2248, .T. ) ;
#788 = CARTESIAN_POINT ( 'NONE',  ( 12.95000000000000107, 7.600000000000000533, 1.000000000000000000 ) ) ;
#789 = CARTESIAN_POINT ( 'NONE',  ( -12.95000000000000107, -4.599999999999999645, 0.9999999999999967804 ) ) ;
#790 = ORIENTED_EDGE ( 'NONE', *, *, #1868, .T. ) ;
#791 = LINE ( 'NONE', #1454, #183 ) ;
#792 = EDGE_CURVE ( 'NONE', #373, #1490, #207, .T. ) ;
#793 = ORIENTED_EDGE ( 'NONE', *, *, #286, .T. ) ;
#794 = DIRECTION ( 'NONE',  ( 0.000000000000000000, 0.7071067811865540120, 0.7071067811865410224 ) ) ;
#795 = DIRECTION ( 'NONE',  ( 0.000000000000000000, 0.000000000000000000, -1.000000000000000000 ) ) ;
#796 = DIRECTION ( 'NONE',  ( -0.000000000000000000, 0.000000000000000000, -1.000000000000000000 ) ) ;
#797 = CARTESIAN_POINT ( 'NONE',  ( -12.49999999999999467, -7.599999999999999645, 0.5499999999999917177 ) ) ;
#798 = ORIENTED_EDGE ( 'NONE', *, *, #193, .T. ) ;
#799 = ORIENTED_EDGE ( 'NONE', *, *, #601, .T. ) ;
#800 = DIRECTION ( 'NONE',  ( -0.7071067811865480168, 0.000000000000000000, -0.7071067811865470176 ) ) ;
#801 = CIRCLE ( 'NONE', #19, 1.050000000000000488 ) ;
#802 = VERTEX_POINT ( 'NONE', #940 ) ;
#803 = LINE ( 'NONE', #1880, #1777 ) ;
#804 = ADVANCED_FACE ( 'NONE', ( #1671 ), #1648, .F. ) ;
#805 = CARTESIAN_POINT ( 'NONE',  ( -7.330000000000079119, 7.399999999999982592, 2.000000000000000000 ) ) ;
#806 = CARTESIAN_POINT ( 'NONE',  ( -5.840000000000080682, 7.399999999999964828, 0.000000000000000000 ) ) ;
#807 = ADVANCED_FACE ( 'NONE', ( #1488 ), #1479, .T. ) ;
#808 = FACE_BOUND ( 'NONE', #362, .T. ) ;
#809 = CARTESIAN_POINT ( 'NONE',  ( -5.840000000000000746, 15.01999999999996582, 2.000000000000000000 ) ) ;
#810 = ADVANCED_FACE ( 'NONE', ( #572 ), #604, .T. ) ;
#811 = VERTEX_POINT ( 'NONE', #394 ) ;
#812 = VECTOR ( 'NONE', #2052, 1000.000000000000000 ) ;
#813 = ORIENTED_EDGE ( 'NONE', *, *, #1302, .T. ) ;
#814 = AXIS2_PLACEMENT_3D ( 'NONE', #440, #2202, #2183 ) ;
#815 = DIRECTION ( 'NONE',  ( -1.000000000000000000, 0.000000000000000000, 0.000000000000000000 ) ) ;
#816 = EDGE_LOOP ( 'NONE', ( #1403, #829, #830, #469 ) ) ;
#817 = ORIENTED_EDGE ( 'NONE', *, *, #1026, .T. ) ;
#818 = DIRECTION ( 'NONE',  ( 0.000000000000000000, 0.000000000000000000, -1.000000000000000000 ) ) ;
#819 = FACE_BOUND ( 'NONE', #369, .T. ) ;
#820 = AXIS2_PLACEMENT_3D ( 'NONE', #1048, #161, #823 ) ;
#821 = CARTESIAN_POINT ( 'NONE',  ( -5.840000000000080682, 7.399999999999964828, 2.000000000000000000 ) ) ;
#822 = FACE_BOUND ( 'NONE', #1928, .T. ) ;
#823 = DIRECTION ( 'NONE',  ( 0.000000000000000000, -0.7071067811865450192, 0.7071067811865501263 ) ) ;
#824 = VERTEX_POINT ( 'NONE', #617 ) ;
#825 = EDGE_CURVE ( 'NONE', #450, #824, #67, .T. ) ;
#826 = ORIENTED_EDGE ( 'NONE', *, *, #258, .T. ) ;
#827 = VERTEX_POINT ( 'NONE', #1278 ) ;
#828 = PLANE ( 'NONE',  #367 ) ;
#829 = ORIENTED_EDGE ( 'NONE', *, *, #2248, .F. ) ;
#830 = ORIENTED_EDGE ( 'NONE', *, *, #1931, .T. ) ;
#831 = LINE ( 'NONE', #1210, #1079 ) ;
#832 = DIRECTION ( 'NONE',  ( 0.000000000000000000, -0.7071067811865450192, 0.7071067811865501263 ) ) ;
#833 = LINE ( 'NONE', #2242, #1038 ) ;
#834 = CARTESIAN_POINT ( 'NONE',  ( -9.870000000000054285, 9.940000000000001279, 2.000000000000000000 ) ) ;
#835 = PLANE ( 'NONE',  #2187 ) ;
#836 = APPLICATION_CONTEXT ( 'automotive_design' ) ;
#837 = ORIENTED_EDGE ( 'NONE', *, *, #2181, .T. ) ;
#838 = VERTEX_POINT ( 'NONE', #70 ) ;
#839 = EDGE_CURVE ( 'NONE', #1383, #1029, #213, .T. ) ;
#840 = ORIENTED_EDGE ( 'NONE', *, *, #295, .F. ) ;
#841 = EDGE_LOOP ( 'NONE', ( #509, #1415, #584 ) ) ;
#842 = VERTEX_POINT ( 'NONE', #761 ) ;
#843 = FACE_BOUND ( 'NONE', #723, .T. ) ;
#844 = EDGE_CURVE ( 'NONE', #476, #1437, #1819, .T. ) ;
#845 = VERTEX_POINT ( 'NONE', #39 ) ;
#846 = ORIENTED_EDGE ( 'NONE', *, *, #1092, .T. ) ;
#847 = AXIS2_PLACEMENT_3D ( 'NONE', #806, #220, #1313 ) ;
#848 = DIRECTION ( 'NONE',  ( 0.000000000000000000, -1.000000000000000000, 0.000000000000000000 ) ) ;
#849 = LINE ( 'NONE', #1362, #1877 ) ;
#850 = FACE_BOUND ( 'NONE', #1272, .T. ) ;
#851 = DIRECTION ( 'NONE',  ( -0.000000000000000000, -0.000000000000000000, -1.000000000000000000 ) ) ;
#852 = EDGE_LOOP ( 'NONE', ( #2260, #53, #1028, #680 ) ) ;
#853 = DIRECTION ( 'NONE',  ( 0.7071067811865467956, 0.000000000000000000, 0.7071067811865483499 ) ) ;
#854 = VECTOR ( 'NONE', #1976, 1000.000000000000000 ) ;
#855 = ADVANCED_FACE ( 'NONE', ( #58 ), #1627, .F. ) ;
#856 = ORIENTED_EDGE ( 'NONE', *, *, #1982, .F. ) ;
#857 = CIRCLE ( 'NONE', #244, 1.050000000000000488 ) ;
#858 = ADVANCED_FACE ( 'NONE', ( #785 ), #947, .T. ) ;
#859 = EDGE_LOOP ( 'NONE', ( #221, #349 ) ) ;
#860 = VECTOR ( 'NONE', #451, 1000.000000000000000 ) ;
#861 = CARTESIAN_POINT ( 'NONE',  ( 12.95000000000000107, 17.60623058987490808, 1.000000000000000000 ) ) ;
#862 = DIRECTION ( 'NONE',  ( 1.000000000000000000, 0.000000000000000000, 0.000000000000000000 ) ) ;
#863 = AXIS2_PLACEMENT_3D ( 'NONE', #1060, #113, #1015 ) ;
#864 = CIRCLE ( 'NONE', #111, 0.8000000000000003775 ) ;
#865 = DIRECTION ( 'NONE',  ( 0.000000000000000000, 0.000000000000000000, -1.000000000000000000 ) ) ;
#866 = DIRECTION ( 'NONE',  ( 0.000000000000000000, 0.000000000000000000, -1.000000000000000000 ) ) ;
#867 = VECTOR ( 'NONE', #383, 1000.000000000000000 ) ;
#868 = DIRECTION ( 'NONE',  ( -1.000000000000000000, 0.000000000000000000, 0.000000000000000000 ) ) ;
#869 = VERTEX_POINT ( 'NONE', #771 ) ;
#870 = CARTESIAN_POINT ( 'NONE',  ( -12.49999999999999822, -4.599999999999999645, 0.5499999999999942712 ) ) ;
#871 = DIRECTION ( 'NONE',  ( 0.000000000000000000, 0.000000000000000000, -1.000000000000000000 ) ) ;
#872 = ORIENTED_EDGE ( 'NONE', *, *, #1746, .F. ) ;
#873 = FACE_OUTER_BOUND ( 'NONE', #546, .T. ) ;
#874 = PLANE ( 'NONE',  #1728 ) ;
#875 = ADVANCED_FACE ( 'NONE', ( #595 ), #754, .T. ) ;
#876 = CARTESIAN_POINT ( 'NONE',  ( 5.500000000000001776, -17.05000000000001492, 0.9999999999999759082 ) ) ;
#877 = ORIENTED_EDGE ( 'NONE', *, *, #665, .T. ) ;
#878 = CARTESIAN_POINT ( 'NONE',  ( -3.499999999999999556, 17.05000000000000071, 0.9999999999999924505 ) ) ;
#879 = ORIENTED_EDGE ( 'NONE', *, *, #446, .T. ) ;
#880 = ORIENTED_EDGE ( 'NONE', *, *, #1198, .F. ) ;
#881 = DIRECTION ( 'NONE',  ( 0.000000000000000000, 0.000000000000000000, -1.000000000000000000 ) ) ;
#882 = EDGE_CURVE ( 'NONE', #195, #802, #1303, .T. ) ;
#883 = DIRECTION ( 'NONE',  ( -0.000000000000000000, -0.000000000000000000, 1.000000000000000000 ) ) ;
#884 = LINE ( 'NONE', #1414, #967 ) ;
#885 = CIRCLE ( 'NONE', #389, 0.8000000000000003775 ) ;
#886 = VERTEX_POINT ( 'NONE', #251 ) ;
#887 = EDGE_CURVE ( 'NONE', #1202, #179, #745, .T. ) ;
#888 = ADVANCED_FACE ( 'NONE', ( #1496 ), #1455, .T. ) ;
#889 = DIRECTION ( 'NONE',  ( -1.000000000000000000, 0.000000000000000000, 0.000000000000000000 ) ) ;
#890 = CYLINDRICAL_SURFACE ( 'NONE', #211, 0.8000000000000003775 ) ;
#891 = CARTESIAN_POINT ( 'NONE',  ( -12.49999999999998046, -4.599999999999999645, 1.450000000000018385 ) ) ;
#892 = VERTEX_POINT ( 'NONE', #416 ) ;
#893 = VECTOR ( 'NONE', #1615, 1000.000000000000000 ) ;
#894 = CARTESIAN_POINT ( 'NONE',  ( -9.430000000000081428, 7.399999999999982592, 2.000000000000000000 ) ) ;
#895 = DIRECTION ( 'NONE',  ( -0.000000000000000000, -0.000000000000000000, -1.000000000000000000 ) ) ;
#896 = DIRECTION ( 'NONE',  ( -0.000000000000000000, -0.000000000000000000, 1.000000000000000000 ) ) ;
#897 = ORIENTED_EDGE ( 'NONE', *, *, #1841, .T. ) ;
#898 = ORIENTED_EDGE ( 'NONE', *, *, #1484, .T. ) ;
#899 = CARTESIAN_POINT ( 'NONE',  ( -5.840000000000000746, 15.01999999999996582, 0.000000000000000000 ) ) ;
#900 = AXIS2_PLACEMENT_3D ( 'NONE', #586, #609, #1481 ) ;
#901 = EDGE_CURVE ( 'NONE', #1711, #2135, #1133, .T. ) ;
#902 = ORIENTED_EDGE ( 'NONE', *, *, #741, .F. ) ;
#903 = ADVANCED_BREP_SHAPE_REPRESENTATION ( 'Lid', ( #1714, #616 ), #1766 ) ;
#904 = VERTEX_POINT ( 'NONE', #2216 ) ;
#905 = DIRECTION ( 'NONE',  ( 0.000000000000000000, 0.000000000000000000, -1.000000000000000000 ) ) ;
#906 = DIRECTION ( 'NONE',  ( -0.000000000000000000, -0.000000000000000000, 1.000000000000000000 ) ) ;
#907 = LINE ( 'NONE', #1446, #554 ) ;
#908 = DIRECTION ( 'NONE',  ( 1.000000000000000000, 0.000000000000000000, 0.000000000000000000 ) ) ;
#909 = EDGE_LOOP ( 'NONE', ( #1718, #1322, #793, #240 ) ) ;
#910 = DIRECTION ( 'NONE',  ( 1.000000000000000000, 0.000000000000000000, 0.000000000000000000 ) ) ;
#911 = EDGE_CURVE ( 'NONE', #2135, #460, #1680, .T. ) ;
#912 = CARTESIAN_POINT ( 'NONE',  ( 0.000000000000000000, 0.000000000000000000, 0.000000000000000000 ) ) ;
#913 = ORIENTED_EDGE ( 'NONE', *, *, #194, .T. ) ;
#914 = FACE_BOUND ( 'NONE', #1370, .T. ) ;
#915 = EDGE_CURVE ( 'NONE', #526, #43, #303, .T. ) ;
#916 = DIRECTION ( 'NONE',  ( -0.000000000000000000, -0.000000000000000000, -1.000000000000000000 ) ) ;
#917 = CARTESIAN_POINT ( 'NONE',  ( -12.94999999999997975, -4.599999999999999645, 0.9999999999999753530 ) ) ;
#918 = EDGE_LOOP ( 'NONE', ( #2047, #574, #2276, #997 ) ) ;
#919 = ORIENTED_EDGE ( 'NONE', *, *, #508, .F. ) ;
#920 = CIRCLE ( 'NONE', #847, 1.049999999999999822 ) ;
#921 = DIRECTION ( 'NONE',  ( 1.000000000000000000, 0.000000000000000000, 0.000000000000000000 ) ) ;
#922 = VERTEX_POINT ( 'NONE', #1859 ) ;
#923 = EDGE_CURVE ( 'NONE', #1494, #266, #831, .T. ) ;
#924 = ORIENTED_EDGE ( 'NONE', *, *, #887, .F. ) ;
#925 = DIRECTION ( 'NONE',  ( -1.000000000000000000, 0.000000000000000000, 0.000000000000000000 ) ) ;
#926 = DIRECTION ( 'NONE',  ( -0.000000000000000000, -0.000000000000000000, -1.000000000000000000 ) ) ;
#927 = CARTESIAN_POINT ( 'NONE',  ( 11.70000000000000107, 15.80000000000000071, 2.000000000000000000 ) ) ;
#928 = EDGE_CURVE ( 'NONE', #1437, #1556, #1387, .T. ) ;
#929 = CARTESIAN_POINT ( 'NONE',  ( 11.70000000000000107, 15.80000000000000071, 2.000000000000000000 ) ) ;
#930 = DIRECTION ( 'NONE',  ( -1.000000000000000000, 0.000000000000000000, 0.000000000000000000 ) ) ;
#931 = ORIENTED_EDGE ( 'NONE', *, *, #2192, .F. ) ;
#932 = CIRCLE ( 'NONE', #2259, 1.050000000000000488 ) ;
#933 = CARTESIAN_POINT ( 'NONE',  ( -12.50000000000000178, 7.600000000000000533, 0.5499999999999983791 ) ) ;
#934 = VECTOR ( 'NONE', #1277, 1000.000000000000114 ) ;
#935 = CIRCLE ( 'NONE', #1378, 1.050000000000000488 ) ;
#936 = DIRECTION ( 'NONE',  ( -1.000000000000000000, 0.000000000000000000, 0.000000000000000000 ) ) ;
#937 = DIRECTION ( 'NONE',  ( 0.000000000000000000, 0.000000000000000000, -1.000000000000000000 ) ) ;
#938 = CARTESIAN_POINT ( 'NONE',  ( -11.69999999999999929, -15.80000000000000071, 2.000000000000000000 ) ) ;
#939 = EDGE_CURVE ( 'NONE', #460, #1202, #683, .T. ) ;
#940 = CARTESIAN_POINT ( 'NONE',  ( -3.499999999999999556, -16.60000000000000142, 0.5500000000000034861 ) ) ;
#941 = CARTESIAN_POINT ( 'NONE',  ( -3.499999999999999556, -16.59999999999999787, 0.5500000000000000444 ) ) ;
#942 = VERTEX_POINT ( 'NONE', #669 ) ;
#943 = DIRECTION ( 'NONE',  ( -0.000000000000000000, -0.000000000000000000, -1.000000000000000000 ) ) ;
#944 = ORIENTED_EDGE ( 'NONE', *, *, #672, .T. ) ;
#945 = DIRECTION ( 'NONE',  ( -0.7071067811865467956, 0.000000000000000000, -0.7071067811865483499 ) ) ;
#946 = DIRECTION ( 'NONE',  ( 0.7071067811865483499, 0.000000000000000000, -0.7071067811865467956 ) ) ;
#947 = PLANE ( 'NONE',  #521 ) ;
#948 = CARTESIAN_POINT ( 'NONE',  ( -11.97000000000000064, 15.01999999999999957, 0.000000000000000000 ) ) ;
#949 = ORIENTED_EDGE ( 'NONE', *, *, #1471, .T. ) ;
#950 = EDGE_CURVE ( 'NONE', #283, #1715, #2090, .T. ) ;
#951 = CARTESIAN_POINT ( 'NONE',  ( -7.330000000000053362, 9.939999999999983515, 2.000000000000000000 ) ) ;
#952 = CARTESIAN_POINT ( 'NONE',  ( 12.50000000000000000, -15.80000000000000071, 0.000000000000000000 ) ) ;
#953 = EDGE_CURVE ( 'NONE', #439, #2048, #557, .T. ) ;
#954 = AXIS2_PLACEMENT_3D ( 'NONE', #2054, #862, #1219 ) ;
#955 = EDGE_CURVE ( 'NONE', #1135, #727, #402, .T. ) ;
#956 = CARTESIAN_POINT ( 'NONE',  ( 5.500000000000001776, 17.05000000000001492, 0.9999999999999759082 ) ) ;
#957 = CARTESIAN_POINT ( 'NONE',  ( 11.70000000000000107, -15.80000000000000071, 2.000000000000000000 ) ) ;
#958 = CARTESIAN_POINT ( 'NONE',  ( -12.50000000000000000, -15.80000000000000071, 0.000000000000000000 ) ) ;
#959 = ORIENTED_EDGE ( 'NONE', *, *, #2108, .F. ) ;
#960 = CIRCLE ( 'NONE', #1775, 1.049999999999999822 ) ;
#961 = CARTESIAN_POINT ( 'NONE',  ( -12.95000000000000107, 7.600000000000000533, 0.9999999999999967804 ) ) ;
#962 = DIRECTION ( 'NONE',  ( -0.000000000000000000, -0.000000000000000000, -1.000000000000000000 ) ) ;
#963 = AXIS2_PLACEMENT_3D ( 'NONE', #419, #397, #1682 ) ;
#964 = EDGE_CURVE ( 'NONE', #2048, #439, #1998, .T. ) ;
#965 = VECTOR ( 'NONE', #259, 1000.000000000000114 ) ;
#966 = ORIENTED_EDGE ( 'NONE', *, *, #1085, .T. ) ;
#967 = VECTOR ( 'NONE', #341, 1000.000000000000000 ) ;
#968 = LINE ( 'NONE', #2159, #2033 ) ;
#969 = AXIS2_PLACEMENT_3D ( 'NONE', #1247, #1958, #1618 ) ;
#970 = ORIENTED_EDGE ( 'NONE', *, *, #1666, .T. ) ;
#971 = ORIENTED_EDGE ( 'NONE', *, *, #508, .T. ) ;
#972 = DIRECTION ( 'NONE',  ( 0.000000000000000000, -0.000000000000000000, 1.000000000000000000 ) ) ;
#973 = CARTESIAN_POINT ( 'NONE',  ( -7.330000000000025828, 12.47999999999998266, 0.000000000000000000 ) ) ;
#974 = DIRECTION ( 'NONE',  ( 0.000000000000000000, -0.7071067811865501263, 0.7071067811865450192 ) ) ;
#975 = FACE_OUTER_BOUND ( 'NONE', #2036, .T. ) ;
#976 = VERTEX_POINT ( 'NONE', #2053 ) ;
#977 = ORIENTED_EDGE ( 'NONE', *, *, #1817, .F. ) ;
#978 = CARTESIAN_POINT ( 'NONE',  ( -10.92000000000007987, 7.400000000000000355, 2.000000000000000000 ) ) ;
#979 = EDGE_LOOP ( 'NONE', ( #702, #525 ) ) ;
#980 = EDGE_CURVE ( 'NONE', #22, #1616, #314, .T. ) ;
#981 = ADVANCED_FACE ( 'NONE', ( #1348 ), #2080, .T. ) ;
#982 = CARTESIAN_POINT ( 'NONE',  ( -8.380000000000000782, 15.01999999999998359, 0.000000000000000000 ) ) ;
#983 = CARTESIAN_POINT ( 'NONE',  ( -11.69999999999999929, 16.40000000000000924, 2.000000000000000000 ) ) ;
#984 = LINE ( 'NONE', #1993, #777 ) ;
#985 =( LENGTH_UNIT ( ) NAMED_UNIT ( * ) SI_UNIT ( .MILLI., .METRE. ) );
#986 = ORIENTED_EDGE ( 'NONE', *, *, #911, .F. ) ;
#987 = ORIENTED_EDGE ( 'NONE', *, *, #1901, .F. ) ;
#988 = CARTESIAN_POINT ( 'NONE',  ( 12.50000000000000000, 17.60623058987490808, 0.5500000000000000444 ) ) ;
#989 = CIRCLE ( 'NONE', #1653, 1.050000000000000488 ) ;
#990 = ORIENTED_EDGE ( 'NONE', *, *, #1691, .T. ) ;
#991 = ORIENTED_EDGE ( 'NONE', *, *, #2039, .T. ) ;
#992 = DIRECTION ( 'NONE',  ( -0.000000000000000000, 0.000000000000000000, 1.000000000000000000 ) ) ;
#993 = FACE_OUTER_BOUND ( 'NONE', #2275, .T. ) ;
#994 = EDGE_CURVE ( 'NONE', #431, #2208, #2043, .T. ) ;
#995 = LINE ( 'NONE', #636, #180 ) ;
#996 = LINE ( 'NONE', #1352, #1667 ) ;
#997 = ORIENTED_EDGE ( 'NONE', *, *, #1311, .T. ) ;
#998 = AXIS2_PLACEMENT_3D ( 'NONE', #2287, #1344, #2210 ) ;
#999 = VECTOR ( 'NONE', #1380, 1000.000000000000000 ) ;
#1000 = EDGE_LOOP ( 'NONE', ( #1252, #1336, #959, #744 ) ) ;
#1001 = CIRCLE ( 'NONE', #1593, 1.050000000000000488 ) ;
#1002 = CARTESIAN_POINT ( 'NONE',  ( -8.380000000000054072, 9.939999999999983515, 0.000000000000000000 ) ) ;
#1003 = ORIENTED_EDGE ( 'NONE', *, *, #1612, .F. ) ;
#1004 = AXIS2_PLACEMENT_3D ( 'NONE', #1781, #1574, #2289 ) ;
#1005 = ORIENTED_EDGE ( 'NONE', *, *, #1128, .F. ) ;
#1006 = DIRECTION ( 'NONE',  ( -1.000000000000000000, 1.927470528863123289E-15, 0.000000000000000000 ) ) ;
#1007 = CYLINDRICAL_SURFACE ( 'NONE', #237, 1.050000000000000488 ) ;
#1008 = VECTOR ( 'NONE', #1710, 1000.000000000000000 ) ;
#1009 = CYLINDRICAL_SURFACE ( 'NONE', #473, 1.049999999999999822 ) ;
#1010 = DIRECTION ( 'NONE',  ( 0.000000000000000000, -0.000000000000000000, 1.000000000000000000 ) ) ;
#1011 = LINE ( 'NONE', #1697, #1596 ) ;
#1012 = ORIENTED_EDGE ( 'NONE', *, *, #390, .F. ) ;
#1013 = ADVANCED_FACE ( 'NONE', ( #646 ), #1871, .F. ) ;
#1014 = ORIENTED_EDGE ( 'NONE', *, *, #336, .F. ) ;
#1015 = DIRECTION ( 'NONE',  ( -1.000000000000000000, 0.000000000000000000, 0.000000000000000000 ) ) ;
#1016 = VERTEX_POINT ( 'NONE', #1733 ) ;
#1017 = ORIENTED_EDGE ( 'NONE', *, *, #1558, .T. ) ;
#1018 = DIRECTION ( 'NONE',  ( 1.362927481496348147E-15, 0.7071067811865540120, -0.7071067811865410224 ) ) ;
#1019 = DIRECTION ( 'NONE',  ( -1.000000000000000000, 0.000000000000000000, 0.000000000000000000 ) ) ;
#1020 = CARTESIAN_POINT ( 'NONE',  ( -6.890000000000028102, 12.47999999999996490, 2.000000000000000000 ) ) ;
#1021 = FACE_BOUND ( 'NONE', #1280, .T. ) ;
#1022 = LINE ( 'NONE', #1402, #2074 ) ;
#1023 = EDGE_CURVE ( 'NONE', #603, #767, #1001, .T. ) ;
#1024 = ORIENTED_EDGE ( 'NONE', *, *, #421, .T. ) ;
#1025 = ORIENTED_EDGE ( 'NONE', *, *, #527, .F. ) ;
#1026 = EDGE_CURVE ( 'NONE', #622, #137, #1707, .T. ) ;
#1027 = VERTEX_POINT ( 'NONE', #1522 ) ;
#1028 = ORIENTED_EDGE ( 'NONE', *, *, #245, .F. ) ;
#1029 = VERTEX_POINT ( 'NONE', #2229 ) ;
#1030 = VECTOR ( 'NONE', #252, 1000.000000000000000 ) ;
#1031 = DIRECTION ( 'NONE',  ( 0.7071067811865414665, 0.000000000000000000, 0.7071067811865536790 ) ) ;
#1032 = DIRECTION ( 'NONE',  ( 1.000000000000000000, -1.927470528863123289E-15, 0.000000000000000000 ) ) ;
#1033 = CYLINDRICAL_SURFACE ( 'NONE', #328, 0.8000000000000003775 ) ;
#1034 = CARTESIAN_POINT ( 'NONE',  ( -12.50000000000000000, 15.79999999999998472, 0.000000000000000000 ) ) ;
#1035 = ORIENTED_EDGE ( 'NONE', *, *, #1394, .F. ) ;
#1036 = CARTESIAN_POINT ( 'NONE',  ( -11.70000000000000107, 15.79999999999999893, 2.000000000000000000 ) ) ;
#1037 = ORIENTED_EDGE ( 'NONE', *, *, #1773, .T. ) ;
#1038 = VECTOR ( 'NONE', #305, 999.9999999999998863 ) ;
#1039 = EDGE_LOOP ( 'NONE', ( #2017, #1236 ) ) ;
#1040 = ADVANCED_FACE ( 'NONE', ( #464 ), #1361, .F. ) ;
#1041 = VECTOR ( 'NONE', #160, 1000.000000000000114 ) ;
#1042 = ORIENTED_EDGE ( 'NONE', *, *, #2285, .F. ) ;
#1043 = CIRCLE ( 'NONE', #1890, 1.050000000000000488 ) ;
#1044 = DIRECTION ( 'NONE',  ( 0.000000000000000000, 0.000000000000000000, -1.000000000000000000 ) ) ;
#1045 = FACE_BOUND ( 'NONE', #60, .T. ) ;
#1046 = VECTOR ( 'NONE', #1519, 1000.000000000000000 ) ;
#1047 = LINE ( 'NONE', #1735, #999 ) ;
#1048 = CARTESIAN_POINT ( 'NONE',  ( -13.50623058987491021, 17.05000000000000071, 0.9999999999999941158 ) ) ;
#1049 = VERTEX_POINT ( 'NONE', #1194 ) ;
#1050 = DIRECTION ( 'NONE',  ( 1.000000000000000000, 1.927470528863123289E-15, 0.000000000000000000 ) ) ;
#1051 = ADVANCED_FACE ( 'NONE', ( #502 ), #1945, .F. ) ;
#1052 = VERTEX_POINT ( 'NONE', #1966 ) ;
#1053 = DIRECTION ( 'NONE',  ( 1.000000000000000000, -1.927470528863264495E-15, 0.000000000000000000 ) ) ;
#1054 = CYLINDRICAL_SURFACE ( 'NONE', #433, 1.050000000000000488 ) ;
#1055 = CARTESIAN_POINT ( 'NONE',  ( -11.69999999999999929, -15.80000000000000071, 1.800000000000011591 ) ) ;
#1056 = ADVANCED_FACE ( 'NONE', ( #338 ), #1614, .F. ) ;
#1057 = LINE ( 'NONE', #1577, #1622 ) ;
#1058 = LINE ( 'NONE', #917, #2262 ) ;
#1059 = EDGE_LOOP ( 'NONE', ( #2062, #2061, #490 ) ) ;
#1060 = CARTESIAN_POINT ( 'NONE',  ( -8.380000000000000782, 15.01999999999998359, 2.000000000000000000 ) ) ;
#1061 = DIRECTION ( 'NONE',  ( -0.000000000000000000, -0.000000000000000000, -1.000000000000000000 ) ) ;
#1062 = EDGE_LOOP ( 'NONE', ( #155, #2246, #1127, #488 ) ) ;
#1063 = ORIENTED_EDGE ( 'NONE', *, *, #1198, .T. ) ;
#1064 = DIRECTION ( 'NONE',  ( -1.927470528863264495E-15, -1.000000000000000000, 0.000000000000000000 ) ) ;
#1065 = EDGE_CURVE ( 'NONE', #1545, #838, #1043, .T. ) ;
#1066 = CARTESIAN_POINT ( 'NONE',  ( -7.330000000000053362, 9.939999999999983515, 0.000000000000000000 ) ) ;
#1067 = CARTESIAN_POINT ( 'NONE',  ( -12.50000000000000178, 7.600000000000000533, 0.000000000000000000 ) ) ;
#1068 = UNCERTAINTY_MEASURE_WITH_UNIT (LENGTH_MEASURE( 1.000000000000000082E-05 ), #985, 'distance_accuracy_value', 'NONE');
#1069 = VERTEX_POINT ( 'NONE', #6 ) ;
#1070 = LINE ( 'NONE', #533, #2002 ) ;
#1071 = VERTEX_POINT ( 'NONE', #1087 ) ;
#1072 = VECTOR ( 'NONE', #717, 1000.000000000000000 ) ;
#1073 = EDGE_LOOP ( 'NONE', ( #1855, #1386, #1090, #404 ) ) ;
#1074 = VECTOR ( 'NONE', #1709, 999.9999999999998863 ) ;
#1075 = FACE_BOUND ( 'NONE', #743, .T. ) ;
#1076 = VECTOR ( 'NONE', #1835, 1000.000000000000000 ) ;
#1077 = LINE ( 'NONE', #552, #481 ) ;
#1078 = CARTESIAN_POINT ( 'NONE',  ( -9.870000000000025864, 12.48000000000000043, 0.000000000000000000 ) ) ;
#1079 = VECTOR ( 'NONE', #492, 1000.000000000000000 ) ;
#1080 = ORIENTED_EDGE ( 'NONE', *, *, #1162, .T. ) ;
#1081 = ADVANCED_FACE ( 'NONE', ( #1399, #1791, #23, #1420, #914, #345, #196, #1749, #370, #692, #1253, #1075, #873 ), #1955, .F. ) ;
#1082 = CIRCLE ( 'NONE', #405, 1.050000000000000488 ) ;
#1083 = DIRECTION ( 'NONE',  ( 0.000000000000000000, 0.000000000000000000, -1.000000000000000000 ) ) ;
#1084 = VECTOR ( 'NONE', #348, 1000.000000000000114 ) ;
#1085 = EDGE_CURVE ( 'NONE', #374, #2130, #331, .T. ) ;
#1086 =( LENGTH_UNIT ( ) NAMED_UNIT ( * ) SI_UNIT ( .MILLI., .METRE. ) );
#1087 = CARTESIAN_POINT ( 'NONE',  ( -11.97000000000008058, 7.400000000000000355, 2.000000000000000000 ) ) ;
#1088 = CYLINDRICAL_SURFACE ( 'NONE', #2218, 1.050000000000000488 ) ;
#1089 = CARTESIAN_POINT ( 'NONE',  ( -6.890000000000080504, 7.399999999999964828, 2.000000000000000000 ) ) ;
#1090 = ORIENTED_EDGE ( 'NONE', *, *, #1529, .T. ) ;
#1091 = DIRECTION ( 'NONE',  ( 1.000000000000000000, 1.301042606982604690E-14, 0.000000000000000000 ) ) ;
#1092 = EDGE_CURVE ( 'NONE', #2048, #627, #165, .T. ) ;
#1093 = EDGE_LOOP ( 'NONE', ( #9, #150, #468, #1332 ) ) ;
#1094 = EDGE_CURVE ( 'NONE', #284, #1248, #1187, .T. ) ;
#1095 = CARTESIAN_POINT ( 'NONE',  ( -9.870000000000000995, 15.01999999999999957, 2.000000000000000000 ) ) ;
#1096 = EDGE_LOOP ( 'NONE', ( #919, #1540, #1318, #2235 ) ) ;
#1097 = DIRECTION ( 'NONE',  ( -0.7071067811865483499, 0.000000000000000000, 0.7071067811865467956 ) ) ;
#1098 = LINE ( 'NONE', #549, #738 ) ;
#1099 = FACE_BOUND ( 'NONE', #568, .T. ) ;
#1100 = CARTESIAN_POINT ( 'NONE',  ( 12.49999999999995026, 7.600000000000000533, 1.450000000000050138 ) ) ;
#1101 = DIRECTION ( 'NONE',  ( -0.000000000000000000, -0.000000000000000000, -1.000000000000000000 ) ) ;
#1102 = EDGE_LOOP ( 'NONE', ( #1063, #1037, #708 ) ) ;
#1103 = VERTEX_POINT ( 'NONE', #894 ) ;
#1104 = AXIS2_PLACEMENT_3D ( 'NONE', #583, #2000, #395 ) ;
#1105 = DIRECTION ( 'NONE',  ( 0.000000000000000000, 0.000000000000000000, -1.000000000000000000 ) ) ;
#1106 = ORIENTED_EDGE ( 'NONE', *, *, #685, .T. ) ;
#1107 = DIRECTION ( 'NONE',  ( -1.000000000000000000, 0.000000000000000000, 0.000000000000000000 ) ) ;
#1108 = EDGE_CURVE ( 'NONE', #2236, #892, #1482, .T. ) ;
#1109 = EDGE_LOOP ( 'NONE', ( #1779, #321, #1192, #522 ) ) ;
#1110 = CARTESIAN_POINT ( 'NONE',  ( -11.69999999999999929, -16.60000000000000142, 1.800000000000011591 ) ) ;
#1111 = AXIS2_PLACEMENT_3D ( 'NONE', #927, #565, #1580 ) ;
#1112 = DIRECTION ( 'NONE',  ( 1.000000000000000000, 0.000000000000000000, 0.000000000000000000 ) ) ;
#1113 = CARTESIAN_POINT ( 'NONE',  ( 12.50000000000000000, 17.60623058987490808, 1.449999999999999956 ) ) ;
#1114 = ORIENTED_EDGE ( 'NONE', *, *, #456, .T. ) ;
#1115 = ORIENTED_EDGE ( 'NONE', *, *, #1092, .F. ) ;
#1116 = AXIS2_PLACEMENT_3D ( 'NONE', #2065, #1006, #274 ) ;
#1117 = CARTESIAN_POINT ( 'NONE',  ( 12.30000000000000959, 15.79999999999999893, 2.000000000000000000 ) ) ;
#1118 = LINE ( 'NONE', #746, #1629 ) ;
#1119 = AXIS2_PLACEMENT_3D ( 'NONE', #590, #1623, #36 ) ;
#1120 = AXIS2_PLACEMENT_3D ( 'NONE', #809, #83, #1512 ) ;
#1121 = VERTEX_POINT ( 'NONE', #2277 ) ;
#1122 = LINE ( 'NONE', #1110, #1965 ) ;
#1123 = ORIENTED_EDGE ( 'NONE', *, *, #1162, .F. ) ;
#1124 = DIRECTION ( 'NONE',  ( 1.000000000000000000, 0.000000000000000000, 0.000000000000000000 ) ) ;
#1125 = CARTESIAN_POINT ( 'NONE',  ( -10.92000000000005500, 9.940000000000001279, 0.000000000000000000 ) ) ;
#1126 = EDGE_CURVE ( 'NONE', #622, #563, #1, .T. ) ;
#1127 = ORIENTED_EDGE ( 'NONE', *, *, #2150, .T. ) ;
#1128 = EDGE_CURVE ( 'NONE', #1941, #318, #2100, .T. ) ;
#1129 = ORIENTED_EDGE ( 'NONE', *, *, #463, .T. ) ;
#1130 = DIRECTION ( 'NONE',  ( 0.000000000000000000, 1.000000000000000000, 0.000000000000000000 ) ) ;
#1131 = DIRECTION ( 'NONE',  ( 0.000000000000000000, 0.7071067811865536790, -0.7071067811865414665 ) ) ;
#1132 = CARTESIAN_POINT ( 'NONE',  ( -8.380000000000080718, 7.399999999999982592, 2.000000000000000000 ) ) ;
#1133 = LINE ( 'NONE', #1692, #2145 ) ;
#1134 = CARTESIAN_POINT ( 'NONE',  ( 12.50000000000000000, -7.599999999999998757, 0.5500000000000000444 ) ) ;
#1135 = VERTEX_POINT ( 'NONE', #1935 ) ;
#1136 = ADVANCED_FACE ( 'NONE', ( #1410 ), #2117, .F. ) ;
#1137 = DIRECTION ( 'NONE',  ( -0.000000000000000000, -0.000000000000000000, 1.000000000000000000 ) ) ;
#1138 = CIRCLE ( 'NONE', #423, 1.050000000000000488 ) ;
#1139 = CARTESIAN_POINT ( 'NONE',  ( -11.69999999999999929, -16.60000000000000142, 2.000000000000000000 ) ) ;
#1140 = CARTESIAN_POINT ( 'NONE',  ( -9.870000000000054285, 9.940000000000001279, 0.000000000000000000 ) ) ;
#1141 = ORIENTED_EDGE ( 'NONE', *, *, #578, .T. ) ;
#1142 = DIRECTION ( 'NONE',  ( 0.7071067811865469066, 0.000000000000000000, -0.7071067811865482389 ) ) ;
#1143 = DIRECTION ( 'NONE',  ( -0.000000000000000000, -0.000000000000000000, -1.000000000000000000 ) ) ;
#1144 = DIRECTION ( 'NONE',  ( -1.000000000000000000, 0.000000000000000000, 0.000000000000000000 ) ) ;
#1145 = DIRECTION ( 'NONE',  ( -0.7071067811865482389, 0.000000000000000000, -0.7071067811865469066 ) ) ;
#1146 = VECTOR ( 'NONE', #2003, 1000.000000000000000 ) ;
#1147 = EDGE_CURVE ( 'NONE', #827, #1184, #291, .T. ) ;
#1148 = EDGE_LOOP ( 'NONE', ( #666, #2167, #1544, #559 ) ) ;
#1149 = VECTOR ( 'NONE', #883, 1000.000000000000000 ) ;
#1150 = AXIS2_PLACEMENT_3D ( 'NONE', #1372, #268, #2211 ) ;
#1151 = EDGE_CURVE ( 'NONE', #28, #22, #1429, .T. ) ;
#1152 = EDGE_LOOP ( 'NONE', ( #491, #2001, #611, #515 ) ) ;
#1153 = ORIENTED_EDGE ( 'NONE', *, *, #159, .F. ) ;
#1154 = VECTOR ( 'NONE', #189, 1000.000000000000000 ) ;
#1155 = LINE ( 'NONE', #1717, #2147 ) ;
#1156 = VECTOR ( 'NONE', #755, 1000.000000000000000 ) ;
#1157 = ORIENTED_EDGE ( 'NONE', *, *, #2205, .T. ) ;
#1158 = CARTESIAN_POINT ( 'NONE',  ( 11.70000000000000107, -16.60000000000000142, 2.000000000000000000 ) ) ;
#1159 = LINE ( 'NONE', #605, #1176 ) ;
#1160 = LINE ( 'NONE', #620, #625 ) ;
#1161 = ORIENTED_EDGE ( 'NONE', *, *, #1730, .T. ) ;
#1162 = EDGE_CURVE ( 'NONE', #1069, #1016, #1782, .T. ) ;
#1163 = ORIENTED_EDGE ( 'NONE', *, *, #2095, .F. ) ;
#1164 = EDGE_CURVE ( 'NONE', #922, #2021, #1288, .T. ) ;
#1165 = FACE_OUTER_BOUND ( 'NONE', #1152, .T. ) ;
#1166 = EDGE_LOOP ( 'NONE', ( #1024, #337, #437 ) ) ;
#1167 = LINE ( 'NONE', #644, #812 ) ;
#1168 = ORIENTED_EDGE ( 'NONE', *, *, #1147, .T. ) ;
#1169 = DIRECTION ( 'NONE',  ( -1.000000000000000000, 0.000000000000000000, 0.000000000000000000 ) ) ;
#1170 = DIRECTION ( 'NONE',  ( 0.7071067811865505703, 0.000000000000000000, 0.7071067811865444641 ) ) ;
#1171 = CARTESIAN_POINT ( 'NONE',  ( 11.70000000000000107, 15.80000000000000071, 2.000000000000000000 ) ) ;
#1172 = DIRECTION ( 'NONE',  ( 0.7071067811865467956, 0.000000000000000000, 0.7071067811865483499 ) ) ;
#1173 = ORIENTED_EDGE ( 'NONE', *, *, #13, .F. ) ;
#1174 = ORIENTED_EDGE ( 'NONE', *, *, #376, .T. ) ;
#1175 = PLANE ( 'NONE',  #107 ) ;
#1176 = VECTOR ( 'NONE', #786, 999.9999999999998863 ) ;
#1177 = ADVANCED_FACE ( 'NONE', ( #1268 ), #1485, .F. ) ;
#1178 = ORIENTED_EDGE ( 'NONE', *, *, #964, .T. ) ;
#1179 = EDGE_LOOP ( 'NONE', ( #1435, #427 ) ) ;
#1180 = DIRECTION ( 'NONE',  ( 0.000000000000000000, 0.7071067811865536790, 0.7071067811865414665 ) ) ;
#1181 = CARTESIAN_POINT ( 'NONE',  ( -3.499999999999999556, 17.05000000000000071, 0.9999999999999941158 ) ) ;
#1182 = CARTESIAN_POINT ( 'NONE',  ( 11.70000000000000107, -15.80000000000000071, 2.000000000000000000 ) ) ;
#1183 = CARTESIAN_POINT ( 'NONE',  ( 12.49999999999996980, 4.599999999999999645, 1.450000000000031486 ) ) ;
#1184 = VERTEX_POINT ( 'NONE', #770 ) ;
#1185 = VECTOR ( 'NONE', #498, 1000.000000000000000 ) ;
#1186 = VECTOR ( 'NONE', #1137, 1000.000000000000000 ) ;
#1187 = CIRCLE ( 'NONE', #671, 1.050000000000000488 ) ;
#1188 = CARTESIAN_POINT ( 'NONE',  ( -3.499999999999999556, 16.60000000000000142, 0.5500000000000034861 ) ) ;
#1189 = ORIENTED_EDGE ( 'NONE', *, *, #1947, .T. ) ;
#1190 = VECTOR ( 'NONE', #1997, 1000.000000000000000 ) ;
#1191 = DIRECTION ( 'NONE',  ( -1.000000000000000000, 0.000000000000000000, 0.000000000000000000 ) ) ;
#1192 = ORIENTED_EDGE ( 'NONE', *, *, #376, .F. ) ;
#1193 = ADVANCED_FACE ( 'NONE', ( #406 ), #76, .F. ) ;
#1194 = CARTESIAN_POINT ( 'NONE',  ( -9.430000000000054783, 9.939999999999983515, 2.000000000000000000 ) ) ;
#1195 = DIRECTION ( 'NONE',  ( 1.000000000000000000, 0.000000000000000000, -0.000000000000000000 ) ) ;
#1196 = AXIS2_PLACEMENT_3D ( 'NONE', #62, #1172, #1664 ) ;
#1197 = DIRECTION ( 'NONE',  ( -1.000000000000000000, 0.000000000000000000, 0.000000000000000000 ) ) ;
#1198 = EDGE_CURVE ( 'NONE', #2085, #373, #1309, .T. ) ;
#1199 = PLANE ( 'NONE',  #400 ) ;
#1200 = DIRECTION ( 'NONE',  ( -1.000000000000000000, 0.000000000000000000, 0.000000000000000000 ) ) ;
#1201 = ADVANCED_FACE ( 'NONE', ( #2148 ), #205, .T. ) ;
#1202 = VERTEX_POINT ( 'NONE', #2005 ) ;
#1203 = ORIENTED_EDGE ( 'NONE', *, *, #1558, .F. ) ;
#1204 = ORIENTED_EDGE ( 'NONE', *, *, #1235, .F. ) ;
#1205 = EDGE_LOOP ( 'NONE', ( #1173, #311 ) ) ;
#1206 = CARTESIAN_POINT ( 'NONE',  ( -12.95000000000000107, 17.60623058987490808, 0.9999999999999967804 ) ) ;
#1207 = EDGE_LOOP ( 'NONE', ( #474, #1909, #1528, #2155 ) ) ;
#1208 = DIRECTION ( 'NONE',  ( -0.7071067811865567876, 0.000000000000000000, -0.7071067811865383579 ) ) ;
#1209 = ORIENTED_EDGE ( 'NONE', *, *, #535, .T. ) ;
#1210 = CARTESIAN_POINT ( 'NONE',  ( 11.70000000000000107, 16.60000000000000142, 2.000000000000000000 ) ) ;
#1211 = CARTESIAN_POINT ( 'NONE',  ( -9.430000000000001492, 15.01999999999998359, 2.000000000000000000 ) ) ;
#1212 = CARTESIAN_POINT ( 'NONE',  ( -11.97000000000002728, 12.48000000000000043, 2.000000000000000000 ) ) ;
#1213 = CARTESIAN_POINT ( 'NONE',  ( 3.500000000000000444, 17.04999999999999716, 0.000000000000000000 ) ) ;
#1214 = ORIENTED_EDGE ( 'NONE', *, *, #2279, .T. ) ;
#1215 = EDGE_CURVE ( 'NONE', #2014, #1638, #791, .T. ) ;
#1216 = ORIENTED_EDGE ( 'NONE', *, *, #1576, .T. ) ;
#1217 = ORIENTED_EDGE ( 'NONE', *, *, #950, .T. ) ;
#1218 = CARTESIAN_POINT ( 'NONE',  ( 0.000000000000000000, 0.000000000000000000, 0.000000000000000000 ) ) ;
#1219 = DIRECTION ( 'NONE',  ( 0.000000000000000000, 0.000000000000000000, -1.000000000000000000 ) ) ;
#1220 = FACE_OUTER_BOUND ( 'NONE', #1679, .T. ) ;
#1221 = DIRECTION ( 'NONE',  ( 0.000000000000000000, 0.000000000000000000, -1.000000000000000000 ) ) ;
#1222 = ORIENTED_EDGE ( 'NONE', *, *, #1263, .F. ) ;
#1223 = DIRECTION ( 'NONE',  ( 1.000000000000000000, 0.000000000000000000, 0.000000000000000000 ) ) ;
#1224 = EDGE_CURVE ( 'NONE', #2014, #249, #968, .T. ) ;
#1225 = AXIS2_PLACEMENT_3D ( 'NONE', #290, #1886, #1902 ) ;
#1226 = EDGE_CURVE ( 'NONE', #1490, #377, #1975, .T. ) ;
#1227 = LINE ( 'NONE', #1921, #357 ) ;
#1228 = DIRECTION ( 'NONE',  ( 0.000000000000000000, -0.000000000000000000, 1.000000000000000000 ) ) ;
#1229 = DIRECTION ( 'NONE',  ( 0.000000000000000000, 0.000000000000000000, -1.000000000000000000 ) ) ;
#1230 = AXIS2_PLACEMENT_3D ( 'NONE', #899, #210, #1436 ) ;
#1231 = CIRCLE ( 'NONE', #1120, 1.049999999999999822 ) ;
#1232 = DIRECTION ( 'NONE',  ( 0.000000000000000000, -1.000000000000000000, 0.000000000000000000 ) ) ;
#1233 = LINE ( 'NONE', #1793, #655 ) ;
#1234 = ORIENTED_EDGE ( 'NONE', *, *, #123, .F. ) ;
#1235 = EDGE_CURVE ( 'NONE', #460, #1343, #1122, .T. ) ;
#1236 = ORIENTED_EDGE ( 'NONE', *, *, #182, .T. ) ;
#1237 = CARTESIAN_POINT ( 'NONE',  ( -3.499999999999999556, -17.05000000000000071, 0.000000000000000000 ) ) ;
#1238 = CYLINDRICAL_SURFACE ( 'NONE', #285, 1.050000000000000488 ) ;
#1239 = CARTESIAN_POINT ( 'NONE',  ( -11.97000000000002728, 12.48000000000000043, 0.000000000000000000 ) ) ;
#1240 = ORIENTED_EDGE ( 'NONE', *, *, #428, .T. ) ;
#1241 = CARTESIAN_POINT ( 'NONE',  ( -7.330000000000000071, 15.01999999999998359, 2.000000000000000000 ) ) ;
#1242 = SURFACE_SIDE_STYLE ('',( #403 ) ) ;
#1243 = CARTESIAN_POINT ( 'NONE',  ( -12.50000000000000000, -16.60000000000000142, 0.000000000000000000 ) ) ;
#1244 = CARTESIAN_POINT ( 'NONE',  ( -10.92000000000007987, 7.400000000000000355, 0.000000000000000000 ) ) ;
#1245 = VECTOR ( 'NONE', #1349, 1000.000000000000000 ) ;
#1246 = DIRECTION ( 'NONE',  ( -1.000000000000000000, 0.000000000000000000, 0.000000000000000000 ) ) ;
#1247 = CARTESIAN_POINT ( 'NONE',  ( -13.50623058987491021, 17.05000000000000071, 0.9999999999999941158 ) ) ;
#1248 = VERTEX_POINT ( 'NONE', #228 ) ;
#1249 = ADVANCED_FACE ( 'NONE', ( #1669 ), #1815, .T. ) ;
#1250 = LINE ( 'NONE', #569, #2112 ) ;
#1251 = EDGE_LOOP ( 'NONE', ( #1217, #1419, #1867 ) ) ;
#1252 = ORIENTED_EDGE ( 'NONE', *, *, #711, .F. ) ;
#1253 = FACE_BOUND ( 'NONE', #1179, .T. ) ;
#1254 = CARTESIAN_POINT ( 'NONE',  ( -12.50000000000000000, -15.80000000000000071, 2.000000000000000000 ) ) ;
#1255 = AXIS2_PLACEMENT_3D ( 'NONE', #1912, #1720, #1169 ) ;
#1256 = ORIENTED_EDGE ( 'NONE', *, *, #2234, .T. ) ;
#1257 = EDGE_CURVE ( 'NONE', #1049, #1675, #589, .T. ) ;
#1258 = DIRECTION ( 'NONE',  ( -1.000000000000000000, 0.000000000000000000, 0.000000000000000000 ) ) ;
#1259 = LINE ( 'NONE', #1089, #696 ) ;
#1260 = AXIS2_PLACEMENT_3D ( 'NONE', #537, #905, #1604 ) ;
#1261 = ORIENTED_EDGE ( 'NONE', *, *, #1974, .F. ) ;
#1262 = CIRCLE ( 'NONE', #1518, 0.8000000000000003775 ) ;
#1263 = EDGE_CURVE ( 'NONE', #2058, #1941, #600, .T. ) ;
#1264 = LINE ( 'NONE', #2131, #2149 ) ;
#1265 = AXIS2_PLACEMENT_3D ( 'NONE', #553, #1607, #740 ) ;
#1266 = ORIENTED_EDGE ( 'NONE', *, *, #964, .F. ) ;
#1267 = LINE ( 'NONE', #545, #2204 ) ;
#1268 = FACE_OUTER_BOUND ( 'NONE', #1148, .T. ) ;
#1269 = FACE_OUTER_BOUND ( 'NONE', #1207, .T. ) ;
#1270 = LINE ( 'NONE', #1413, #1930 ) ;
#1271 = CARTESIAN_POINT ( 'NONE',  ( -5.840000000000080682, 7.399999999999964828, 2.000000000000000000 ) ) ;
#1272 = EDGE_LOOP ( 'NONE', ( #1858, #344 ) ) ;
#1273 = DIRECTION ( 'NONE',  ( -1.362927481496330792E-15, 0.7071067811865450192, -0.7071067811865501263 ) ) ;
#1274 = EDGE_CURVE ( 'NONE', #1346, #1587, #1637, .T. ) ;
#1275 = DIRECTION ( 'NONE',  ( 0.000000000000000000, 0.000000000000000000, 1.000000000000000000 ) ) ;
#1276 = ORIENTED_EDGE ( 'NONE', *, *, #446, .F. ) ;
#1277 = DIRECTION ( 'NONE',  ( -1.362927481496341047E-15, 0.7071067811865450192, -0.7071067811865501263 ) ) ;
#1278 = CARTESIAN_POINT ( 'NONE',  ( -6.890000000000053859, 9.939999999999963975, 2.000000000000000000 ) ) ;
#1279 = DIRECTION ( 'NONE',  ( -1.000000000000000000, 0.000000000000000000, 0.000000000000000000 ) ) ;
#1280 = EDGE_LOOP ( 'NONE', ( #1428, #1610 ) ) ;
#1281 = DIRECTION ( 'NONE',  ( -1.000000000000000000, 0.000000000000000000, 0.000000000000000000 ) ) ;
#1282 = CIRCLE ( 'NONE', #350, 1.050000000000000488 ) ;
#1283 = CARTESIAN_POINT ( 'NONE',  ( -11.70000000000000107, 15.79999999999999893, 1.800000000000011591 ) ) ;
#1284 = ORIENTED_EDGE ( 'NONE', *, *, #1870, .T. ) ;
#1285 = CARTESIAN_POINT ( 'NONE',  ( -5.840000000000027391, 12.47999999999996490, 2.000000000000000000 ) ) ;
#1286 = VERTEX_POINT ( 'NONE', #2180 ) ;
#1287 = ADVANCED_FACE ( 'NONE', ( #45 ), #759, .F. ) ;
#1288 = LINE ( 'NONE', #751, #2185 ) ;
#1289 = EDGE_CURVE ( 'NONE', #1343, #1711, #68, .T. ) ;
#1290 = AXIS2_PLACEMENT_3D ( 'NONE', #458, #1388, #130 ) ;
#1291 = DIRECTION ( 'NONE',  ( 0.000000000000000000, -0.000000000000000000, 1.000000000000000000 ) ) ;
#1292 = DIRECTION ( 'NONE',  ( -1.000000000000000000, 0.000000000000000000, 0.000000000000000000 ) ) ;
#1293 = VECTOR ( 'NONE', #686, 1000.000000000000000 ) ;
#1294 = VECTOR ( 'NONE', #129, 1000.000000000000000 ) ;
#1295 = DIRECTION ( 'NONE',  ( 0.000000000000000000, -0.7071067811865450192, -0.7071067811865501263 ) ) ;
#1296 = LINE ( 'NONE', #75, #2223 ) ;
#1297 = AXIS2_PLACEMENT_3D ( 'NONE', #187, #704, #728 ) ;
#1298 = AXIS2_PLACEMENT_3D ( 'NONE', #2013, #1833, #599 ) ;
#1299 = DIRECTION ( 'NONE',  ( -0.7071067811865482389, 0.000000000000000000, -0.7071067811865469066 ) ) ;
#1300 = DIRECTION ( 'NONE',  ( -0.000000000000000000, -0.000000000000000000, -1.000000000000000000 ) ) ;
#1301 = LINE ( 'NONE', #2213, #1406 ) ;
#1302 = EDGE_CURVE ( 'NONE', #2058, #283, #247, .T. ) ;
#1303 = LINE ( 'NONE', #1465, #1554 ) ;
#1304 = CARTESIAN_POINT ( 'NONE',  ( -5.840000000000053149, 9.939999999999963975, 0.000000000000000000 ) ) ;
#1305 = EDGE_LOOP ( 'NONE', ( #110, #2071, #987, #1743 ) ) ;
#1306 = PLANE ( 'NONE',  #2070 ) ;
#1307 = DIRECTION ( 'NONE',  ( -0.000000000000000000, -0.000000000000000000, -1.000000000000000000 ) ) ;
#1308 = ORIENTED_EDGE ( 'NONE', *, *, #915, .F. ) ;
#1309 = LINE ( 'NONE', #391, #934 ) ;
#1310 = ORIENTED_EDGE ( 'NONE', *, *, #1727, .T. ) ;
#1311 = EDGE_CURVE ( 'NONE', #1651, #2021, #1504, .T. ) ;
#1312 = DIRECTION ( 'NONE',  ( -0.7071067811865482389, 0.000000000000000000, -0.7071067811865469066 ) ) ;
#1313 = DIRECTION ( 'NONE',  ( -1.000000000000000000, 0.000000000000000000, 0.000000000000000000 ) ) ;
#1314 = ORIENTED_EDGE ( 'NONE', *, *, #1224, .F. ) ;
#1315 = DIRECTION ( 'NONE',  ( -1.000000000000000000, 0.000000000000000000, 0.000000000000000000 ) ) ;
#1316 = CARTESIAN_POINT ( 'NONE',  ( -7.330000000000053362, 9.939999999999983515, 2.000000000000000000 ) ) ;
#1317 = ADVANCED_FACE ( 'NONE', ( #642 ), #2199, .T. ) ;
#1318 = ORIENTED_EDGE ( 'NONE', *, *, #1542, .T. ) ;
#1319 = AXIS2_PLACEMENT_3D ( 'NONE', #1304, #1848, #1292 ) ;
#1320 = ORIENTED_EDGE ( 'NONE', *, *, #1946, .F. ) ;
#1321 = CARTESIAN_POINT ( 'NONE',  ( -12.94999999999999929, -4.600000000000000533, 0.000000000000000000 ) ) ;
#1322 = ORIENTED_EDGE ( 'NONE', *, *, #1668, .T. ) ;
#1323 = CARTESIAN_POINT ( 'NONE',  ( -12.50000000000000178, 7.600000000000000533, 0.000000000000000000 ) ) ;
#1324 = LINE ( 'NONE', #417, #352 ) ;
#1325 = AXIS2_PLACEMENT_3D ( 'NONE', #206, #1804, #1443 ) ;
#1326 = ADVANCED_FACE ( 'NONE', ( #459, #1356, #843 ), #1175, .F. ) ;
#1327 = DIRECTION ( 'NONE',  ( -0.7071067811865536790, 0.000000000000000000, 0.7071067811865414665 ) ) ;
#1328 = LINE ( 'NONE', #2198, #592 ) ;
#1329 = VERTEX_POINT ( 'NONE', #1188 ) ;
#1330 = EDGE_CURVE ( 'NONE', #1756, #100, #1082, .T. ) ;
#1331 = AXIS2_PLACEMENT_3D ( 'NONE', #1218, #1228, #1757 ) ;
#1332 = ORIENTED_EDGE ( 'NONE', *, *, #2137, .T. ) ;
#1333 = AXIS2_PLACEMENT_3D ( 'NONE', #520, #1364, #496 ) ;
#1334 = DIRECTION ( 'NONE',  ( 0.000000000000000000, 0.000000000000000000, -1.000000000000000000 ) ) ;
#1335 = DIRECTION ( 'NONE',  ( -0.000000000000000000, -0.000000000000000000, 1.000000000000000000 ) ) ;
#1336 = ORIENTED_EDGE ( 'NONE', *, *, #882, .T. ) ;
#1337 = CARTESIAN_POINT ( 'NONE',  ( 5.500000000000001776, -16.60000000000001563, 0.5500000000000183631 ) ) ;
#1338 = PLANE ( 'NONE',  #1650 ) ;
#1339 = FACE_OUTER_BOUND ( 'NONE', #1109, .T. ) ;
#1340 = SURFACE_SIDE_STYLE ('',( #444 ) ) ;
#1341 = ORIENTED_EDGE ( 'NONE', *, *, #1394, .T. ) ;
#1342 = EDGE_CURVE ( 'NONE', #767, #603, #1371, .T. ) ;
#1343 = VERTEX_POINT ( 'NONE', #612 ) ;
#1344 = DIRECTION ( 'NONE',  ( 0.000000000000000000, 0.000000000000000000, -1.000000000000000000 ) ) ;
#1345 = DIRECTION ( 'NONE',  ( 0.000000000000000000, 0.000000000000000000, -1.000000000000000000 ) ) ;
#1346 = VERTEX_POINT ( 'NONE', #1705 ) ;
#1347 = EDGE_LOOP ( 'NONE', ( #1687, #199, #1732 ) ) ;
#1348 = FACE_OUTER_BOUND ( 'NONE', #1729, .T. ) ;
#1349 = DIRECTION ( 'NONE',  ( -0.000000000000000000, -0.000000000000000000, 1.000000000000000000 ) ) ;
#1350 = DIRECTION ( 'NONE',  ( -1.000000000000000000, 0.000000000000000000, 0.000000000000000000 ) ) ;
#1351 = CARTESIAN_POINT ( 'NONE',  ( -5.500000000000000000, 16.59999999999999787, 0.5500000000000000444 ) ) ;
#1352 = CARTESIAN_POINT ( 'NONE',  ( 3.499999999999999556, 16.60000000000001563, 0.5500000000000163647 ) ) ;
#1353 = ORIENTED_EDGE ( 'NONE', *, *, #1916, .F. ) ;
#1354 = ADVANCED_FACE ( 'NONE', ( #1543 ), #663, .F. ) ;
#1355 = ORIENTED_EDGE ( 'NONE', *, *, #1956, .T. ) ;
#1356 = FACE_BOUND ( 'NONE', #1532, .T. ) ;
#1357 = PRESENTATION_LAYER_ASSIGNMENT (  '', '', ( #2097 ) ) ;
#1358 = ORIENTED_EDGE ( 'NONE', *, *, #825, .T. ) ;
#1359 = ORIENTED_EDGE ( 'NONE', *, *, #757, .T. ) ;
#1360 = EDGE_CURVE ( 'NONE', #607, #127, #1895, .T. ) ;
#1361 = CYLINDRICAL_SURFACE ( 'NONE', #434, 1.050000000000000488 ) ;
#1362 = CARTESIAN_POINT ( 'NONE',  ( -12.49999999999999822, -15.80000000000000071, 1.800000000000011591 ) ) ;
#1363 = CYLINDRICAL_SURFACE ( 'NONE', #66, 0.8000000000000003775 ) ;
#1364 = DIRECTION ( 'NONE',  ( 0.000000000000000000, 0.000000000000000000, -1.000000000000000000 ) ) ;
#1365 = AXIS2_PLACEMENT_3D ( 'NONE', #938, #77, #229 ) ;
#1366 = ORIENTED_EDGE ( 'NONE', *, *, #1841, .F. ) ;
#1367 = EDGE_LOOP ( 'NONE', ( #977, #1893, #2282, #1514 ) ) ;
#1368 = CIRCLE ( 'NONE', #1778, 1.050000000000000488 ) ;
#1369 = AXIS2_PLACEMENT_3D ( 'NONE', #929, #1291, #1112 ) ;
#1370 = EDGE_LOOP ( 'NONE', ( #471, #302 ) ) ;
#1371 = CIRCLE ( 'NONE', #366, 1.050000000000000488 ) ;
#1372 = CARTESIAN_POINT ( 'NONE',  ( -5.840000000000080682, 7.399999999999964828, 2.000000000000000000 ) ) ;
#1373 = EDGE_LOOP ( 'NONE', ( #1017, #1552, #313 ) ) ;
#1374 = VECTOR ( 'NONE', #652, 1000.000000000000000 ) ;
#1375 = ORIENTED_EDGE ( 'NONE', *, *, #1942, .T. ) ;
#1376 = DIRECTION ( 'NONE',  ( -1.000000000000000000, 0.000000000000000000, 0.000000000000000000 ) ) ;
#1377 = DIRECTION ( 'NONE',  ( -1.000000000000000000, 0.000000000000000000, 0.000000000000000000 ) ) ;
#1378 = AXIS2_PLACEMENT_3D ( 'NONE', #365, #1083, #192 ) ;
#1379 = ADVANCED_FACE ( 'NONE', ( #126 ), #828, .F. ) ;
#1380 = DIRECTION ( 'NONE',  ( -1.000000000000000000, 0.000000000000000000, 0.000000000000000000 ) ) ;
#1381 = CARTESIAN_POINT ( 'NONE',  ( -11.69999999999999929, 16.60000000000000142, 1.800000000000011591 ) ) ;
#1382 = EDGE_LOOP ( 'NONE', ( #1178, #225 ) ) ;
#1383 = VERTEX_POINT ( 'NONE', #1856 ) ;
#1384 = FACE_OUTER_BOUND ( 'NONE', #1971, .T. ) ;
#1385 = DIRECTION ( 'NONE',  ( -0.000000000000000000, -1.000000000000000000, -0.000000000000000000 ) ) ;
#1386 = ORIENTED_EDGE ( 'NONE', *, *, #364, .T. ) ;
#1387 = LINE ( 'NONE', #1337, #246 ) ;
#1388 = DIRECTION ( 'NONE',  ( -0.7071067811865470176, 0.000000000000000000, 0.7071067811865480168 ) ) ;
#1389 = CARTESIAN_POINT ( 'NONE',  ( 3.499999999999999556, 16.59999999999999787, 0.5500000000000000444 ) ) ;
#1390 = ADVANCED_FACE ( 'NONE', ( #1531 ), #2060, .F. ) ;
#1391 = LINE ( 'NONE', #1548, #1074 ) ;
#1392 = CARTESIAN_POINT ( 'NONE',  ( -12.50000000000000000, 4.599999999999999645, 0.000000000000000000 ) ) ;
#1393 = ORIENTED_EDGE ( 'NONE', *, *, #994, .F. ) ;
#1394 = EDGE_CURVE ( 'NONE', #1329, #190, #629, .T. ) ;
#1395 = CARTESIAN_POINT ( 'NONE',  ( -9.870000000000025864, 12.48000000000000043, 2.000000000000000000 ) ) ;
#1396 = ORIENTED_EDGE ( 'NONE', *, *, #1487, .T. ) ;
#1397 = PRODUCT ( 'Lid', 'Lid', '', ( #534 ) ) ;
#1398 = ORIENTED_EDGE ( 'NONE', *, *, #953, .F. ) ;
#1399 = FACE_BOUND ( 'NONE', #1790, .T. ) ;
#1400 = PLANE ( 'NONE',  #613 ) ;
#1401 = LINE ( 'NONE', #876, #1041 ) ;
#1402 = CARTESIAN_POINT ( 'NONE',  ( -11.97000000000000064, 15.01999999999999957, 2.000000000000000000 ) ) ;
#1403 = ORIENTED_EDGE ( 'NONE', *, *, #1802, .F. ) ;
#1404 = DIRECTION ( 'NONE',  ( 0.000000000000000000, -0.000000000000000000, 1.000000000000000000 ) ) ;
#1405 = EDGE_CURVE ( 'NONE', #318, #283, #1155, .T. ) ;
#1406 = VECTOR ( 'NONE', #1335, 1000.000000000000000 ) ;
#1407 = VECTOR ( 'NONE', #82, 1000.000000000000000 ) ;
#1408 = EDGE_LOOP ( 'NONE', ( #475, #1123, #756, #638 ) ) ;
#1409 = VECTOR ( 'NONE', #992, 1000.000000000000000 ) ;
#1410 = FACE_OUTER_BOUND ( 'NONE', #2249, .T. ) ;
#1411 = VECTOR ( 'NONE', #216, 1000.000000000000000 ) ;
#1412 = AXIS2_PLACEMENT_3D ( 'NONE', #2164, #1952, #1960 ) ;
#1413 = CARTESIAN_POINT ( 'NONE',  ( -12.50000000000000000, 17.60623058987490808, 1.449999999999996847 ) ) ;
#1414 = CARTESIAN_POINT ( 'NONE',  ( -11.69999999999999929, -16.60000000000000142, 1.800000000000011591 ) ) ;
#1415 = ORIENTED_EDGE ( 'NONE', *, *, #52, .F. ) ;
#1416 = DIRECTION ( 'NONE',  ( 1.000000000000000000, 0.000000000000000000, 0.000000000000000000 ) ) ;
#1417 = ORIENTED_EDGE ( 'NONE', *, *, #1471, .F. ) ;
#1418 = DIRECTION ( 'NONE',  ( -0.000000000000000000, -0.000000000000000000, 1.000000000000000000 ) ) ;
#1419 = ORIENTED_EDGE ( 'NONE', *, *, #1802, .T. ) ;
#1420 = FACE_BOUND ( 'NONE', #1205, .T. ) ;
#1421 = DIRECTION ( 'NONE',  ( 0.000000000000000000, 0.000000000000000000, -1.000000000000000000 ) ) ;
#1422 = LINE ( 'NONE', #2153, #253 ) ;
#1423 = ORIENTED_EDGE ( 'NONE', *, *, #1226, .F. ) ;
#1424 = DIRECTION ( 'NONE',  ( -1.000000000000000000, 0.000000000000000000, 0.000000000000000000 ) ) ;
#1425 = ORIENTED_EDGE ( 'NONE', *, *, #640, .T. ) ;
#1426 =( NAMED_UNIT ( * ) PLANE_ANGLE_UNIT ( ) SI_UNIT ( $, .RADIAN. ) );
#1427 = EDGE_CURVE ( 'NONE', #2132, #627, #151, .T. ) ;
#1428 = ORIENTED_EDGE ( 'NONE', *, *, #594, .T. ) ;
#1429 = LINE ( 'NONE', #2136, #1190 ) ;
#1430 = ADVANCED_FACE ( 'NONE', ( #1165 ), #2040, .F. ) ;
#1431 = VECTOR ( 'NONE', #1195, 1000.000000000000000 ) ;
#1432 = CYLINDRICAL_SURFACE ( 'NONE', #1741, 1.050000000000000488 ) ;
#1433 = CARTESIAN_POINT ( 'NONE',  ( -12.50000000000000178, 7.600000000000000533, 1.449999999999995071 ) ) ;
#1434 = ORIENTED_EDGE ( 'NONE', *, *, #2283, .T. ) ;
#1435 = ORIENTED_EDGE ( 'NONE', *, *, #1730, .F. ) ;
#1436 = DIRECTION ( 'NONE',  ( -1.000000000000000000, 0.000000000000000000, 0.000000000000000000 ) ) ;
#1437 = VERTEX_POINT ( 'NONE', #1866 ) ;
#1438 = FILL_AREA_STYLE ('',( #2122 ) ) ;
#1439 = AXIS2_PLACEMENT_3D ( 'NONE', #1036, #1404, #1223 ) ;
#1440 = CARTESIAN_POINT ( 'NONE',  ( 3.499999999999999556, 17.04999999999999716, 0.9999999999999895639 ) ) ;
#1441 = CIRCLE ( 'NONE', #963, 1.050000000000000488 ) ;
#1442 = CARTESIAN_POINT ( 'NONE',  ( -9.430000000000026361, 12.47999999999998266, 2.000000000000000000 ) ) ;
#1443 = DIRECTION ( 'NONE',  ( 0.000000000000000000, 0.000000000000000000, 1.000000000000000000 ) ) ;
#1444 = AXIS2_PLACEMENT_3D ( 'NONE', #1923, #1064, #1053 ) ;
#1445 = EDGE_CURVE ( 'NONE', #2140, #2014, #1493, .T. ) ;
#1446 = CARTESIAN_POINT ( 'NONE',  ( -12.30000000000000959, -15.80000000000000071, 2.000000000000000000 ) ) ;
#1447 = CARTESIAN_POINT ( 'NONE',  ( -11.69999999999999929, -16.40000000000000924, 2.000000000000000000 ) ) ;
#1448 = ORIENTED_EDGE ( 'NONE', *, *, #1527, .T. ) ;
#1449 = ORIENTED_EDGE ( 'NONE', *, *, #1868, .F. ) ;
#1450 = VECTOR ( 'NONE', #1273, 1000.000000000000114 ) ;
#1451 = DIRECTION ( 'NONE',  ( 0.000000000000000000, 0.000000000000000000, -1.000000000000000000 ) ) ;
#1452 =( NAMED_UNIT ( * ) SI_UNIT ( $, .STERADIAN. ) SOLID_ANGLE_UNIT ( ) );
#1453 = ORIENTED_EDGE ( 'NONE', *, *, #105, .T. ) ;
#1454 = CARTESIAN_POINT ( 'NONE',  ( 12.50000000000005151, -7.600000000000000533, 0.000000000000000000 ) ) ;
#1455 = PLANE ( 'NONE',  #32 ) ;
#1456 = FACE_OUTER_BOUND ( 'NONE', #1093, .T. ) ;
#1457 = ORIENTED_EDGE ( 'NONE', *, *, #1065, .F. ) ;
#1458 = CARTESIAN_POINT ( 'NONE',  ( -7.330000000000025828, 12.47999999999998266, 2.000000000000000000 ) ) ;
#1459 = DIRECTION ( 'NONE',  ( -0.000000000000000000, -0.000000000000000000, -1.000000000000000000 ) ) ;
#1460 = EDGE_CURVE ( 'NONE', #563, #214, #2226, .T. ) ;
#1461 = ORIENTED_EDGE ( 'NONE', *, *, #792, .T. ) ;
#1462 = ADVANCED_FACE ( 'NONE', ( #29 ), #18, .T. ) ;
#1463 = CARTESIAN_POINT ( 'NONE',  ( 12.95000000000000107, 4.599999999999999645, 0.000000000000000000 ) ) ;
#1464 = PLANE ( 'NONE',  #550 ) ;
#1465 = CARTESIAN_POINT ( 'NONE',  ( -13.50623058987491021, -16.59999999999999787, 0.5500000000000000444 ) ) ;
#1466 = CARTESIAN_POINT ( 'NONE',  ( 5.500000000000001776, 16.60000000000000142, 0.000000000000000000 ) ) ;
#1467 = ORIENTED_EDGE ( 'NONE', *, *, #2006, .F. ) ;
#1468 = CARTESIAN_POINT ( 'NONE',  ( 11.70000000000000107, -15.80000000000000071, 0.000000000000000000 ) ) ;
#1469 = VECTOR ( 'NONE', #20, 1000.000000000000000 ) ;
#1470 = DIRECTION ( 'NONE',  ( -1.000000000000000000, 0.000000000000000000, 0.000000000000000000 ) ) ;
#1471 = EDGE_CURVE ( 'NONE', #1954, #1202, #1118, .T. ) ;
#1472 = CARTESIAN_POINT ( 'NONE',  ( -12.50000000000000000, 4.599999999999999645, 1.449999999999997735 ) ) ;
#1473 = ORIENTED_EDGE ( 'NONE', *, *, #1445, .T. ) ;
#1474 = DIRECTION ( 'NONE',  ( -0.000000000000000000, -0.000000000000000000, 1.000000000000000000 ) ) ;
#1475 = AXIS2_PLACEMENT_3D ( 'NONE', #2116, #871, #2265 ) ;
#1476 = DIRECTION ( 'NONE',  ( 1.000000000000000000, 0.000000000000000000, 0.000000000000000000 ) ) ;
#1477 = LINE ( 'NONE', #941, #1583 ) ;
#1478 = VECTOR ( 'NONE', #7, 1000.000000000000000 ) ;
#1479 = CONICAL_SURFACE ( 'NONE', #1660, 0.6000000000000067502, 0.7853981633974606025 ) ;
#1480 = LINE ( 'NONE', #74, #1407 ) ;
#1481 = DIRECTION ( 'NONE',  ( 0.000000000000000000, 0.7071067811865540120, -0.7071067811865410224 ) ) ;
#1482 = CIRCLE ( 'NONE', #1004, 1.049999999999999822 ) ;
#1483 = VECTOR ( 'NONE', #1492, 1000.000000000000000 ) ;
#1484 = EDGE_CURVE ( 'NONE', #976, #811, #1821, .T. ) ;
#1485 = CYLINDRICAL_SURFACE ( 'NONE', #1557, 1.050000000000000488 ) ;
#1486 = ORIENTED_EDGE ( 'NONE', *, *, #915, .T. ) ;
#1487 = EDGE_CURVE ( 'NONE', #1494, #28, #215, .T. ) ;
#1488 = FACE_OUTER_BOUND ( 'NONE', #2233, .T. ) ;
#1489 = FACE_OUTER_BOUND ( 'NONE', #1567, .T. ) ;
#1490 = VERTEX_POINT ( 'NONE', #1774 ) ;
#1491 = LINE ( 'NONE', #951, #361 ) ;
#1492 = DIRECTION ( 'NONE',  ( -0.000000000000000000, -0.000000000000000000, 1.000000000000000000 ) ) ;
#1493 = LINE ( 'NONE', #988, #1046 ) ;
#1494 = VERTEX_POINT ( 'NONE', #1620 ) ;
#1495 = ORIENTED_EDGE ( 'NONE', *, *, #682, .F. ) ;
#1496 = FACE_OUTER_BOUND ( 'NONE', #1879, .T. ) ;
#1497 = CARTESIAN_POINT ( 'NONE',  ( 3.500000000000001332, -16.60000000000000142, 0.000000000000000000 ) ) ;
#1498 = EDGE_CURVE ( 'NONE', #2085, #377, #2295, .T. ) ;
#1499 = CARTESIAN_POINT ( 'NONE',  ( -13.50623058987491021, -16.59999999999999787, 1.449999999999999956 ) ) ;
#1500 = CARTESIAN_POINT ( 'NONE',  ( -12.49999999999999467, -7.600000000000000533, 0.000000000000000000 ) ) ;
#1501 = ORIENTED_EDGE ( 'NONE', *, *, #1769, .F. ) ;
#1502 = AXIS2_PLACEMENT_3D ( 'NONE', #1672, #2217, #1377 ) ;
#1503 = ORIENTED_EDGE ( 'NONE', *, *, #527, .T. ) ;
#1504 = LINE ( 'NONE', #1206, #781 ) ;
#1505 = EDGE_LOOP ( 'NONE', ( #512, #1864, #790, #737 ) ) ;
#1506 = CARTESIAN_POINT ( 'NONE',  ( -5.840000000000080682, 7.399999999999964828, 0.000000000000000000 ) ) ;
#1507 = CARTESIAN_POINT ( 'NONE',  ( -8.380000000000025651, 12.47999999999998266, 2.000000000000000000 ) ) ;
#1508 = FACE_OUTER_BOUND ( 'NONE', #852, .T. ) ;
#1509 = VECTOR ( 'NONE', #926, 1000.000000000000000 ) ;
#1510 = ADVANCED_FACE ( 'NONE', ( #10 ), #1788, .F. ) ;
#1511 = PLANE ( 'NONE',  #146 ) ;
#1512 = DIRECTION ( 'NONE',  ( -1.000000000000000000, 0.000000000000000000, 0.000000000000000000 ) ) ;
#1513 = EDGE_LOOP ( 'NONE', ( #2238, #1520, #1619, #898 ) ) ;
#1514 = ORIENTED_EDGE ( 'NONE', *, *, #392, .F. ) ;
#1515 = AXIS2_PLACEMENT_3D ( 'NONE', #1323, #230, #1639 ) ;
#1516 = AXIS2_PLACEMENT_3D ( 'NONE', #375, #1105, #1091 ) ;
#1517 = ORIENTED_EDGE ( 'NONE', *, *, #1302, .F. ) ;
#1518 = AXIS2_PLACEMENT_3D ( 'NONE', #1283, #710, #1416 ) ;
#1519 = DIRECTION ( 'NONE',  ( 0.000000000000000000, -1.000000000000000000, 0.000000000000000000 ) ) ;
#1520 = ORIENTED_EDGE ( 'NONE', *, *, #1108, .F. ) ;
#1521 = ORIENTED_EDGE ( 'NONE', *, *, #1602, .F. ) ;
#1522 = CARTESIAN_POINT ( 'NONE',  ( 5.500000000000001776, 16.59999999999999787, 0.5500000000000000444 ) ) ;
#1523 = DIRECTION ( 'NONE',  ( 0.000000000000000000, -0.000000000000000000, -1.000000000000000000 ) ) ;
#1524 = CARTESIAN_POINT ( 'NONE',  ( -12.95000000000000107, 4.599999999999999645, 0.9999999999999967804 ) ) ;
#1525 = FACE_BOUND ( 'NONE', #88, .T. ) ;
#1526 = LINE ( 'NONE', #8, #1084 ) ;
#1527 = EDGE_CURVE ( 'NONE', #1579, #869, #1250, .T. ) ;
#1528 = ORIENTED_EDGE ( 'NONE', *, *, #551, .F. ) ;
#1529 = EDGE_CURVE ( 'NONE', #842, #2041, #2037, .T. ) ;
#1530 = EDGE_CURVE ( 'NONE', #1121, #1135, #201, .T. ) ;
#1531 = FACE_OUTER_BOUND ( 'NONE', #1690, .T. ) ;
#1532 = EDGE_LOOP ( 'NONE', ( #2174, #1234, #1684, #162 ) ) ;
#1533 = ORIENTED_EDGE ( 'NONE', *, *, #535, .F. ) ;
#1534 = DIRECTION ( 'NONE',  ( 0.7071067811865483499, 0.000000000000000000, -0.7071067811865467956 ) ) ;
#1535 = DIRECTION ( 'NONE',  ( 0.000000000000000000, -1.000000000000000000, 0.000000000000000000 ) ) ;
#1536 = CARTESIAN_POINT ( 'NONE',  ( -9.430000000000026361, 12.47999999999998266, 0.000000000000000000 ) ) ;
#1537 = DIRECTION ( 'NONE',  ( 1.000000000000000000, 0.000000000000000000, 0.000000000000000000 ) ) ;
#1538 = ORIENTED_EDGE ( 'NONE', *, *, #1727, .F. ) ;
#1539 = CIRCLE ( 'NONE', #57, 0.8000000000000003775 ) ;
#1540 = ORIENTED_EDGE ( 'NONE', *, *, #1257, .F. ) ;
#1541 = ORIENTED_EDGE ( 'NONE', *, *, #1942, .F. ) ;
#1542 = EDGE_CURVE ( 'NONE', #1049, #603, #1264, .T. ) ;
#1543 = FACE_OUTER_BOUND ( 'NONE', #1905, .T. ) ;
#1544 = ORIENTED_EDGE ( 'NONE', *, *, #309, .T. ) ;
#1545 = VERTEX_POINT ( 'NONE', #398 ) ;
#1546 = CARTESIAN_POINT ( 'NONE',  ( -8.380000000000054072, 9.939999999999983515, 0.000000000000000000 ) ) ;
#1547 = DIRECTION ( 'NONE',  ( -0.000000000000000000, 0.000000000000000000, -1.000000000000000000 ) ) ;
#1548 = CARTESIAN_POINT ( 'NONE',  ( 12.50000000000000000, -7.599999999999998757, 1.449999999999999956 ) ) ;
#1549 = DIRECTION ( 'NONE',  ( 0.000000000000000000, 0.7071067811865540120, 0.7071067811865410224 ) ) ;
#1550 = VECTOR ( 'NONE', #729, 1000.000000000000000 ) ;
#1551 = EDGE_LOOP ( 'NONE', ( #1794, #139, #1944, #142 ) ) ;
#1552 = ORIENTED_EDGE ( 'NONE', *, *, #682, .T. ) ;
#1553 = AXIS2_PLACEMENT_3D ( 'NONE', #1468, #796, #2012 ) ;
#1554 = VECTOR ( 'NONE', #2007, 1000.000000000000000 ) ;
#1555 = VERTEX_POINT ( 'NONE', #933 ) ;
#1556 = VERTEX_POINT ( 'NONE', #1994 ) ;
#1557 = AXIS2_PLACEMENT_3D ( 'NONE', #783, #2168, #422 ) ;
#1558 = EDGE_CURVE ( 'NONE', #127, #2253, #2157, .T. ) ;
#1559 = CIRCLE ( 'NONE', #1412, 0.8000000000000003775 ) ;
#1560 = LINE ( 'NONE', #1243, #2212 ) ;
#1561 = VERTEX_POINT ( 'NONE', #1981 ) ;
#1562 = CARTESIAN_POINT ( 'NONE',  ( -9.870000000000054285, 9.940000000000001279, 2.000000000000000000 ) ) ;
#1563 = LINE ( 'NONE', #1181, #507 ) ;
#1564 = CIRCLE ( 'NONE', #2264, 1.050000000000000488 ) ;
#1565 = FACE_BOUND ( 'NONE', #1980, .T. ) ;
#1566 = DIRECTION ( 'NONE',  ( -0.000000000000000000, 0.000000000000000000, -1.000000000000000000 ) ) ;
#1567 = EDGE_LOOP ( 'NONE', ( #2273, #296, #1920, #1449 ) ) ;
#1568 = PLANE ( 'NONE',  #178 ) ;
#1569 = CARTESIAN_POINT ( 'NONE',  ( -8.380000000000054072, 9.939999999999983515, 2.000000000000000000 ) ) ;
#1570 = ORIENTED_EDGE ( 'NONE', *, *, #92, .F. ) ;
#1571 = DIRECTION ( 'NONE',  ( -1.000000000000000000, 0.000000000000000000, 0.000000000000000000 ) ) ;
#1572 = ORIENTED_EDGE ( 'NONE', *, *, #202, .T. ) ;
#1573 = ADVANCED_FACE ( 'NONE', ( #758 ), #42, .F. ) ;
#1574 = DIRECTION ( 'NONE',  ( 0.000000000000000000, 0.000000000000000000, -1.000000000000000000 ) ) ;
#1575 = DIRECTION ( 'NONE',  ( -1.000000000000000000, -1.927470528863123289E-15, 0.000000000000000000 ) ) ;
#1576 = EDGE_CURVE ( 'NONE', #22, #460, #1559, .T. ) ;
#1577 = CARTESIAN_POINT ( 'NONE',  ( -5.500000000000000000, -16.60000000000000497, 0.5500000000000077049 ) ) ;
#1578 = DIRECTION ( 'NONE',  ( -1.000000000000000000, 0.000000000000000000, 0.000000000000000000 ) ) ;
#1579 = VERTEX_POINT ( 'NONE', #577 ) ;
#1580 = DIRECTION ( 'NONE',  ( -1.000000000000000000, 0.000000000000000000, 0.000000000000000000 ) ) ;
#1581 = CARTESIAN_POINT ( 'NONE',  ( 12.49999999999995026, 7.600000000000000533, 0.000000000000000000 ) ) ;
#1582 = ORIENTED_EDGE ( 'NONE', *, *, #123, .T. ) ;
#1583 = VECTOR ( 'NONE', #2184, 1000.000000000000114 ) ;
#1584 = DIRECTION ( 'NONE',  ( -1.000000000000000000, 0.000000000000000000, 0.000000000000000000 ) ) ;
#1585 = CARTESIAN_POINT ( 'NONE',  ( -5.500000000000000000, 16.60000000000000497, 0.5500000000000077049 ) ) ;
#1586 = DIRECTION ( 'NONE',  ( -0.000000000000000000, -0.000000000000000000, 1.000000000000000000 ) ) ;
#1587 = VERTEX_POINT ( 'NONE', #1589 ) ;
#1588 = EDGE_CURVE ( 'NONE', #1869, #1814, #1262, .T. ) ;
#1589 = CARTESIAN_POINT ( 'NONE',  ( 12.50000000000000000, 4.599999999999999645, 0.5500000000000000444 ) ) ;
#1590 = CARTESIAN_POINT ( 'NONE',  ( 12.30000000000000959, -15.80000000000000071, 2.000000000000000000 ) ) ;
#1591 = CIRCLE ( 'NONE', #399, 1.050000000000000488 ) ;
#1592 = ORIENTED_EDGE ( 'NONE', *, *, #1085, .F. ) ;
#1593 = AXIS2_PLACEMENT_3D ( 'NONE', #1546, #818, #1376 ) ;
#1594 = DIRECTION ( 'NONE',  ( -1.000000000000000000, 0.000000000000000000, 0.000000000000000000 ) ) ;
#1595 = VECTOR ( 'NONE', #1656, 1000.000000000000114 ) ;
#1596 = VECTOR ( 'NONE', #1537, 1000.000000000000000 ) ;
#1597 = DIRECTION ( 'NONE',  ( 1.362927481496348147E-15, -0.7071067811865540120, -0.7071067811865410224 ) ) ;
#1598 = CARTESIAN_POINT ( 'NONE',  ( -13.50623058987491021, -17.05000000000000071, 0.9999999999999941158 ) ) ;
#1599 = DIRECTION ( 'NONE',  ( 0.000000000000000000, 0.7071067811865540120, -0.7071067811865410224 ) ) ;
#1600 = EDGE_CURVE ( 'NONE', #1561, #476, #1070, .T. ) ;
#1601 = ORIENTED_EDGE ( 'NONE', *, *, #1289, .F. ) ;
#1602 = EDGE_CURVE ( 'NONE', #563, #622, #935, .T. ) ;
#1603 = EDGE_CURVE ( 'NONE', #2076, #1814, #621, .T. ) ;
#1604 = DIRECTION ( 'NONE',  ( -1.000000000000000000, 0.000000000000000000, 0.000000000000000000 ) ) ;
#1605 = FACE_OUTER_BOUND ( 'NONE', #1367, .T. ) ;
#1606 = DIRECTION ( 'NONE',  ( -0.000000000000000000, -0.000000000000000000, -1.000000000000000000 ) ) ;
#1607 = DIRECTION ( 'NONE',  ( 0.000000000000000000, 0.000000000000000000, -1.000000000000000000 ) ) ;
#1608 = ORIENTED_EDGE ( 'NONE', *, *, #1884, .T. ) ;
#1609 = CARTESIAN_POINT ( 'NONE',  ( -5.840000000000000746, 15.01999999999996582, 2.000000000000000000 ) ) ;
#1610 = ORIENTED_EDGE ( 'NONE', *, *, #1918, .T. ) ;
#1611 = APPLICATION_PROTOCOL_DEFINITION ( 'draft international standard', 'automotive_design', 1998, #3 ) ;
#1612 = EDGE_CURVE ( 'NONE', #526, #1346, #1296, .T. ) ;
#1613 = ORIENTED_EDGE ( 'NONE', *, *, #1226, .T. ) ;
#1614 = PLANE ( 'NONE',  #2032 ) ;
#1615 = DIRECTION ( 'NONE',  ( -0.000000000000000000, -0.000000000000000000, 1.000000000000000000 ) ) ;
#1616 = VERTEX_POINT ( 'NONE', #952 ) ;
#1617 = LINE ( 'NONE', #739, #707 ) ;
#1618 = DIRECTION ( 'NONE',  ( 0.000000000000000000, -0.7071067811865450192, 0.7071067811865501263 ) ) ;
#1619 = ORIENTED_EDGE ( 'NONE', *, *, #387, .T. ) ;
#1620 = CARTESIAN_POINT ( 'NONE',  ( 11.70000000000000107, 16.60000000000000142, 1.800000000000011591 ) ) ;
#1621 = ORIENTED_EDGE ( 'NONE', *, *, #2192, .T. ) ;
#1622 = VECTOR ( 'NONE', #540, 1000.000000000000114 ) ;
#1623 = DIRECTION ( 'NONE',  ( 0.000000000000000000, -0.7071067811865414665, 0.7071067811865536790 ) ) ;
#1624 = FACE_OUTER_BOUND ( 'NONE', #128, .T. ) ;
#1625 = FACE_BOUND ( 'NONE', #2088, .T. ) ;
#1626 = VECTOR ( 'NONE', #326, 1000.000000000000000 ) ;
#1627 = PLANE ( 'NONE',  #1515 ) ;
#1628 = CARTESIAN_POINT ( 'NONE',  ( -12.49999999999999822, -4.599999999999999645, 0.000000000000000000 ) ) ;
#1629 = VECTOR ( 'NONE', #385, 1000.000000000000000 ) ;
#1630 = ADVANCED_FACE ( 'NONE', ( #975 ), #1683, .T. ) ;
#1631 = ORIENTED_EDGE ( 'NONE', *, *, #1982, .T. ) ;
#1632 = AXIS2_PLACEMENT_3D ( 'NONE', #1915, #866, #1578 ) ;
#1633 = CARTESIAN_POINT ( 'NONE',  ( -13.50623058987491021, -16.59999999999999787, 0.5500000000000000444 ) ) ;
#1634 = ORIENTED_EDGE ( 'NONE', *, *, #387, .F. ) ;
#1635 = CYLINDRICAL_SURFACE ( 'NONE', #1927, 1.050000000000000488 ) ;
#1636 = EDGE_LOOP ( 'NONE', ( #448, #971, #418, #2094 ) ) ;
#1637 = LINE ( 'NONE', #1647, #333 ) ;
#1638 = VERTEX_POINT ( 'NONE', #2004 ) ;
#1639 = DIRECTION ( 'NONE',  ( 0.000000000000000000, 0.000000000000000000, -1.000000000000000000 ) ) ;
#1640 = DIRECTION ( 'NONE',  ( 0.7071067811865483499, 0.000000000000000000, -0.7071067811865467956 ) ) ;
#1641 = EDGE_LOOP ( 'NONE', ( #301, #990, #1153 ) ) ;
#1642 = EDGE_LOOP ( 'NONE', ( #500, #1417, #1689, #1204 ) ) ;
#1643 = ADVANCED_FACE ( 'NONE', ( #95 ), #1645, .F. ) ;
#1644 = CARTESIAN_POINT ( 'NONE',  ( -12.49999999999999467, -7.600000000000000533, 0.000000000000000000 ) ) ;
#1645 = PLANE ( 'NONE',  #1298 ) ;
#1646 = ORIENTED_EDGE ( 'NONE', *, *, #1655, .F. ) ;
#1647 = CARTESIAN_POINT ( 'NONE',  ( 12.50000000000000000, 17.60623058987490808, 0.5500000000000000444 ) ) ;
#1648 = CYLINDRICAL_SURFACE ( 'NONE', #1780, 1.050000000000000488 ) ;
#1649 = CARTESIAN_POINT ( 'NONE',  ( 3.500000000000000888, -16.60000000000000142, 1.449999999999997291 ) ) ;
#1650 = AXIS2_PLACEMENT_3D ( 'NONE', #2044, #1708, #1523 ) ;
#1651 = VERTEX_POINT ( 'NONE', #789 ) ;
#1652 = CYLINDRICAL_SURFACE ( 'NONE', #2179, 1.050000000000000488 ) ;
#1653 = AXIS2_PLACEMENT_3D ( 'NONE', #1125, #795, #262 ) ;
#1654 = DIRECTION ( 'NONE',  ( -0.7071067811865483499, 0.000000000000000000, 0.7071067811865467956 ) ) ;
#1655 = EDGE_CURVE ( 'NONE', #892, #2236, #1231, .T. ) ;
#1656 = DIRECTION ( 'NONE',  ( 1.362927481496330792E-15, -0.7071067811865450192, 0.7071067811865501263 ) ) ;
#1657 = CIRCLE ( 'NONE', #1961, 1.050000000000000488 ) ;
#1658 = DIRECTION ( 'NONE',  ( -0.000000000000000000, -0.000000000000000000, -1.000000000000000000 ) ) ;
#1659 = CARTESIAN_POINT ( 'NONE',  ( -4.790000000000053326, 9.939999999999963975, 0.000000000000000000 ) ) ;
#1660 = AXIS2_PLACEMENT_3D ( 'NONE', #957, #1847, #238 ) ;
#1661 = VERTEX_POINT ( 'NONE', #797 ) ;
#1662 = AXIS2_PLACEMENT_3D ( 'NONE', #472, #343, #1688 ) ;
#1663 = CARTESIAN_POINT ( 'NONE',  ( -11.69999999999999929, 16.40000000000000924, 2.000000000000000000 ) ) ;
#1664 = DIRECTION ( 'NONE',  ( 0.7071067811865483499, 0.000000000000000000, -0.7071067811865467956 ) ) ;
#1665 = VECTOR ( 'NONE', #1969, 1000.000000000000000 ) ;
#1666 = EDGE_CURVE ( 'NONE', #1661, #922, #765, .T. ) ;
#1667 = VECTOR ( 'NONE', #1904, 1000.000000000000114 ) ;
#1668 = EDGE_CURVE ( 'NONE', #886, #838, #242, .T. ) ;
#1669 = FACE_OUTER_BOUND ( 'NONE', #1305, .T. ) ;
#1670 = ORIENTED_EDGE ( 'NONE', *, *, #882, .F. ) ;
#1671 = FACE_OUTER_BOUND ( 'NONE', #1875, .T. ) ;
#1672 = CARTESIAN_POINT ( 'NONE',  ( -10.92000000000002657, 12.48000000000000043, 0.000000000000000000 ) ) ;
#1673 = CARTESIAN_POINT ( 'NONE',  ( -11.69999999999999929, 16.60000000000000142, 2.000000000000000000 ) ) ;
#1674 = CARTESIAN_POINT ( 'NONE',  ( -11.69999999999999929, 16.40000000000000924, 2.000000000000000000 ) ) ;
#1675 = VERTEX_POINT ( 'NONE', #1316 ) ;
#1676 = DIRECTION ( 'NONE',  ( -1.000000000000000000, 0.000000000000000000, 0.000000000000000000 ) ) ;
#1677 = EDGE_CURVE ( 'NONE', #43, #1748, #1328, .T. ) ;
#1678 = ORIENTED_EDGE ( 'NONE', *, *, #1666, .F. ) ;
#1679 = EDGE_LOOP ( 'NONE', ( #497, #1396, #170, #1501 ) ) ;
#1680 = LINE ( 'NONE', #1158, #1409 ) ;
#1681 = PLANE ( 'NONE',  #2245 ) ;
#1682 = DIRECTION ( 'NONE',  ( -1.000000000000000000, 0.000000000000000000, 0.000000000000000000 ) ) ;
#1683 = PLANE ( 'NONE',  #1196 ) ;
#1684 = ORIENTED_EDGE ( 'NONE', *, *, #1274, .T. ) ;
#1685 = ORIENTED_EDGE ( 'NONE', *, *, #1603, .F. ) ;
#1686 = CIRCLE ( 'NONE', #768, 1.050000000000000488 ) ;
#1687 = ORIENTED_EDGE ( 'NONE', *, *, #1600, .T. ) ;
#1688 = DIRECTION ( 'NONE',  ( -0.7071067811865483499, 0.000000000000000000, 0.7071067811865467956 ) ) ;
#1689 = ORIENTED_EDGE ( 'NONE', *, *, #1884, .F. ) ;
#1690 = EDGE_LOOP ( 'NONE', ( #154, #773, #991, #1261 ) ) ;
#1691 = EDGE_CURVE ( 'NONE', #260, #1579, #51, .T. ) ;
#1692 = CARTESIAN_POINT ( 'NONE',  ( 12.50000000000000000, -16.60000000000000142, 0.000000000000000000 ) ) ;
#1693 = DIRECTION ( 'NONE',  ( 1.000000000000000000, -1.927470528863138277E-15, 0.000000000000000000 ) ) ;
#1694 = AXIS2_PLACEMENT_3D ( 'NONE', #87, #853, #946 ) ;
#1695 = ADVANCED_FACE ( 'NONE', ( #2046 ), #454, .F. ) ;
#1696 = CARTESIAN_POINT ( 'NONE',  ( -11.70000000000000107, 15.79999999999999893, 2.000000000000000000 ) ) ;
#1697 = CARTESIAN_POINT ( 'NONE',  ( -13.50623058987491021, 16.59999999999999787, 0.5500000000000000444 ) ) ;
#1698 = ADVANCED_FACE ( 'NONE', ( #224 ), #776, .T. ) ;
#1699 = EDGE_LOOP ( 'NONE', ( #1080, #1845 ) ) ;
#1700 = AXIS2_PLACEMENT_3D ( 'NONE', #1989, #1142, #1312 ) ;
#1701 = VECTOR ( 'NONE', #2237, 1000.000000000000000 ) ;
#1702 = ORIENTED_EDGE ( 'NONE', *, *, #1151, .F. ) ;
#1703 = ORIENTED_EDGE ( 'NONE', *, *, #1498, .T. ) ;
#1704 = AXIS2_PLACEMENT_3D ( 'NONE', #278, #2281, #2258 ) ;
#1705 = CARTESIAN_POINT ( 'NONE',  ( 12.49999999999995026, 7.600000000000000533, 0.5499999999999496403 ) ) ;
#1706 = ORIENTED_EDGE ( 'NONE', *, *, #792, .F. ) ;
#1707 = LINE ( 'NONE', #1562, #104 ) ;
#1708 = DIRECTION ( 'NONE',  ( 0.000000000000000000, -1.000000000000000000, 0.000000000000000000 ) ) ;
#1709 = DIRECTION ( 'NONE',  ( -0.7071067811865483499, -0.000000000000000000, 0.7071067811865467956 ) ) ;
#1710 = DIRECTION ( 'NONE',  ( 0.000000000000000000, -1.000000000000000000, 0.000000000000000000 ) ) ;
#1711 = VERTEX_POINT ( 'NONE', #2024 ) ;
#1712 = EDGE_CURVE ( 'NONE', #942, #1638, #1862, .T. ) ;
#1713 = EDGE_LOOP ( 'NONE', ( #1977, #1753, #1106, #877 ) ) ;
#1714 = MANIFOLD_SOLID_BREP ( '切除-拉伸4', #143 ) ;
#1715 = VERTEX_POINT ( 'NONE', #148 ) ;
#1716 = ORIENTED_EDGE ( 'NONE', *, *, #2113, .F. ) ;
#1717 = CARTESIAN_POINT ( 'NONE',  ( -12.50000000000000000, 4.599999999999999645, 1.449999999999996847 ) ) ;
#1718 = ORIENTED_EDGE ( 'NONE', *, *, #1918, .F. ) ;
#1719 = ORIENTED_EDGE ( 'NONE', *, *, #243, .F. ) ;
#1720 = DIRECTION ( 'NONE',  ( 0.000000000000000000, 0.000000000000000000, -1.000000000000000000 ) ) ;
#1721 = DIRECTION ( 'NONE',  ( -1.000000000000000000, 0.000000000000000000, 0.000000000000000000 ) ) ;
#1722 = DIRECTION ( 'NONE',  ( 0.000000000000000000, 0.000000000000000000, -1.000000000000000000 ) ) ;
#1723 = DIRECTION ( 'NONE',  ( -0.000000000000000000, 0.000000000000000000, 1.000000000000000000 ) ) ;
#1724 = CARTESIAN_POINT ( 'NONE',  ( -9.430000000000081428, 7.399999999999982592, 0.000000000000000000 ) ) ;
#1725 = ORIENTED_EDGE ( 'NONE', *, *, #2296, .T. ) ;
#1726 = EDGE_LOOP ( 'NONE', ( #571, #1216, #986, #1012 ) ) ;
#1727 = EDGE_CURVE ( 'NONE', #1881, #249, #430, .T. ) ;
#1728 = AXIS2_PLACEMENT_3D ( 'NONE', #315, #1032, #2091 ) ;
#1729 = EDGE_LOOP ( 'NONE', ( #1276, #1702, #48, #1025 ) ) ;
#1730 = EDGE_CURVE ( 'NONE', #727, #1135, #2115, .T. ) ;
#1731 = EDGE_LOOP ( 'NONE', ( #1353, #138 ) ) ;
#1732 = ORIENTED_EDGE ( 'NONE', *, *, #2079, .F. ) ;
#1733 = CARTESIAN_POINT ( 'NONE',  ( -4.790000000000080860, 7.399999999999964828, 2.000000000000000000 ) ) ;
#1734 = FACE_OUTER_BOUND ( 'NONE', #1776, .T. ) ;
#1735 = CARTESIAN_POINT ( 'NONE',  ( 12.50000000000000000, 16.60000000000000142, 0.000000000000000000 ) ) ;
#1736 = CARTESIAN_POINT ( 'NONE',  ( -11.70000000000000107, 15.79999999999999893, 0.000000000000000000 ) ) ;
#1737 = VECTOR ( 'NONE', #510, 1000.000000000000000 ) ;
#1738 = ORIENTED_EDGE ( 'NONE', *, *, #1612, .T. ) ;
#1739 = AXIS2_PLACEMENT_3D ( 'NONE', #495, #1010, #674 ) ;
#1740 = CARTESIAN_POINT ( 'NONE',  ( -11.97000000000005571, 9.940000000000001279, 0.000000000000000000 ) ) ;
#1741 = AXIS2_PLACEMENT_3D ( 'NONE', #2152, #895, #2280 ) ;
#1742 = ADVANCED_FACE ( 'NONE', ( #467 ), #835, .F. ) ;
#1743 = ORIENTED_EDGE ( 'NONE', *, *, #1906, .T. ) ;
#1744 = AXIS2_PLACEMENT_3D ( 'NONE', #581, #414, #1801 ) ;
#1745 = VECTOR ( 'NONE', #1131, 1000.000000000000000 ) ;
#1746 = EDGE_CURVE ( 'NONE', #811, #976, #37, .T. ) ;
#1747 = CARTESIAN_POINT ( 'NONE',  ( 12.50000000000000000, -15.80000000000000071, 1.800000000000011591 ) ) ;
#1748 = VERTEX_POINT ( 'NONE', #1183 ) ;
#1749 = FACE_BOUND ( 'NONE', #1731, .T. ) ;
#1750 = CARTESIAN_POINT ( 'NONE',  ( -11.69999999999999929, -15.80000000000000071, 0.000000000000000000 ) ) ;
#1751 = DIRECTION ( 'NONE',  ( -1.000000000000000000, 0.000000000000000000, 0.000000000000000000 ) ) ;
#1752 = PLANE ( 'NONE',  #4 ) ;
#1753 = ORIENTED_EDGE ( 'NONE', *, *, #980, .T. ) ;
#1754 = DIRECTION ( 'NONE',  ( -1.927470528863123289E-15, 1.000000000000000000, 0.000000000000000000 ) ) ;
#1755 = DIRECTION ( 'NONE',  ( -1.000000000000000000, 0.000000000000000000, 0.000000000000000000 ) ) ;
#1756 = VERTEX_POINT ( 'NONE', #2056 ) ;
#1757 = DIRECTION ( 'NONE',  ( 1.000000000000000000, 0.000000000000000000, -0.000000000000000000 ) ) ;
#1758 = CARTESIAN_POINT ( 'NONE',  ( -5.500000000000000888, 17.05000000000000071, 0.9999999999999947820 ) ) ;
#1759 = EDGE_CURVE ( 'NONE', #100, #1756, #297, .T. ) ;
#1760 = CARTESIAN_POINT ( 'NONE',  ( -10.92000000000007987, 7.400000000000000355, 2.000000000000000000 ) ) ;
#1761 = CARTESIAN_POINT ( 'NONE',  ( -12.50000000000000000, 15.79999999999999893, 2.000000000000000000 ) ) ;
#1762 = ORIENTED_EDGE ( 'NONE', *, *, #1677, .F. ) ;
#1763 = DIRECTION ( 'NONE',  ( -1.000000000000000000, 0.000000000000000000, 0.000000000000000000 ) ) ;
#1764 = ORIENTED_EDGE ( 'NONE', *, *, #1330, .T. ) ;
#1765 = ORIENTED_EDGE ( 'NONE', *, *, #2009, .T. ) ;
#1766 =( GEOMETRIC_REPRESENTATION_CONTEXT ( 3 ) GLOBAL_UNCERTAINTY_ASSIGNED_CONTEXT ( ( #676 ) ) GLOBAL_UNIT_ASSIGNED_CONTEXT ( ( #1086, #1426, #2134 ) ) REPRESENTATION_CONTEXT ( 'NONE', 'WORKASPACE' ) );
#1767 = CARTESIAN_POINT ( 'NONE',  ( -12.95000000000000107, 4.599999999999999645, 0.000000000000000000 ) ) ;
#1768 = DIRECTION ( 'NONE',  ( 0.000000000000000000, -0.7071067811865501263, 0.7071067811865450192 ) ) ;
#1769 = EDGE_CURVE ( 'NONE', #266, #227, #1823, .T. ) ;
#1770 = CARTESIAN_POINT ( 'NONE',  ( -11.97000000000002728, 12.48000000000000043, 2.000000000000000000 ) ) ;
#1771 = LINE ( 'NONE', #2161, #867 ) ;
#1772 = ADVANCED_FACE ( 'NONE', ( #317 ), #1752, .T. ) ;
#1773 = EDGE_CURVE ( 'NONE', #373, #2177, #996, .T. ) ;
#1774 = CARTESIAN_POINT ( 'NONE',  ( 5.500000000000000888, 17.05000000000000071, 0.9999999999999941158 ) ) ;
#1775 = AXIS2_PLACEMENT_3D ( 'NONE', #1506, #2215, #449 ) ;
#1776 = EDGE_LOOP ( 'NONE', ( #1398, #575, #279, #1115 ) ) ;
#1777 = VECTOR ( 'NONE', #272, 1000.000000000000000 ) ;
#1778 = AXIS2_PLACEMENT_3D ( 'NONE', #2034, #764, #1144 ) ;
#1779 = ORIENTED_EDGE ( 'NONE', *, *, #1854, .F. ) ;
#1780 = AXIS2_PLACEMENT_3D ( 'NONE', #1829, #1658, #1806 ) ;
#1781 = CARTESIAN_POINT ( 'NONE',  ( -5.840000000000000746, 15.01999999999996582, 2.000000000000000000 ) ) ;
#1782 = CIRCLE ( 'NONE', #250, 1.049999999999999822 ) ;
#1783 = MECHANICAL_DESIGN_GEOMETRIC_PRESENTATION_REPRESENTATION (  '', ( #487 ), #635 ) ;
#1784 = CARTESIAN_POINT ( 'NONE',  ( -12.30000000000000782, 15.79999999999999893, 2.000000000000000000 ) ) ;
#1785 = CARTESIAN_POINT ( 'NONE',  ( -13.50623058987491021, 16.59999999999999787, 1.449999999999999956 ) ) ;
#1786 = ORIENTED_EDGE ( 'NONE', *, *, #1712, .F. ) ;
#1787 = ORIENTED_EDGE ( 'NONE', *, *, #551, .T. ) ;
#1788 = CYLINDRICAL_SURFACE ( 'NONE', #560, 1.050000000000000488 ) ;
#1789 = EDGE_CURVE ( 'NONE', #607, #1329, #1011, .T. ) ;
#1790 = EDGE_LOOP ( 'NONE', ( #1457, #2298 ) ) ;
#1791 = FACE_BOUND ( 'NONE', #17, .T. ) ;
#1792 = DIRECTION ( 'NONE',  ( -0.000000000000000000, -0.000000000000000000, -1.000000000000000000 ) ) ;
#1793 = CARTESIAN_POINT ( 'NONE',  ( 5.500000000000001776, 16.60000000000001563, 0.5500000000000183631 ) ) ;
#1794 = ORIENTED_EDGE ( 'NONE', *, *, #232, .T. ) ;
#1795 = DIRECTION ( 'NONE',  ( -0.000000000000000000, -0.000000000000000000, -1.000000000000000000 ) ) ;
#1796 = ORIENTED_EDGE ( 'NONE', *, *, #2224, .F. ) ;
#1797 = ADVANCED_FACE ( 'NONE', ( #695 ), #307, .F. ) ;
#1798 = DIRECTION ( 'NONE',  ( -0.000000000000000000, -0.000000000000000000, -1.000000000000000000 ) ) ;
#1799 = ORIENTED_EDGE ( 'NONE', *, *, #672, .F. ) ;
#1800 = EDGE_CURVE ( 'NONE', #1756, #2041, #1022, .T. ) ;
#1801 = DIRECTION ( 'NONE',  ( -1.000000000000000000, 0.000000000000000000, 0.000000000000000000 ) ) ;
#1802 = EDGE_CURVE ( 'NONE', #1715, #318, #675, .T. ) ;
#1803 = CARTESIAN_POINT ( 'NONE',  ( 12.49999999999996980, 4.599999999999999645, 0.000000000000000000 ) ) ;
#1804 = DIRECTION ( 'NONE',  ( 0.000000000000000000, 1.000000000000000000, -0.000000000000000000 ) ) ;
#1805 = COLOUR_RGB ( '',1.000000000000000000, 1.000000000000000000, 1.000000000000000000 ) ;
#1806 = DIRECTION ( 'NONE',  ( -1.000000000000000000, 0.000000000000000000, 0.000000000000000000 ) ) ;
#1807 = CARTESIAN_POINT ( 'NONE',  ( -6.890000000000028102, 12.47999999999996490, 2.000000000000000000 ) ) ;
#1808 = VERTEX_POINT ( 'NONE', #1724 ) ;
#1809 = ORIENTED_EDGE ( 'NONE', *, *, #766, .T. ) ;
#1810 = DIRECTION ( 'NONE',  ( -0.000000000000000000, -0.000000000000000000, -1.000000000000000000 ) ) ;
#1811 = ORIENTED_EDGE ( 'NONE', *, *, #1215, .F. ) ;
#1812 = DIRECTION ( 'NONE',  ( 0.7071067811865469066, 0.000000000000000000, -0.7071067811865482389 ) ) ;
#1813 = SHAPE_DEFINITION_REPRESENTATION ( #132, #903 ) ;
#1814 = VERTEX_POINT ( 'NONE', #1381 ) ;
#1815 = PLANE ( 'NONE',  #2261 ) ;
#1816 = LINE ( 'NONE', #1254, #893 ) ;
#1817 = EDGE_CURVE ( 'NONE', #476, #2057, #2084, .T. ) ;
#1818 = VECTOR ( 'NONE', #1899, 1000.000000000000000 ) ;
#1819 = LINE ( 'NONE', #2018, #779 ) ;
#1820 = CARTESIAN_POINT ( 'NONE',  ( 3.500000000000001332, 16.60000000000000142, 1.449999999999996403 ) ) ;
#1821 = CIRCLE ( 'NONE', #1230, 1.049999999999999822 ) ;
#1822 = VERTEX_POINT ( 'NONE', #1034 ) ;
#1823 = CIRCLE ( 'NONE', #1704, 0.8000000000000003775 ) ;
#1824 = CARTESIAN_POINT ( 'NONE',  ( 11.70000000000000107, -16.60000000000000142, 1.800000000000011591 ) ) ;
#1825 = CARTESIAN_POINT ( 'NONE',  ( -11.97000000000005571, 9.940000000000001279, 2.000000000000000000 ) ) ;
#1826 = ORIENTED_EDGE ( 'NONE', *, *, #928, .T. ) ;
#1827 = DIRECTION ( 'NONE',  ( -1.000000000000000000, 0.000000000000000000, 0.000000000000000000 ) ) ;
#1828 = EDGE_CURVE ( 'NONE', #1822, #1286, #864, .T. ) ;
#1829 = CARTESIAN_POINT ( 'NONE',  ( -8.380000000000025651, 12.47999999999998266, 2.000000000000000000 ) ) ;
#1830 = DIRECTION ( 'NONE',  ( 0.000000000000000000, 0.000000000000000000, -1.000000000000000000 ) ) ;
#1831 = ORIENTED_EDGE ( 'NONE', *, *, #1530, .T. ) ;
#1832 = FACE_OUTER_BOUND ( 'NONE', #654, .T. ) ;
#1833 = DIRECTION ( 'NONE',  ( -0.000000000000000000, 1.000000000000000000, 0.000000000000000000 ) ) ;
#1834 = DIRECTION ( 'NONE',  ( 0.7071067811865482389, 0.000000000000000000, 0.7071067811865469066 ) ) ;
#1835 = DIRECTION ( 'NONE',  ( 1.000000000000000000, 0.000000000000000000, 0.000000000000000000 ) ) ;
#1836 = LINE ( 'NONE', #1113, #2020 ) ;
#1837 = AXIS2_PLACEMENT_3D ( 'NONE', #670, #1693, #493 ) ;
#1838 = ORIENTED_EDGE ( 'NONE', *, *, #1789, .F. ) ;
#1839 = ADVANCED_FACE ( 'NONE', ( #687 ), #506, .T. ) ;
#1840 = LINE ( 'NONE', #1499, #477 ) ;
#1841 = EDGE_CURVE ( 'NONE', #869, #2251, #1526, .T. ) ;
#1842 = ORIENTED_EDGE ( 'NONE', *, *, #1576, .F. ) ;
#1843 = DIRECTION ( 'NONE',  ( 0.000000000000000000, -0.000000000000000000, -1.000000000000000000 ) ) ;
#1844 = CYLINDRICAL_SURFACE ( 'NONE', #282, 1.050000000000000488 ) ;
#1845 = ORIENTED_EDGE ( 'NONE', *, *, #1983, .T. ) ;
#1846 = VECTOR ( 'NONE', #1597, 1000.000000000000114 ) ;
#1847 = DIRECTION ( 'NONE',  ( 0.000000000000000000, 0.000000000000000000, -1.000000000000000000 ) ) ;
#1848 = DIRECTION ( 'NONE',  ( 0.000000000000000000, 0.000000000000000000, -1.000000000000000000 ) ) ;
#1849 = AXIS2_PLACEMENT_3D ( 'NONE', #287, #1031, #848 ) ;
#1850 = CARTESIAN_POINT ( 'NONE',  ( 3.499999999999999556, -17.05000000000000071, 0.9999999999999941158 ) ) ;
#1851 = CARTESIAN_POINT ( 'NONE',  ( -5.840000000000000746, 15.01999999999996582, 2.000000000000000000 ) ) ;
#1852 = AXIS2_PLACEMENT_3D ( 'NONE', #2244, #2069, #1200 ) ;
#1853 = CIRCLE ( 'NONE', #1265, 1.050000000000000488 ) ;
#1854 = EDGE_CURVE ( 'NONE', #1869, #1822, #722, .T. ) ;
#1855 = ORIENTED_EDGE ( 'NONE', *, *, #1759, .F. ) ;
#1856 = CARTESIAN_POINT ( 'NONE',  ( -4.790000000000026681, 12.47999999999996490, 0.000000000000000000 ) ) ;
#1857 = CARTESIAN_POINT ( 'NONE',  ( -8.380000000000080718, 7.399999999999982592, 2.000000000000000000 ) ) ;
#1858 = ORIENTED_EDGE ( 'NONE', *, *, #38, .T. ) ;
#1859 = CARTESIAN_POINT ( 'NONE',  ( -12.50000000000000000, -7.599999999999998757, 1.449999999999996847 ) ) ;
#1860 = CARTESIAN_POINT ( 'NONE',  ( -10.92000000000002657, 12.48000000000000043, 2.000000000000000000 ) ) ;
#1861 = CARTESIAN_POINT ( 'NONE',  ( -11.97000000000008058, 7.400000000000000355, 2.000000000000000000 ) ) ;
#1862 = LINE ( 'NONE', #2189, #1894 ) ;
#1863 = EDGE_LOOP ( 'NONE', ( #2214, #2162, #532, #1799 ) ) ;
#1864 = ORIENTED_EDGE ( 'NONE', *, *, #1094, .F. ) ;
#1865 = FACE_OUTER_BOUND ( 'NONE', #72, .T. ) ;
#1866 = CARTESIAN_POINT ( 'NONE',  ( 5.500000000000001776, -17.05000000000000071, 0.9999999999999931166 ) ) ;
#1867 = ORIENTED_EDGE ( 'NONE', *, *, #1405, .T. ) ;
#1868 = EDGE_CURVE ( 'NONE', #284, #1029, #1938, .T. ) ;
#1869 = VERTEX_POINT ( 'NONE', #360 ) ;
#1870 = EDGE_CURVE ( 'NONE', #127, #593, #169, .T. ) ;
#1871 = PLANE ( 'NONE',  #1116 ) ;
#1872 = DIRECTION ( 'NONE',  ( -0.000000000000000000, -0.000000000000000000, -1.000000000000000000 ) ) ;
#1873 = DIRECTION ( 'NONE',  ( -1.000000000000000000, 0.000000000000000000, 0.000000000000000000 ) ) ;
#1874 = CARTESIAN_POINT ( 'NONE',  ( 12.95000000000000107, 17.60623058987490808, 1.000000000000000000 ) ) ;
#1875 = EDGE_LOOP ( 'NONE', ( #2186, #1266, #846, #1129 ) ) ;
#1876 = EDGE_LOOP ( 'NONE', ( #203, #1189, #1366, #96 ) ) ;
#1877 = VECTOR ( 'NONE', #1170, 1000.000000000000227 ) ;
#1878 = DIRECTION ( 'NONE',  ( 0.000000000000000000, 0.000000000000000000, 1.000000000000000000 ) ) ;
#1879 = EDGE_LOOP ( 'NONE', ( #1787, #396, #1685, #299 ) ) ;
#1880 = CARTESIAN_POINT ( 'NONE',  ( -12.50000000000000000, 15.79999999999998472, 1.800000000000011591 ) ) ;
#1881 = VERTEX_POINT ( 'NONE', #198 ) ;
#1882 = CARTESIAN_POINT ( 'NONE',  ( -12.95000000000000107, 4.599999999999999645, 0.9999999999999967804 ) ) ;
#1883 = DIRECTION ( 'NONE',  ( -1.000000000000000000, 0.000000000000000000, 0.000000000000000000 ) ) ;
#1884 = EDGE_CURVE ( 'NONE', #1343, #1954, #884, .T. ) ;
#1885 = CIRCLE ( 'NONE', #1439, 0.6000000000000067502 ) ;
#1886 = DIRECTION ( 'NONE',  ( 0.000000000000000000, 0.000000000000000000, -1.000000000000000000 ) ) ;
#1887 = CYLINDRICAL_SURFACE ( 'NONE', #1962, 0.8000000000000003775 ) ;
#1888 = CARTESIAN_POINT ( 'NONE',  ( -8.380000000000000782, 15.01999999999998359, 0.000000000000000000 ) ) ;
#1889 = ORIENTED_EDGE ( 'NONE', *, *, #2011, .T. ) ;
#1890 = AXIS2_PLACEMENT_3D ( 'NONE', #1244, #881, #1584 ) ;
#1891 = AXIS2_PLACEMENT_3D ( 'NONE', #1132, #1300, #1986 ) ;
#1892 = ORIENTED_EDGE ( 'NONE', *, *, #1712, .T. ) ;
#1893 = ORIENTED_EDGE ( 'NONE', *, *, #844, .T. ) ;
#1894 = VECTOR ( 'NONE', #2035, 1000.000000000000000 ) ;
#1895 = LINE ( 'NONE', #300, #1701 ) ;
#1896 = ORIENTED_EDGE ( 'NONE', *, *, #2113, .T. ) ;
#1897 = CARTESIAN_POINT ( 'NONE',  ( 12.50000000000000000, 15.79999999999999893, 1.800000000000011591 ) ) ;
#1898 = ORIENTED_EDGE ( 'NONE', *, *, #2279, .F. ) ;
#1899 = DIRECTION ( 'NONE',  ( 0.000000000000000000, -1.000000000000000000, 0.000000000000000000 ) ) ;
#1900 = CARTESIAN_POINT ( 'NONE',  ( 11.70000000000000107, 16.60000000000000142, 1.800000000000011591 ) ) ;
#1901 = EDGE_CURVE ( 'NONE', #34, #1651, #1058, .T. ) ;
#1902 = DIRECTION ( 'NONE',  ( -1.000000000000000000, 0.000000000000000000, 0.000000000000000000 ) ) ;
#1903 = CARTESIAN_POINT ( 'NONE',  ( -3.499999999999999556, 17.05000000000000071, 0.000000000000000000 ) ) ;
#1904 = DIRECTION ( 'NONE',  ( 1.362927481496358600E-15, -0.7071067811865540120, -0.7071067811865410224 ) ) ;
#1905 = EDGE_LOOP ( 'NONE', ( #1917, #1831, #641, #931 ) ) ;
#1906 = EDGE_CURVE ( 'NONE', #34, #1661, #1422, .T. ) ;
#1907 = EDGE_LOOP ( 'NONE', ( #1613, #1716, #1631 ) ) ;
#1908 = EDGE_LOOP ( 'NONE', ( #667, #610, #1375, #966 ) ) ;
#1909 = ORIENTED_EDGE ( 'NONE', *, *, #1487, .F. ) ;
#1910 = CARTESIAN_POINT ( 'NONE',  ( -10.92000000000002657, 12.48000000000000043, 2.000000000000000000 ) ) ;
#1911 = ORIENTED_EDGE ( 'NONE', *, *, #1800, .T. ) ;
#1912 = CARTESIAN_POINT ( 'NONE',  ( -8.380000000000025651, 12.47999999999998266, 2.000000000000000000 ) ) ;
#1913 = CARTESIAN_POINT ( 'NONE',  ( -3.499999999999999556, -17.05000000000000071, 0.9999999999999958922 ) ) ;
#1914 = DIRECTION ( 'NONE',  ( -1.000000000000000000, 0.000000000000000000, 0.000000000000000000 ) ) ;
#1915 = CARTESIAN_POINT ( 'NONE',  ( -10.92000000000000171, 15.01999999999999957, 2.000000000000000000 ) ) ;
#1916 = EDGE_CURVE ( 'NONE', #1029, #1383, #1853, .T. ) ;
#1917 = ORIENTED_EDGE ( 'NONE', *, *, #428, .F. ) ;
#1918 = EDGE_CURVE ( 'NONE', #886, #1071, #1564, .T. ) ;
#1919 = VECTOR ( 'NONE', #693, 1000.000000000000000 ) ;
#1920 = ORIENTED_EDGE ( 'NONE', *, *, #839, .T. ) ;
#1921 = CARTESIAN_POINT ( 'NONE',  ( -12.30000000000000782, 15.79999999999999893, 2.000000000000000000 ) ) ;
#1922 = VERTEX_POINT ( 'NONE', #372 ) ;
#1923 = CARTESIAN_POINT ( 'NONE',  ( 12.94999999999999929, -4.600000000000000533, 0.000000000000000000 ) ) ;
#1924 = CARTESIAN_POINT ( 'NONE',  ( -10.92000000000000171, 15.01999999999999957, 0.000000000000000000 ) ) ;
#1925 = CARTESIAN_POINT ( 'NONE',  ( -10.92000000000007987, 7.400000000000000355, 2.000000000000000000 ) ) ;
#1926 = DIRECTION ( 'NONE',  ( 1.000000000000000000, 1.927470528863138277E-15, 0.000000000000000000 ) ) ;
#1927 = AXIS2_PLACEMENT_3D ( 'NONE', #1285, #388, #1107 ) ;
#1928 = EDGE_LOOP ( 'NONE', ( #2120, #542 ) ) ;
#1929 = LINE ( 'NONE', #2107, #1185 ) ;
#1930 = VECTOR ( 'NONE', #1978, 1000.000000000000000 ) ;
#1931 = EDGE_CURVE ( 'NONE', #1555, #1941, #706, .T. ) ;
#1932 = VECTOR ( 'NONE', #1810, 1000.000000000000000 ) ;
#1933 = LINE ( 'NONE', #700, #1509 ) ;
#1934 = EDGE_LOOP ( 'NONE', ( #1035, #1838, #1495, #1453 ) ) ;
#1935 = CARTESIAN_POINT ( 'NONE',  ( -7.330000000000000071, 15.01999999999998359, 0.000000000000000000 ) ) ;
#1936 = DIRECTION ( 'NONE',  ( 1.000000000000000000, 0.000000000000000000, 0.000000000000000000 ) ) ;
#1937 = LINE ( 'NONE', #2118, #2294 ) ;
#1938 = LINE ( 'NONE', #1807, #1665 ) ;
#1939 = VERTEX_POINT ( 'NONE', #1239 ) ;
#1940 = DIRECTION ( 'NONE',  ( -1.000000000000000000, 0.000000000000000000, 0.000000000000000000 ) ) ;
#1941 = VERTEX_POINT ( 'NONE', #1433 ) ;
#1942 = EDGE_CURVE ( 'NONE', #827, #374, #1771, .T. ) ;
#1943 = PLANE ( 'NONE',  #624 ) ;
#1944 = ORIENTED_EDGE ( 'NONE', *, *, #11, .T. ) ;
#1945 = PLANE ( 'NONE',  #1444 ) ;
#1946 = EDGE_CURVE ( 'NONE', #1587, #43, #2291, .T. ) ;
#1947 = EDGE_CURVE ( 'NONE', #260, #2251, #531, .T. ) ;
#1948 = DIRECTION ( 'NONE',  ( -1.000000000000000000, 0.000000000000000000, 0.000000000000000000 ) ) ;
#1949 = DIRECTION ( 'NONE',  ( -1.000000000000000000, 0.000000000000000000, 0.000000000000000000 ) ) ;
#1950 = EDGE_LOOP ( 'NONE', ( #1393, #615, #1725, #1809 ) ) ;
#1951 = EDGE_LOOP ( 'NONE', ( #1209, #1811, #718 ) ) ;
#1952 = DIRECTION ( 'NONE',  ( 0.000000000000000000, 0.000000000000000000, -1.000000000000000000 ) ) ;
#1953 = AXIS2_PLACEMENT_3D ( 'NONE', #1860, #409, #1279 ) ;
#1954 = VERTEX_POINT ( 'NONE', #1447 ) ;
#1955 = PLANE ( 'NONE',  #1331 ) ;
#1956 = EDGE_CURVE ( 'NONE', #34, #631, #567, .T. ) ;
#1957 = FACE_OUTER_BOUND ( 'NONE', #1073, .T. ) ;
#1958 = DIRECTION ( 'NONE',  ( -0.000000000000000000, 0.7071067811865501263, 0.7071067811865450192 ) ) ;
#1959 = VERTEX_POINT ( 'NONE', #1078 ) ;
#1960 = DIRECTION ( 'NONE',  ( 1.000000000000000000, 0.000000000000000000, 0.000000000000000000 ) ) ;
#1961 = AXIS2_PLACEMENT_3D ( 'NONE', #133, #1722, #936 ) ;
#1962 = AXIS2_PLACEMENT_3D ( 'NONE', #1171, #2257, #1873 ) ;
#1963 = AXIS2_PLACEMENT_3D ( 'NONE', #2169, #972, #582 ) ;
#1964 = ORIENTED_EDGE ( 'NONE', *, *, #1215, .T. ) ;
#1965 = VECTOR ( 'NONE', #1827, 1000.000000000000000 ) ;
#1966 = CARTESIAN_POINT ( 'NONE',  ( -12.30000000000000959, -15.80000000000000071, 2.000000000000000000 ) ) ;
#1967 = VECTOR ( 'NONE', #896, 1000.000000000000000 ) ;
#1968 = DIRECTION ( 'NONE',  ( -1.000000000000000000, 0.000000000000000000, 0.000000000000000000 ) ) ;
#1969 = DIRECTION ( 'NONE',  ( -0.000000000000000000, -0.000000000000000000, -1.000000000000000000 ) ) ;
#1970 = PRODUCT_DEFINITION_CONTEXT ( 'detailed design', #3, 'design' ) ;
#1971 = EDGE_LOOP ( 'NONE', ( #1601, #1434, #1570, #63 ) ) ;
#1972 = ADVANCED_FACE ( 'NONE', ( #541 ), #2139, .T. ) ;
#1973 = DIRECTION ( 'NONE',  ( -0.000000000000000000, -0.000000000000000000, -1.000000000000000000 ) ) ;
#1974 = EDGE_CURVE ( 'NONE', #1069, #845, #1259, .T. ) ;
#1975 = LINE ( 'NONE', #956, #1595 ) ;
#1976 = DIRECTION ( 'NONE',  ( 1.000000000000000000, 0.000000000000000000, 0.000000000000000000 ) ) ;
#1977 = ORIENTED_EDGE ( 'NONE', *, *, #1151, .T. ) ;
#1978 = DIRECTION ( 'NONE',  ( 0.000000000000000000, -1.000000000000000000, 0.000000000000000000 ) ) ;
#1979 = CARTESIAN_POINT ( 'NONE',  ( -10.92000000000007987, 7.400000000000000355, 2.000000000000000000 ) ) ;
#1980 = EDGE_LOOP ( 'NONE', ( #84, #2038 ) ) ;
#1981 = CARTESIAN_POINT ( 'NONE',  ( 3.500000000000000444, -16.60000000000000142, 0.5500000000000022649 ) ) ;
#1982 = EDGE_CURVE ( 'NONE', #1027, #1490, #1233, .T. ) ;
#1983 = EDGE_CURVE ( 'NONE', #1016, #1069, #276, .T. ) ;
#1984 = PLANE ( 'NONE',  #30 ) ;
#1985 = LINE ( 'NONE', #378, #1469 ) ;
#1986 = DIRECTION ( 'NONE',  ( -1.000000000000000000, 0.000000000000000000, 0.000000000000000000 ) ) ;
#1987 = DIRECTION ( 'NONE',  ( -0.000000000000000000, -0.000000000000000000, -1.000000000000000000 ) ) ;
#1988 = AXIS2_PLACEMENT_3D ( 'NONE', #1271, #208, #930 ) ;
#1989 = CARTESIAN_POINT ( 'NONE',  ( 12.95000000000000107, 17.60623058987490808, 1.000000000000000000 ) ) ;
#1990 = CARTESIAN_POINT ( 'NONE',  ( -12.95000000000000107, 7.600000000000000533, 0.9999999999999967804 ) ) ;
#1991 =( GEOMETRIC_REPRESENTATION_CONTEXT ( 3 ) GLOBAL_UNCERTAINTY_ASSIGNED_CONTEXT ( ( #2272 ) ) GLOBAL_UNIT_ASSIGNED_CONTEXT ( ( #749, #184, #1452 ) ) REPRESENTATION_CONTEXT ( 'NONE', 'WORKASPACE' ) );
#1992 = EDGE_LOOP ( 'NONE', ( #1423, #1706, #880, #1703 ) ) ;
#1993 = CARTESIAN_POINT ( 'NONE',  ( -6.890000000000000568, 15.01999999999996582, 2.000000000000000000 ) ) ;
#1994 = CARTESIAN_POINT ( 'NONE',  ( 5.500000000000001776, -16.60000000000000142, 0.5500000000000034861 ) ) ;
#1995 = CONICAL_SURFACE ( 'NONE', #1111, 0.6000000000000085265, 0.7853981633974561616 ) ;
#1996 = ADVANCED_FACE ( 'NONE', ( #1456 ), #40, .F. ) ;
#1997 = DIRECTION ( 'NONE',  ( 0.000000000000000000, -1.000000000000000000, 0.000000000000000000 ) ) ;
#1998 = CIRCLE ( 'NONE', #1255, 1.050000000000000488 ) ;
#1999 = CARTESIAN_POINT ( 'NONE',  ( 0.000000000000000000, 16.40000000000000924, 2.000000000000000000 ) ) ;
#2000 = DIRECTION ( 'NONE',  ( 0.000000000000000000, 0.000000000000000000, -1.000000000000000000 ) ) ;
#2001 = ORIENTED_EDGE ( 'NONE', *, *, #594, .F. ) ;
#2002 = VECTOR ( 'NONE', #351, 1000.000000000000114 ) ;
#2003 = DIRECTION ( 'NONE',  ( -0.7071067811865483499, 0.000000000000000000, 0.7071067811865467956 ) ) ;
#2004 = CARTESIAN_POINT ( 'NONE',  ( 12.50000000000005151, -7.599999999999999645, 1.449999999999949774 ) ) ;
#2005 = CARTESIAN_POINT ( 'NONE',  ( 11.70000000000000107, -16.40000000000000924, 2.000000000000000000 ) ) ;
#2006 = EDGE_CURVE ( 'NONE', #137, #214, #989, .T. ) ;
#2007 = DIRECTION ( 'NONE',  ( 1.000000000000000000, 0.000000000000000000, 0.000000000000000000 ) ) ;
#2008 = CARTESIAN_POINT ( 'NONE',  ( -4.790000000000080860, 7.399999999999964828, 0.000000000000000000 ) ) ;
#2009 = EDGE_CURVE ( 'NONE', #2021, #1661, #1324, .T. ) ;
#2010 = ORIENTED_EDGE ( 'NONE', *, *, #1330, .F. ) ;
#2011 = EDGE_CURVE ( 'NONE', #1184, #827, #1686, .T. ) ;
#2012 = DIRECTION ( 'NONE',  ( 1.000000000000000000, 0.000000000000000000, 0.000000000000000000 ) ) ;
#2013 = CARTESIAN_POINT ( 'NONE',  ( 12.50000000000005151, -7.600000000000000533, 0.000000000000000000 ) ) ;
#2014 = VERTEX_POINT ( 'NONE', #1134 ) ;
#2015 = CARTESIAN_POINT ( 'NONE',  ( -5.840000000000080682, 7.399999999999964828, 2.000000000000000000 ) ) ;
#2016 = FACE_OUTER_BOUND ( 'NONE', #191, .T. ) ;
#2017 = ORIENTED_EDGE ( 'NONE', *, *, #1257, .T. ) ;
#2018 = CARTESIAN_POINT ( 'NONE',  ( -13.50623058987491021, -17.05000000000000071, 0.9999999999999941158 ) ) ;
#2019 = CARTESIAN_POINT ( 'NONE',  ( -8.380000000000080718, 7.399999999999982592, 2.000000000000000000 ) ) ;
#2020 = VECTOR ( 'NONE', #2031, 1000.000000000000000 ) ;
#2021 = VERTEX_POINT ( 'NONE', #231 ) ;
#2022 = ADVANCED_FACE ( 'NONE', ( #1508 ), #2286, .T. ) ;
#2023 = CARTESIAN_POINT ( 'NONE',  ( 5.500000000000001776, 16.60000000000000142, 1.449999999999995515 ) ) ;
#2024 = CARTESIAN_POINT ( 'NONE',  ( -11.69999999999999929, -16.60000000000000142, 0.000000000000000000 ) ) ;
#2025 = ORIENTED_EDGE ( 'NONE', *, *, #784, .F. ) ;
#2026 = CARTESIAN_POINT ( 'NONE',  ( -12.95000000000000107, 17.60623058987490808, 0.9999999999999967804 ) ) ;
#2027 = VECTOR ( 'NONE', #630, 1000.000000000000000 ) ;
#2028 = EDGE_LOOP ( 'NONE', ( #200, #1719, #1621, #1161 ) ) ;
#2029 = VECTOR ( 'NONE', #176, 1000.000000000000000 ) ;
#2030 = DIRECTION ( 'NONE',  ( -0.000000000000000000, -0.000000000000000000, 1.000000000000000000 ) ) ;
#2031 = DIRECTION ( 'NONE',  ( 0.000000000000000000, -1.000000000000000000, 0.000000000000000000 ) ) ;
#2032 = AXIS2_PLACEMENT_3D ( 'NONE', #1767, #12, #548 ) ;
#2033 = VECTOR ( 'NONE', #1834, 999.9999999999998863 ) ;
#2034 = CARTESIAN_POINT ( 'NONE',  ( -8.380000000000025651, 12.47999999999998266, 0.000000000000000000 ) ) ;
#2035 = DIRECTION ( 'NONE',  ( 0.000000000000000000, -1.000000000000000000, 0.000000000000000000 ) ) ;
#2036 = EDGE_LOOP ( 'NONE', ( #1163, #1892, #1533, #1538 ) ) ;
#2037 = CIRCLE ( 'NONE', #712, 1.050000000000000488 ) ;
#2038 = ORIENTED_EDGE ( 'NONE', *, *, #1126, .T. ) ;
#2039 = EDGE_CURVE ( 'NONE', #2099, #845, #920, .T. ) ;
#2040 = CYLINDRICAL_SURFACE ( 'NONE', #747, 1.050000000000000488 ) ;
#2041 = VERTEX_POINT ( 'NONE', #948 ) ;
#2042 = ORIENTED_EDGE ( 'NONE', *, *, #2067, .T. ) ;
#2043 = LINE ( 'NONE', #805, #860 ) ;
#2044 = CARTESIAN_POINT ( 'NONE',  ( 12.50000000000000000, 16.60000000000000142, 2.000000000000000000 ) ) ;
#2045 = CARTESIAN_POINT ( 'NONE',  ( 12.30000000000000959, 15.79999999999998472, 2.000000000000000000 ) ) ;
#2046 = FACE_OUTER_BOUND ( 'NONE', #645, .T. ) ;
#2047 = ORIENTED_EDGE ( 'NONE', *, *, #1164, .F. ) ;
#2048 = VERTEX_POINT ( 'NONE', #91 ) ;
#2049 = ADVANCED_FACE ( 'NONE', ( #1489 ), #81, .F. ) ;
#2050 = DIRECTION ( 'NONE',  ( 0.000000000000000000, -1.000000000000000000, 0.000000000000000000 ) ) ;
#2051 = EDGE_LOOP ( 'NONE', ( #174, #257, #2239, #78 ) ) ;
#2052 = DIRECTION ( 'NONE',  ( 0.7071067811865536790, 0.000000000000000000, -0.7071067811865414665 ) ) ;
#2053 = CARTESIAN_POINT ( 'NONE',  ( -6.890000000000000568, 15.01999999999996582, 0.000000000000000000 ) ) ;
#2054 = CARTESIAN_POINT ( 'NONE',  ( -12.50000000000000000, -16.60000000000000142, 2.000000000000000000 ) ) ;
#2055 = FACE_OUTER_BOUND ( 'NONE', #1726, .T. ) ;
#2056 = CARTESIAN_POINT ( 'NONE',  ( -11.97000000000000064, 15.01999999999999957, 2.000000000000000000 ) ) ;
#2057 = VERTEX_POINT ( 'NONE', #1649 ) ;
#2058 = VERTEX_POINT ( 'NONE', #1990 ) ;
#2059 = ORIENTED_EDGE ( 'NONE', *, *, #1906, .F. ) ;
#2060 = CYLINDRICAL_SURFACE ( 'NONE', #1150, 1.049999999999999822 ) ;
#2061 = ORIENTED_EDGE ( 'NONE', *, *, #295, .T. ) ;
#2062 = ORIENTED_EDGE ( 'NONE', *, *, #2095, .T. ) ;
#2063 = DIRECTION ( 'NONE',  ( -0.000000000000000000, -0.000000000000000000, -1.000000000000000000 ) ) ;
#2064 = CIRCLE ( 'NONE', #1475, 1.050000000000000488 ) ;
#2065 = CARTESIAN_POINT ( 'NONE',  ( 5.500000000000000888, -17.05000000000000071, 0.000000000000000000 ) ) ;
#2066 = LINE ( 'NONE', #465, #172 ) ;
#2067 = EDGE_CURVE ( 'NONE', #643, #1748, #1836, .T. ) ;
#2068 = DIRECTION ( 'NONE',  ( 0.000000000000000000, 0.000000000000000000, -1.000000000000000000 ) ) ;
#2069 = DIRECTION ( 'NONE',  ( -0.000000000000000000, -0.000000000000000000, -1.000000000000000000 ) ) ;
#2070 = AXIS2_PLACEMENT_3D ( 'NONE', #254, #974, #1295 ) ;
#2071 = ORIENTED_EDGE ( 'NONE', *, *, #1311, .F. ) ;
#2072 = VECTOR ( 'NONE', #529, 1000.000000000000000 ) ;
#2073 = EDGE_LOOP ( 'NONE', ( #798, #944, #1141, #949, #2144, #1503, #1358, #1114 ) ) ;
#2074 = VECTOR ( 'NONE', #851, 1000.000000000000000 ) ;
#2075 = CARTESIAN_POINT ( 'NONE',  ( -8.380000000000025651, 12.47999999999998266, 0.000000000000000000 ) ) ;
#2076 = VERTEX_POINT ( 'NONE', #983 ) ;
#2077 = DIRECTION ( 'NONE',  ( 0.000000000000000000, -0.000000000000000000, -1.000000000000000000 ) ) ;
#2078 = ORIENTED_EDGE ( 'NONE', *, *, #685, .F. ) ;
#2079 = EDGE_CURVE ( 'NONE', #1561, #2057, #59, .T. ) ;
#2080 = PLANE ( 'NONE',  #1849 ) ;
#2081 = PLANE ( 'NONE',  #954 ) ;
#2082 = ADVANCED_FACE ( 'NONE', ( #772 ), #1681, .T. ) ;
#2083 = FACE_BOUND ( 'NONE', #265, .T. ) ;
#2084 = LINE ( 'NONE', #330, #334 ) ;
#2085 = VERTEX_POINT ( 'NONE', #1820 ) ;
#2086 = EDGE_LOOP ( 'NONE', ( #379, #264 ) ) ;
#2087 = CARTESIAN_POINT ( 'NONE',  ( 12.50000000000000000, 7.600000000000000533, 1.449999999999999956 ) ) ;
#2088 = EDGE_LOOP ( 'NONE', ( #271, #780, #653, #1042 ) ) ;
#2089 = ORIENTED_EDGE ( 'NONE', *, *, #421, .F. ) ;
#2090 = LINE ( 'NONE', #1882, #668 ) ;
#2091 = DIRECTION ( 'NONE',  ( 1.927470528863123289E-15, 1.000000000000000000, 0.000000000000000000 ) ) ;
#2092 = FACE_BOUND ( 'NONE', #979, .T. ) ;
#2093 = DIRECTION ( 'NONE',  ( 1.362927481496341047E-15, 0.7071067811865450192, 0.7071067811865501263 ) ) ;
#2094 = ORIENTED_EDGE ( 'NONE', *, *, #1542, .F. ) ;
#2095 = EDGE_CURVE ( 'NONE', #942, #1881, #1159, .T. ) ;
#2096 = DIRECTION ( 'NONE',  ( 0.7071067811865483499, 0.000000000000000000, -0.7071067811865467956 ) ) ;
#2097 = STYLED_ITEM ( 'NONE', ( #714 ), #903 ) ;
#2098 = DIRECTION ( 'NONE',  ( 0.000000000000000000, 0.000000000000000000, -1.000000000000000000 ) ) ;
#2099 = VERTEX_POINT ( 'NONE', #2008 ) ;
#2100 = LINE ( 'NONE', #516, #2072 ) ;
#2101 = CARTESIAN_POINT ( 'NONE',  ( 5.500000000000000888, 17.05000000000000071, 0.000000000000000000 ) ) ;
#2102 = FACE_OUTER_BOUND ( 'NONE', #909, .T. ) ;
#2103 =( NAMED_UNIT ( * ) SI_UNIT ( $, .STERADIAN. ) SOLID_ANGLE_UNIT ( ) );
#2104 = CIRCLE ( 'NONE', #998, 1.050000000000000488 ) ;
#2105 = ORIENTED_EDGE ( 'NONE', *, *, #928, .F. ) ;
#2106 = AXIS2_PLACEMENT_3D ( 'NONE', #1644, #1130, #2172 ) ;
#2107 = CARTESIAN_POINT ( 'NONE',  ( -4.790000000000000924, 15.01999999999996582, 2.000000000000000000 ) ) ;
#2108 = EDGE_CURVE ( 'NONE', #2251, #802, #1477, .T. ) ;
#2109 = AXIS2_PLACEMENT_3D ( 'NONE', #982, #90, #633 ) ;
#2110 = ORIENTED_EDGE ( 'NONE', *, *, #2108, .T. ) ;
#2111 = EDGE_LOOP ( 'NONE', ( #2200, #555 ) ) ;
#2112 = VECTOR ( 'NONE', #921, 1000.000000000000000 ) ;
#2113 = EDGE_CURVE ( 'NONE', #1027, #377, #762, .T. ) ;
#2114 = EDGE_CURVE ( 'NONE', #1103, #431, #801, .T. ) ;
#2115 = CIRCLE ( 'NONE', #153, 1.050000000000000488 ) ;
#2116 = CARTESIAN_POINT ( 'NONE',  ( -8.380000000000000782, 15.01999999999998359, 2.000000000000000000 ) ) ;
#2117 = PLANE ( 'NONE',  #632 ) ;
#2118 = CARTESIAN_POINT ( 'NONE',  ( 12.50000000000000000, -16.60000000000000142, 0.000000000000000000 ) ) ;
#2119 = DIRECTION ( 'NONE',  ( -0.7071067811865483499, -1.362927481496332173E-15, 0.7071067811865467956 ) ) ;
#2120 = ORIENTED_EDGE ( 'NONE', *, *, #1108, .T. ) ;
#2121 = DIRECTION ( 'NONE',  ( -1.000000000000000000, 0.000000000000000000, 0.000000000000000000 ) ) ;
#2122 = FILL_AREA_STYLE_COLOUR ( '', #1805 ) ;
#2123 = EDGE_CURVE ( 'NONE', #2130, #374, #580, .T. ) ;
#2124 = CARTESIAN_POINT ( 'NONE',  ( -5.500000000000000000, -17.05000000000000071, 0.9999999999999941158 ) ) ;
#2125 = VERTEX_POINT ( 'NONE', #958 ) ;
#2126 = DIRECTION ( 'NONE',  ( 0.000000000000000000, 0.000000000000000000, -1.000000000000000000 ) ) ;
#2127 = LINE ( 'NONE', #1770, #2029 ) ;
#2128 = CARTESIAN_POINT ( 'NONE',  ( 12.95000000000000107, 4.599999999999999645, 1.000000000000000000 ) ) ;
#2129 = ORIENTED_EDGE ( 'NONE', *, *, #390, .T. ) ;
#2130 = VERTEX_POINT ( 'NONE', #1659 ) ;
#2131 = CARTESIAN_POINT ( 'NONE',  ( -9.430000000000054783, 9.939999999999983515, 2.000000000000000000 ) ) ;
#2132 = VERTEX_POINT ( 'NONE', #973 ) ;
#2133 = VECTOR ( 'NONE', #1535, 1000.000000000000000 ) ;
#2134 =( NAMED_UNIT ( * ) SI_UNIT ( $, .STERADIAN. ) SOLID_ANGLE_UNIT ( ) );
#2135 = VERTEX_POINT ( 'NONE', #71 ) ;
#2136 = CARTESIAN_POINT ( 'NONE',  ( 12.50000000000000000, -15.80000000000000071, 1.800000000000011591 ) ) ;
#2137 = EDGE_CURVE ( 'NONE', #1939, #1959, #543, .T. ) ;
#2138 = CARTESIAN_POINT ( 'NONE',  ( -9.430000000000001492, 15.01999999999998359, 0.000000000000000000 ) ) ;
#2139 = PLANE ( 'NONE',  #969 ) ;
#2140 = VERTEX_POINT ( 'NONE', #145 ) ;
#2141 = ADVANCED_FACE ( 'NONE', ( #819, #634, #993 ), #1338, .F. ) ;
#2142 = CARTESIAN_POINT ( 'NONE',  ( -8.380000000000054072, 9.939999999999983515, 2.000000000000000000 ) ) ;
#2143 = CONICAL_SURFACE ( 'NONE', #1365, 0.6000000000000085265, 0.7853981633974561616 ) ;
#2144 = ORIENTED_EDGE ( 'NONE', *, *, #887, .T. ) ;
#2145 = VECTOR ( 'NONE', #261, 1000.000000000000000 ) ;
#2146 = ORIENTED_EDGE ( 'NONE', *, *, #2283, .F. ) ;
#2147 = VECTOR ( 'NONE', #800, 1000.000000000000000 ) ;
#2148 = FACE_OUTER_BOUND ( 'NONE', #1642, .T. ) ;
#2149 = VECTOR ( 'NONE', #1795, 1000.000000000000000 ) ;
#2150 = EDGE_CURVE ( 'NONE', #2208, #1808, #1282, .T. ) ;
#2151 = VECTOR ( 'NONE', #177, 999.9999999999998863 ) ;
#2152 = CARTESIAN_POINT ( 'NONE',  ( -8.380000000000054072, 9.939999999999983515, 2.000000000000000000 ) ) ;
#2153 = CARTESIAN_POINT ( 'NONE',  ( -12.50000000000000000, 17.60623058987490808, 0.5499999999999970468 ) ) ;
#2154 = ORIENTED_EDGE ( 'NONE', *, *, #1445, .F. ) ;
#2155 = ORIENTED_EDGE ( 'NONE', *, *, #825, .F. ) ;
#2156 = ADVANCED_FACE ( 'NONE', ( #1045, #684, #452 ), #2081, .F. ) ;
#2157 = LINE ( 'NONE', #544, #1450 ) ;
#2158 = DIRECTION ( 'NONE',  ( 1.000000000000000000, 0.000000000000000000, 0.000000000000000000 ) ) ;
#2159 = CARTESIAN_POINT ( 'NONE',  ( 12.95000000000000107, -7.599999999999998757, 1.000000000000000000 ) ) ;
#2160 = DIRECTION ( 'NONE',  ( 0.7071067811865480168, 0.000000000000000000, 0.7071067811865470176 ) ) ;
#2161 = CARTESIAN_POINT ( 'NONE',  ( -6.890000000000053859, 9.939999999999963975, 2.000000000000000000 ) ) ;
#2162 = ORIENTED_EDGE ( 'NONE', *, *, #11, .F. ) ;
#2163 = FACE_OUTER_BOUND ( 'NONE', #735, .T. ) ;
#2164 = CARTESIAN_POINT ( 'NONE',  ( 11.70000000000000107, -15.80000000000000071, 1.800000000000011591 ) ) ;
#2165 = EDGE_CURVE ( 'NONE', #1814, #1494, #647, .T. ) ;
#2166 = ORIENTED_EDGE ( 'NONE', *, *, #54, .F. ) ;
#2167 = ORIENTED_EDGE ( 'NONE', *, *, #222, .T. ) ;
#2168 = DIRECTION ( 'NONE',  ( -0.000000000000000000, -0.000000000000000000, -1.000000000000000000 ) ) ;
#2169 = CARTESIAN_POINT ( 'NONE',  ( 11.70000000000000107, -15.80000000000000071, 2.000000000000000000 ) ) ;
#2170 = DIRECTION ( 'NONE',  ( -1.000000000000000000, 0.000000000000000000, 0.000000000000000000 ) ) ;
#2171 = EDGE_LOOP ( 'NONE', ( #1764, #2222 ) ) ;
#2172 = DIRECTION ( 'NONE',  ( 0.000000000000000000, -0.000000000000000000, 1.000000000000000000 ) ) ;
#2173 = FILL_AREA_STYLE_COLOUR ( '', #678 ) ;
#2174 = ORIENTED_EDGE ( 'NONE', *, *, #2067, .F. ) ;
#2175 = ADVANCED_FACE ( 'NONE', ( #1734 ), #1007, .F. ) ;
#2176 = VECTOR ( 'NONE', #906, 1000.000000000000000 ) ;
#2177 = VERTEX_POINT ( 'NONE', #1389 ) ;
#2178 = EDGE_CURVE ( 'NONE', #1922, #1052, #849, .T. ) ;
#2179 = AXIS2_PLACEMENT_3D ( 'NONE', #241, #2197, #1315 ) ;
#2180 = CARTESIAN_POINT ( 'NONE',  ( -11.69999999999999929, 16.60000000000000142, 0.000000000000000000 ) ) ;
#2181 = EDGE_CURVE ( 'NONE', #802, #869, #2268, .T. ) ;
#2182 = AXIS2_PLACEMENT_3D ( 'NONE', #355, #2126, #736 ) ;
#2183 = DIRECTION ( 'NONE',  ( -1.000000000000000000, 0.000000000000000000, 0.000000000000000000 ) ) ;
#2184 = DIRECTION ( 'NONE',  ( 0.000000000000000000, 0.7071067811865540120, -0.7071067811865410224 ) ) ;
#2185 = VECTOR ( 'NONE', #564, 1000.000000000000000 ) ;
#2186 = ORIENTED_EDGE ( 'NONE', *, *, #86, .F. ) ;
#2187 = AXIS2_PLACEMENT_3D ( 'NONE', #1213, #1926, #659 ) ;
#2188 = DIRECTION ( 'NONE',  ( -0.000000000000000000, -0.000000000000000000, -1.000000000000000000 ) ) ;
#2189 = CARTESIAN_POINT ( 'NONE',  ( 12.50000000000000000, 17.60623058987490808, 1.449999999999999956 ) ) ;
#2190 = DIRECTION ( 'NONE',  ( 0.000000000000000000, -0.000000000000000000, 1.000000000000000000 ) ) ;
#2191 = FACE_OUTER_BOUND ( 'NONE', #156, .T. ) ;
#2192 = EDGE_CURVE ( 'NONE', #2225, #727, #2066, .T. ) ;
#2193 = ORIENTED_EDGE ( 'NONE', *, *, #2224, .T. ) ;
#2194 = DIRECTION ( 'NONE',  ( 0.000000000000000000, 0.7071067811865410224, -0.7071067811865540120 ) ) ;
#2195 = DIRECTION ( 'NONE',  ( -1.000000000000000000, 0.000000000000000000, 0.000000000000000000 ) ) ;
#2196 = ORIENTED_EDGE ( 'NONE', *, *, #601, .F. ) ;
#2197 = DIRECTION ( 'NONE',  ( -0.000000000000000000, -0.000000000000000000, -1.000000000000000000 ) ) ;
#2198 = CARTESIAN_POINT ( 'NONE',  ( 12.50000000000000000, 4.599999999999999645, 1.449999999999999956 ) ) ;
#2199 = PLANE ( 'NONE',  #1662 ) ;
#2200 = ORIENTED_EDGE ( 'NONE', *, *, #1023, .F. ) ;
#2201 = ADVANCED_FACE ( 'NONE', ( #103 ), #275, .F. ) ;
#2202 = DIRECTION ( 'NONE',  ( 0.000000000000000000, 0.000000000000000000, -1.000000000000000000 ) ) ;
#2203 = DIRECTION ( 'NONE',  ( -0.7071067811865414665, -0.000000000000000000, 0.7071067811865536790 ) ) ;
#2204 = VECTOR ( 'NONE', #1418, 1000.000000000000000 ) ;
#2205 = EDGE_CURVE ( 'NONE', #1711, #2125, #1539, .T. ) ;
#2206 = DIRECTION ( 'NONE',  ( 1.000000000000000000, 0.000000000000000000, 0.000000000000000000 ) ) ;
#2207 = CARTESIAN_POINT ( 'NONE',  ( -5.500000000000001776, -17.05000000000000782, 0.9999999999999863443 ) ) ;
#2208 = VERTEX_POINT ( 'NONE', #2255 ) ;
#2209 = ORIENTED_EDGE ( 'NONE', *, *, #2285, .T. ) ;
#2210 = DIRECTION ( 'NONE',  ( -1.000000000000000000, 0.000000000000000000, 0.000000000000000000 ) ) ;
#2211 = DIRECTION ( 'NONE',  ( -1.000000000000000000, 0.000000000000000000, 0.000000000000000000 ) ) ;
#2212 = VECTOR ( 'NONE', #1385, 1000.000000000000000 ) ;
#2213 = CARTESIAN_POINT ( 'NONE',  ( -5.500000000000000000, -16.60000000000000142, 0.000000000000000000 ) ) ;
#2214 = ORIENTED_EDGE ( 'NONE', *, *, #245, .T. ) ;
#2215 = DIRECTION ( 'NONE',  ( 0.000000000000000000, 0.000000000000000000, -1.000000000000000000 ) ) ;
#2216 = CARTESIAN_POINT ( 'NONE',  ( -9.870000000000025864, 12.48000000000000043, 2.000000000000000000 ) ) ;
#2217 = DIRECTION ( 'NONE',  ( 0.000000000000000000, 0.000000000000000000, -1.000000000000000000 ) ) ;
#2218 = AXIS2_PLACEMENT_3D ( 'NONE', #359, #916, #1968 ) ;
#2219 = AXIS2_PLACEMENT_3D ( 'NONE', #1463, #236, #2190 ) ;
#2220 = DIRECTION ( 'NONE',  ( 0.000000000000000000, -0.000000000000000000, 1.000000000000000000 ) ) ;
#2221 = PRESENTATION_STYLE_ASSIGNMENT (( #420 ) ) ;
#2222 = ORIENTED_EDGE ( 'NONE', *, *, #1759, .T. ) ;
#2223 = VECTOR ( 'NONE', #1145, 999.9999999999998863 ) ;
#2224 = EDGE_CURVE ( 'NONE', #190, #593, #1563, .T. ) ;
#2225 = VERTEX_POINT ( 'NONE', #1211 ) ;
#2226 = LINE ( 'NONE', #1825, #438 ) ;
#2227 = ORIENTED_EDGE ( 'NONE', *, *, #844, .F. ) ;
#2228 = ORIENTED_EDGE ( 'NONE', *, *, #1289, .T. ) ;
#2229 = CARTESIAN_POINT ( 'NONE',  ( -6.890000000000028102, 12.47999999999996490, 0.000000000000000000 ) ) ;
#2230 = DIRECTION ( 'NONE',  ( 0.000000000000000000, 0.000000000000000000, -1.000000000000000000 ) ) ;
#2231 = CARTESIAN_POINT ( 'NONE',  ( -5.840000000000027391, 12.47999999999996490, 2.000000000000000000 ) ) ;
#2232 = DIRECTION ( 'NONE',  ( 1.000000000000000000, 0.000000000000000000, -0.000000000000000000 ) ) ;
#2233 = EDGE_LOOP ( 'NONE', ( #879, #924, #209, #1842 ) ) ;
#2234 = EDGE_CURVE ( 'NONE', #2041, #842, #1138, .T. ) ;
#2235 = ORIENTED_EDGE ( 'NONE', *, *, #1023, .T. ) ;
#2236 = VERTEX_POINT ( 'NONE', #479 ) ;
#2237 = DIRECTION ( 'NONE',  ( -0.000000000000000000, -0.000000000000000000, 1.000000000000000000 ) ) ;
#2238 = ORIENTED_EDGE ( 'NONE', *, *, #194, .F. ) ;
#2239 = ORIENTED_EDGE ( 'NONE', *, *, #1360, .F. ) ;
#2240 = DIRECTION ( 'NONE',  ( 0.000000000000000000, 0.000000000000000000, -1.000000000000000000 ) ) ;
#2241 = DIRECTION ( 'NONE',  ( 1.000000000000000000, 0.000000000000000000, 0.000000000000000000 ) ) ;
#2242 = CARTESIAN_POINT ( 'NONE',  ( 12.94999999999997975, -4.599999999999999645, 0.9999999999999785727 ) ) ;
#2243 = FACE_OUTER_BOUND ( 'NONE', #114, .T. ) ;
#2244 = CARTESIAN_POINT ( 'NONE',  ( -10.92000000000000171, 15.01999999999999957, 2.000000000000000000 ) ) ;
#2245 = AXIS2_PLACEMENT_3D ( 'NONE', #239, #2203, #441 ) ;
#2246 = ORIENTED_EDGE ( 'NONE', *, *, #994, .T. ) ;
#2247 = EDGE_LOOP ( 'NONE', ( #89, #2010, #1911, #1256 ) ) ;
#2248 = EDGE_CURVE ( 'NONE', #1555, #1715, #288, .T. ) ;
#2249 = EDGE_LOOP ( 'NONE', ( #2110, #837, #897 ) ) ;
#2250 = DIRECTION ( 'NONE',  ( 1.927470528863116583E-15, -1.000000000000000000, 0.000000000000000000 ) ) ;
#2251 = VERTEX_POINT ( 'NONE', #1913 ) ;
#2252 = ADVANCED_FACE ( 'NONE', ( #657 ), #874, .F. ) ;
#2253 = VERTEX_POINT ( 'NONE', #1758 ) ;
#2254 = DIRECTION ( 'NONE',  ( -0.000000000000000000, -0.000000000000000000, -1.000000000000000000 ) ) ;
#2255 = CARTESIAN_POINT ( 'NONE',  ( -7.330000000000079119, 7.399999999999982592, 0.000000000000000000 ) ) ;
#2256 = VECTOR ( 'NONE', #1281, 1000.000000000000000 ) ;
#2257 = DIRECTION ( 'NONE',  ( 0.000000000000000000, 0.000000000000000000, -1.000000000000000000 ) ) ;
#2258 = DIRECTION ( 'NONE',  ( 1.000000000000000000, 6.505213034913024080E-14, 0.000000000000000000 ) ) ;
#2259 = AXIS2_PLACEMENT_3D ( 'NONE', #530, #1421, #1948 ) ;
#2260 = ORIENTED_EDGE ( 'NONE', *, *, #1603, .T. ) ;
#2261 = AXIS2_PLACEMENT_3D ( 'NONE', #380, #945, #1097 ) ;
#2262 = VECTOR ( 'NONE', #2119, 1000.000000000000000 ) ;
#2263 = ORIENTED_EDGE ( 'NONE', *, *, #1600, .F. ) ;
#2264 = AXIS2_PLACEMENT_3D ( 'NONE', #1979, #16, #1949 ) ;
#2265 = DIRECTION ( 'NONE',  ( -1.000000000000000000, 0.000000000000000000, 0.000000000000000000 ) ) ;
#2266 = EDGE_LOOP ( 'NONE', ( #1796, #140, #1203, #1284 ) ) ;
#2267 = DIRECTION ( 'NONE',  ( -1.000000000000000000, 0.000000000000000000, 0.000000000000000000 ) ) ;
#2268 = LINE ( 'NONE', #131, #1245 ) ;
#2269 = ADVANCED_FACE ( 'NONE', ( #166 ), #1400, .F. ) ;
#2270 = CARTESIAN_POINT ( 'NONE',  ( -9.430000000000054783, 9.939999999999983515, 0.000000000000000000 ) ) ;
#2271 = DIRECTION ( 'NONE',  ( 1.000000000000000000, 0.000000000000000000, 0.000000000000000000 ) ) ;
#2272 = UNCERTAINTY_MEASURE_WITH_UNIT (LENGTH_MEASURE( 1.000000000000000082E-05 ), #749, 'distance_accuracy_value', 'NONE');
#2273 = ORIENTED_EDGE ( 'NONE', *, *, #292, .F. ) ;
#2274 = CARTESIAN_POINT ( 'NONE',  ( -5.500000000000000888, 17.05000000000000071, 0.000000000000000000 ) ) ;
#2275 = EDGE_LOOP ( 'NONE', ( #697, #273, #799, #1174 ) ) ;
#2276 = ORIENTED_EDGE ( 'NONE', *, *, #258, .F. ) ;
#2277 = CARTESIAN_POINT ( 'NONE',  ( -7.330000000000000071, 15.01999999999998359, 2.000000000000000000 ) ) ;
#2278 = CARTESIAN_POINT ( 'NONE',  ( -13.50623058987491021, 16.59999999999999787, 0.5500000000000000444 ) ) ;
#2279 = EDGE_CURVE ( 'NONE', #2177, #1027, #517, .T. ) ;
#2280 = DIRECTION ( 'NONE',  ( -1.000000000000000000, 0.000000000000000000, 0.000000000000000000 ) ) ;
#2281 = DIRECTION ( 'NONE',  ( -0.000000000000000000, 0.000000000000000000, -1.000000000000000000 ) ) ;
#2282 = ORIENTED_EDGE ( 'NONE', *, *, #698, .F. ) ;
#2283 = EDGE_CURVE ( 'NONE', #1343, #1922, #885, .T. ) ;
#2284 = CARTESIAN_POINT ( 'NONE',  ( -5.500000000000000000, -16.60000000000000142, 0.5500000000000042633 ) ) ;
#2285 = EDGE_CURVE ( 'NONE', #1556, #486, #1267, .T. ) ;
#2286 = CONICAL_SURFACE ( 'NONE', #1104, 0.6000000000000067502, 0.7853981633974606025 ) ;
#2287 = CARTESIAN_POINT ( 'NONE',  ( -10.92000000000005500, 9.940000000000001279, 0.000000000000000000 ) ) ;
#2288 = DIRECTION ( 'NONE',  ( 0.000000000000000000, -1.000000000000000000, 0.000000000000000000 ) ) ;
#2289 = DIRECTION ( 'NONE',  ( -1.000000000000000000, 0.000000000000000000, 0.000000000000000000 ) ) ;
#2290 = CARTESIAN_POINT ( 'NONE',  ( -10.92000000000002657, 12.48000000000000043, 2.000000000000000000 ) ) ;
#2291 = LINE ( 'NONE', #2128, #2151 ) ;
#2292 = AXIS2_PLACEMENT_3D ( 'NONE', #1857, #602, #56 ) ;
#2293 = ORIENTED_EDGE ( 'NONE', *, *, #950, .F. ) ;
#2294 = VECTOR ( 'NONE', #382, 1000.000000000000000 ) ;
#2295 = LINE ( 'NONE', #734, #523 ) ;
#2296 = EDGE_CURVE ( 'NONE', #1103, #1808, #1985, .T. ) ;
#2297 = AXIS2_PLACEMENT_3D ( 'NONE', #219, #46, #2160 ) ;
#2298 = ORIENTED_EDGE ( 'NONE', *, *, #286, .F. ) ;
ENDSEC;
END-ISO-10303-21;
