ISO-10303-21;
HEADER;
FILE_DESCRIPTION (( 'STEP AP214' ),
    '1' );
FILE_NAME ('Lid.STEP',
    '2026-07-14T11:09:25',
    ( '' ),
    ( '' ),
    'SwSTEP 2.0',
    'SolidWorks 2019',
    '' );
FILE_SCHEMA (( 'AUTOMOTIVE_DESIGN' ));
ENDSEC;

DATA;
#1 = EDGE_CURVE ( 'NONE', #1126, #1609, #724, .T. ) ;
#2 = CARTESIAN_POINT ( 'NONE',  ( -4.890000000000079616, 7.399999999999964828, 2.000000000000000000 ) ) ;
#3 = EDGE_CURVE ( 'NONE', #544, #713, #902, .T. ) ;
#4 = ORIENTED_EDGE ( 'NONE', *, *, #1720, .F. ) ;
#5 = EDGE_CURVE ( 'NONE', #533, #1425, #942, .T. ) ;
#6 = LINE ( 'NONE', #888, #1781 ) ;
#7 = ORIENTED_EDGE ( 'NONE', *, *, #1543, .T. ) ;
#8 = CARTESIAN_POINT ( 'NONE',  ( -13.50623058987491021, 17.05000000000000071, 0.9999999999999941158 ) ) ;
#9 = ORIENTED_EDGE ( 'NONE', *, *, #2217, .F. ) ;
#10 = AXIS2_PLACEMENT_3D ( 'NONE', #1604, #744, #19 ) ;
#11 = DIRECTION ( 'NONE',  ( 0.000000000000000000, 0.000000000000000000, -1.000000000000000000 ) ) ;
#12 = CARTESIAN_POINT ( 'NONE',  ( -12.95000000000000107, 17.60623058987490808, 0.9999999999999967804 ) ) ;
#13 = ORIENTED_EDGE ( 'NONE', *, *, #1324, .F. ) ;
#14 = AXIS2_PLACEMENT_3D ( 'NONE', #1876, #1858, #1193 ) ;
#15 = AXIS2_PLACEMENT_3D ( 'NONE', #1953, #135, #1568 ) ;
#16 = FACE_OUTER_BOUND ( 'NONE', #442, .T. ) ;
#17 = VERTEX_POINT ( 'NONE', #1407 ) ;
#18 = VECTOR ( 'NONE', #1960, 1000.000000000000000 ) ;
#19 = DIRECTION ( 'NONE',  ( 1.000000000000000000, 0.000000000000000000, 0.000000000000000000 ) ) ;
#20 = ADVANCED_FACE ( 'NONE', ( #1241 ), #1951, .F. ) ;
#21 = EDGE_LOOP ( 'NONE', ( #1156, #462 ) ) ;
#22 = LINE ( 'NONE', #1430, #765 ) ;
#23 = DIRECTION ( 'NONE',  ( -0.7071067811865482389, 0.000000000000000000, -0.7071067811865469066 ) ) ;
#24 = EDGE_LOOP ( 'NONE', ( #1470, #557 ) ) ;
#25 = CARTESIAN_POINT ( 'NONE',  ( -6.790000000000053326, 9.939999999999963975, 0.000000000000000000 ) ) ;
#26 = ORIENTED_EDGE ( 'NONE', *, *, #1660, .F. ) ;
#27 = CARTESIAN_POINT ( 'NONE',  ( -8.380000000000025651, 12.47999999999998266, 2.000000000000000000 ) ) ;
#28 = EDGE_LOOP ( 'NONE', ( #445, #1845, #629, #1571 ) ) ;
#29 = EDGE_CURVE ( 'NONE', #1180, #2187, #380, .T. ) ;
#30 = DIRECTION ( 'NONE',  ( 1.000000000000000000, 0.000000000000000000, -0.000000000000000000 ) ) ;
#31 = ORIENTED_EDGE ( 'NONE', *, *, #848, .F. ) ;
#32 = CARTESIAN_POINT ( 'NONE',  ( -11.87000000000008093, 7.400000000000000355, 2.000000000000000000 ) ) ;
#33 = DIRECTION ( 'NONE',  ( -1.000000000000000000, 0.000000000000000000, 0.000000000000000000 ) ) ;
#34 = ADVANCED_FACE ( 'NONE', ( #210 ), #1979, .F. ) ;
#35 = ORIENTED_EDGE ( 'NONE', *, *, #766, .T. ) ;
#36 = FACE_OUTER_BOUND ( 'NONE', #703, .T. ) ;
#37 = ORIENTED_EDGE ( 'NONE', *, *, #1991, .F. ) ;
#38 = EDGE_CURVE ( 'NONE', #1798, #2008, #595, .T. ) ;
#39 = DIRECTION ( 'NONE',  ( 0.000000000000000000, 0.000000000000000000, -1.000000000000000000 ) ) ;
#40 = ORIENTED_EDGE ( 'NONE', *, *, #38, .F. ) ;
#41 = DIRECTION ( 'NONE',  ( 0.000000000000000000, 0.000000000000000000, -1.000000000000000000 ) ) ;
#42 = ORIENTED_EDGE ( 'NONE', *, *, #424, .F. ) ;
#43 = DIRECTION ( 'NONE',  ( -0.000000000000000000, -0.000000000000000000, 1.000000000000000000 ) ) ;
#44 = DIRECTION ( 'NONE',  ( 0.000000000000000000, -1.000000000000000000, 0.000000000000000000 ) ) ;
#45 = VERTEX_POINT ( 'NONE', #1140 ) ;
#46 = ADVANCED_FACE ( 'NONE', ( #57, #1841, #260, #800, #1632, #746, #84, #230, #1481, #945, #1104, #776, #1295 ), #2005, .T. ) ;
#47 = ADVANCED_FACE ( 'NONE', ( #972 ), #439, .T. ) ;
#48 = AXIS2_PLACEMENT_3D ( 'NONE', #327, #1535, #837 ) ;
#49 = EDGE_LOOP ( 'NONE', ( #610, #513, #1774, #222 ) ) ;
#50 = PLANE ( 'NONE',  #657 ) ;
#51 = ORIENTED_EDGE ( 'NONE', *, *, #697, .T. ) ;
#52 = VECTOR ( 'NONE', #1076, 999.9999999999998863 ) ;
#53 = FACE_OUTER_BOUND ( 'NONE', #1462, .T. ) ;
#54 = ORIENTED_EDGE ( 'NONE', *, *, #848, .T. ) ;
#55 = VECTOR ( 'NONE', #828, 1000.000000000000000 ) ;
#56 = CIRCLE ( 'NONE', #993, 0.9499999999999995115 ) ;
#57 = FACE_BOUND ( 'NONE', #2010, .T. ) ;
#58 = DIRECTION ( 'NONE',  ( -1.000000000000000000, 0.000000000000000000, 0.000000000000000000 ) ) ;
#59 = CARTESIAN_POINT ( 'NONE',  ( -10.92000000000007987, 7.400000000000000355, 2.000000000000000000 ) ) ;
#60 = AXIS2_PLACEMENT_3D ( 'NONE', #99, #451, #2194 ) ;
#61 = ORIENTED_EDGE ( 'NONE', *, *, #799, .T. ) ;
#62 = ORIENTED_EDGE ( 'NONE', *, *, #114, .F. ) ;
#63 = ORIENTED_EDGE ( 'NONE', *, *, #921, .T. ) ;
#64 = EDGE_CURVE ( 'NONE', #1984, #967, #1438, .T. ) ;
#65 = EDGE_LOOP ( 'NONE', ( #918, #1423, #61, #1680 ) ) ;
#66 = ORIENTED_EDGE ( 'NONE', *, *, #1414, .T. ) ;
#67 = DIRECTION ( 'NONE',  ( 0.000000000000000000, -0.7071067811865501263, 0.7071067811865450192 ) ) ;
#68 = EDGE_LOOP ( 'NONE', ( #1154, #922 ) ) ;
#69 = PLANE ( 'NONE',  #1202 ) ;
#70 = EDGE_LOOP ( 'NONE', ( #1997, #1263, #789, #718 ) ) ;
#71 = DIRECTION ( 'NONE',  ( -0.000000000000000000, -0.000000000000000000, -1.000000000000000000 ) ) ;
#72 = DIRECTION ( 'NONE',  ( -1.000000000000000000, 0.000000000000000000, 0.000000000000000000 ) ) ;
#73 = DIRECTION ( 'NONE',  ( 0.000000000000000000, -1.000000000000000000, 0.000000000000000000 ) ) ;
#74 = VERTEX_POINT ( 'NONE', #1127 ) ;
#75 = EDGE_LOOP ( 'NONE', ( #524, #2191, #304 ) ) ;
#76 = ORIENTED_EDGE ( 'NONE', *, *, #2110, .F. ) ;
#77 = DIRECTION ( 'NONE',  ( -0.000000000000000000, -0.000000000000000000, -1.000000000000000000 ) ) ;
#78 = VERTEX_POINT ( 'NONE', #1452 ) ;
#79 = ORIENTED_EDGE ( 'NONE', *, *, #148, .F. ) ;
#80 = LINE ( 'NONE', #970, #1593 ) ;
#81 = DIRECTION ( 'NONE',  ( 1.000000000000000000, 0.000000000000000000, 0.000000000000000000 ) ) ;
#82 = EDGE_CURVE ( 'NONE', #1581, #1216, #2167, .T. ) ;
#83 = EDGE_CURVE ( 'NONE', #967, #1280, #194, .T. ) ;
#84 = FACE_BOUND ( 'NONE', #1605, .T. ) ;
#85 = DIRECTION ( 'NONE',  ( 0.000000000000000000, -0.000000000000000000, 1.000000000000000000 ) ) ;
#86 = DIRECTION ( 'NONE',  ( 0.000000000000000000, 0.000000000000000000, -1.000000000000000000 ) ) ;
#87 = EDGE_LOOP ( 'NONE', ( #384, #1620 ) ) ;
#88 = EDGE_LOOP ( 'NONE', ( #1976, #142, #397, #1668 ) ) ;
#89 = DIRECTION ( 'NONE',  ( -1.000000000000000000, 0.000000000000000000, 0.000000000000000000 ) ) ;
#90 = VERTEX_POINT ( 'NONE', #1492 ) ;
#91 = LINE ( 'NONE', #2237, #1633 ) ;
#92 = AXIS2_PLACEMENT_3D ( 'NONE', #1194, #1898, #1027 ) ;
#93 = CARTESIAN_POINT ( 'NONE',  ( -13.50623058987491021, 17.05000000000000071, 0.9999999999999941158 ) ) ;
#94 = VECTOR ( 'NONE', #1627, 1000.000000000000000 ) ;
#95 = EDGE_CURVE ( 'NONE', #182, #1000, #1802, .T. ) ;
#96 = CARTESIAN_POINT ( 'NONE',  ( -5.840000000000053149, 9.939999999999963975, 2.000000000000000000 ) ) ;
#97 = VECTOR ( 'NONE', #704, 1000.000000000000000 ) ;
#98 = DIRECTION ( 'NONE',  ( -0.000000000000000000, -0.000000000000000000, -1.000000000000000000 ) ) ;
#99 = CARTESIAN_POINT ( 'NONE',  ( 12.95000000000000107, 17.60623058987490808, 1.000000000000000000 ) ) ;
#100 = EDGE_LOOP ( 'NONE', ( #1724, #1965, #944, #1044 ) ) ;
#101 = AXIS2_PLACEMENT_3D ( 'NONE', #926, #1274, #597 ) ;
#102 = LINE ( 'NONE', #1519, #1097 ) ;
#103 = ORIENTED_EDGE ( 'NONE', *, *, #444, .T. ) ;
#104 = DIRECTION ( 'NONE',  ( -0.000000000000000000, -0.000000000000000000, 1.000000000000000000 ) ) ;
#105 = LINE ( 'NONE', #1356, #2200 ) ;
#106 = CARTESIAN_POINT ( 'NONE',  ( -10.92000000000005500, 9.940000000000001279, 2.000000000000000000 ) ) ;
#107 = FACE_BOUND ( 'NONE', #1999, .T. ) ;
#108 = CARTESIAN_POINT ( 'NONE',  ( -13.50623058987491021, 16.59999999999999787, 1.449999999999999956 ) ) ;
#109 = CARTESIAN_POINT ( 'NONE',  ( -4.890000000000000568, 15.01999999999996582, 2.000000000000000000 ) ) ;
#110 = EDGE_CURVE ( 'NONE', #2048, #289, #221, .T. ) ;
#111 = VERTEX_POINT ( 'NONE', #2031 ) ;
#112 = ORIENTED_EDGE ( 'NONE', *, *, #1520, .T. ) ;
#113 = CARTESIAN_POINT ( 'NONE',  ( 5.500000000000000888, 17.05000000000000071, 0.000000000000000000 ) ) ;
#114 = EDGE_CURVE ( 'NONE', #1603, #544, #985, .T. ) ;
#115 = EDGE_CURVE ( 'NONE', #544, #1603, #1897, .T. ) ;
#116 = ORIENTED_EDGE ( 'NONE', *, *, #2131, .F. ) ;
#117 = LINE ( 'NONE', #1522, #316 ) ;
#118 = FACE_OUTER_BOUND ( 'NONE', #1294, .T. ) ;
#119 = DIRECTION ( 'NONE',  ( -0.000000000000000000, -0.000000000000000000, 1.000000000000000000 ) ) ;
#120 = DIRECTION ( 'NONE',  ( -0.000000000000000000, 0.7071067811865414665, 0.7071067811865536790 ) ) ;
#121 = CARTESIAN_POINT ( 'NONE',  ( -12.50000000000000000, 4.599999999999999645, 1.449999999999997735 ) ) ;
#122 = CARTESIAN_POINT ( 'NONE',  ( 5.500000000000000888, 17.05000000000000071, 0.9999999999999941158 ) ) ;
#123 = EDGE_LOOP ( 'NONE', ( #757, #1618, #1096 ) ) ;
#124 = DIRECTION ( 'NONE',  ( 0.000000000000000000, 0.000000000000000000, -1.000000000000000000 ) ) ;
#125 = EDGE_CURVE ( 'NONE', #1425, #1656, #1792, .T. ) ;
#126 = EDGE_LOOP ( 'NONE', ( #412, #546, #1730 ) ) ;
#127 = AXIS2_PLACEMENT_3D ( 'NONE', #2042, #268, #982 ) ;
#128 = CARTESIAN_POINT ( 'NONE',  ( -12.50000000000000000, -15.80000000000000071, 2.000000000000000000 ) ) ;
#129 = CIRCLE ( 'NONE', #2012, 0.9500000000000002887 ) ;
#130 = VECTOR ( 'NONE', #676, 1000.000000000000000 ) ;
#131 = DIRECTION ( 'NONE',  ( 1.000000000000000000, 0.000000000000000000, 0.000000000000000000 ) ) ;
#132 = VECTOR ( 'NONE', #2111, 1000.000000000000000 ) ;
#133 = VECTOR ( 'NONE', #1959, 1000.000000000000000 ) ;
#134 = EDGE_LOOP ( 'NONE', ( #1822, #1118, #54 ) ) ;
#135 = DIRECTION ( 'NONE',  ( 0.000000000000000000, 0.000000000000000000, -1.000000000000000000 ) ) ;
#136 = VECTOR ( 'NONE', #177, 1000.000000000000000 ) ;
#137 = VECTOR ( 'NONE', #73, 1000.000000000000000 ) ;
#138 = LINE ( 'NONE', #1928, #1940 ) ;
#139 = LINE ( 'NONE', #858, #1676 ) ;
#140 = DIRECTION ( 'NONE',  ( 0.000000000000000000, 0.000000000000000000, -1.000000000000000000 ) ) ;
#141 = PLANE ( 'NONE',  #1721 ) ;
#142 = ORIENTED_EDGE ( 'NONE', *, *, #1035, .T. ) ;
#143 = DIRECTION ( 'NONE',  ( -1.000000000000000000, 0.000000000000000000, 0.000000000000000000 ) ) ;
#144 = DIRECTION ( 'NONE',  ( 0.000000000000000000, 0.7071067811865540120, -0.7071067811865410224 ) ) ;
#145 = LINE ( 'NONE', #864, #1128 ) ;
#146 = ORIENTED_EDGE ( 'NONE', *, *, #423, .T. ) ;
#147 = CARTESIAN_POINT ( 'NONE',  ( -7.430000000000000604, 15.01999999999998359, 2.000000000000000000 ) ) ;
#148 = EDGE_CURVE ( 'NONE', #1625, #1955, #1124, .T. ) ;
#149 = CARTESIAN_POINT ( 'NONE',  ( 5.500000000000001776, 16.60000000000000142, 1.449999999999995515 ) ) ;
#150 = FILL_AREA_STYLE ('',( #1933 ) ) ;
#151 = CARTESIAN_POINT ( 'NONE',  ( 12.50000000000000000, 4.599999999999999645, 1.449999999999999956 ) ) ;
#152 = DIRECTION ( 'NONE',  ( -0.000000000000000000, -0.000000000000000000, 1.000000000000000000 ) ) ;
#153 = DIRECTION ( 'NONE',  ( 0.000000000000000000, 0.7071067811865536790, 0.7071067811865414665 ) ) ;
#154 = DIRECTION ( 'NONE',  ( -1.000000000000000000, 0.000000000000000000, 0.000000000000000000 ) ) ;
#155 = VERTEX_POINT ( 'NONE', #1307 ) ;
#156 = AXIS2_PLACEMENT_3D ( 'NONE', #1114, #1270, #1827 ) ;
#157 = CARTESIAN_POINT ( 'NONE',  ( 5.500000000000001776, -16.60000000000001563, 0.5500000000000183631 ) ) ;
#158 = CARTESIAN_POINT ( 'NONE',  ( -5.840000000000000746, 15.01999999999996582, 0.000000000000000000 ) ) ;
#159 = CYLINDRICAL_SURFACE ( 'NONE', #772, 0.9499999999999995115 ) ;
#160 = AXIS2_PLACEMENT_3D ( 'NONE', #27, #183, #2148 ) ;
#161 = ADVANCED_FACE ( 'NONE', ( #1174 ), #2228, .F. ) ;
#162 = EDGE_CURVE ( 'NONE', #1190, #1984, #1746, .T. ) ;
#163 = EDGE_LOOP ( 'NONE', ( #564, #1112, #740, #1447 ) ) ;
#164 = CARTESIAN_POINT ( 'NONE',  ( 12.50000000000000000, -7.599999999999998757, 1.449999999999999956 ) ) ;
#165 = AXIS2_PLACEMENT_3D ( 'NONE', #796, #1004, #978 ) ;
#166 = VECTOR ( 'NONE', #1599, 1000.000000000000000 ) ;
#167 = VECTOR ( 'NONE', #152, 1000.000000000000000 ) ;
#168 = VECTOR ( 'NONE', #1553, 1000.000000000000000 ) ;
#169 = FACE_OUTER_BOUND ( 'NONE', #184, .T. ) ;
#170 = VERTEX_POINT ( 'NONE', #1151 ) ;
#171 = EDGE_CURVE ( 'NONE', #713, #1806, #905, .T. ) ;
#172 = CARTESIAN_POINT ( 'NONE',  ( 3.499999999999999556, 17.04999999999999716, 0.9999999999999895639 ) ) ;
#173 = DIRECTION ( 'NONE',  ( 0.000000000000000000, 0.000000000000000000, -1.000000000000000000 ) ) ;
#174 =( NAMED_UNIT ( * ) PLANE_ANGLE_UNIT ( ) SI_UNIT ( $, .RADIAN. ) );
#175 = ORIENTED_EDGE ( 'NONE', *, *, #628, .F. ) ;
#176 = FACE_OUTER_BOUND ( 'NONE', #897, .T. ) ;
#177 = DIRECTION ( 'NONE',  ( -0.000000000000000000, -0.000000000000000000, -1.000000000000000000 ) ) ;
#178 = ADVANCED_FACE ( 'NONE', ( #1675 ), #472, .F. ) ;
#179 = ADVANCED_FACE ( 'NONE', ( #1160 ), #296, .F. ) ;
#180 = EDGE_CURVE ( 'NONE', #1869, #1231, #632, .T. ) ;
#181 = DIRECTION ( 'NONE',  ( 0.7071067811865483499, 0.000000000000000000, -0.7071067811865467956 ) ) ;
#182 = VERTEX_POINT ( 'NONE', #1863 ) ;
#183 = DIRECTION ( 'NONE',  ( 0.000000000000000000, 0.000000000000000000, -1.000000000000000000 ) ) ;
#184 = EDGE_LOOP ( 'NONE', ( #1985, #779, #1464 ) ) ;
#185 = CARTESIAN_POINT ( 'NONE',  ( -13.50623058987491021, 17.05000000000000071, 0.9999999999999941158 ) ) ;
#186 = ORIENTED_EDGE ( 'NONE', *, *, #1918, .F. ) ;
#187 = DIRECTION ( 'NONE',  ( -0.000000000000000000, -0.000000000000000000, -1.000000000000000000 ) ) ;
#188 = DIRECTION ( 'NONE',  ( 0.000000000000000000, 0.000000000000000000, -1.000000000000000000 ) ) ;
#189 = EDGE_CURVE ( 'NONE', #600, #790, #1060, .T. ) ;
#190 = CARTESIAN_POINT ( 'NONE',  ( -3.499999999999999556, 16.60000000000000142, 1.449999999999996403 ) ) ;
#191 = EDGE_LOOP ( 'NONE', ( #2129, #581, #2061, #2035 ) ) ;
#192 = CARTESIAN_POINT ( 'NONE',  ( -8.380000000000025651, 12.47999999999998266, 0.000000000000000000 ) ) ;
#193 = EDGE_LOOP ( 'NONE', ( #435, #1221, #1289, #1165, #1299, #1779, #263, #591 ) ) ;
#194 = CIRCLE ( 'NONE', #683, 0.9500000000000002887 ) ;
#195 = ORIENTED_EDGE ( 'NONE', *, *, #819, .F. ) ;
#196 = AXIS2_PLACEMENT_3D ( 'NONE', #1582, #1394, #2103 ) ;
#197 = DIRECTION ( 'NONE',  ( -1.000000000000000000, 0.000000000000000000, 0.000000000000000000 ) ) ;
#198 = DIRECTION ( 'NONE',  ( -0.000000000000000000, -0.000000000000000000, -1.000000000000000000 ) ) ;
#199 = VECTOR ( 'NONE', #1698, 1000.000000000000000 ) ;
#200 = EDGE_LOOP ( 'NONE', ( #1628, #1397, #1268, #673 ) ) ;
#201 = AXIS2_PLACEMENT_3D ( 'NONE', #1896, #1697, #2076 ) ;
#202 = VECTOR ( 'NONE', #1008, 1000.000000000000000 ) ;
#203 = AXIS2_PLACEMENT_3D ( 'NONE', #549, #1635, #232 ) ;
#204 = LINE ( 'NONE', #1475, #1787 ) ;
#205 = ORIENTED_EDGE ( 'NONE', *, *, #82, .T. ) ;
#206 =( GEOMETRIC_REPRESENTATION_CONTEXT ( 3 ) GLOBAL_UNCERTAINTY_ASSIGNED_CONTEXT ( ( #1950 ) ) GLOBAL_UNIT_ASSIGNED_CONTEXT ( ( #496, #1148, #1948 ) ) REPRESENTATION_CONTEXT ( 'NONE', 'WORKASPACE' ) );
#207 = LINE ( 'NONE', #2285, #1820 ) ;
#208 = ORIENTED_EDGE ( 'NONE', *, *, #1377, .F. ) ;
#209 = ADVANCED_FACE ( 'NONE', ( #1524 ), #996, .F. ) ;
#210 = FACE_OUTER_BOUND ( 'NONE', #1115, .T. ) ;
#211 = ORIENTED_EDGE ( 'NONE', *, *, #706, .F. ) ;
#212 = DIRECTION ( 'NONE',  ( 0.000000000000000000, 0.000000000000000000, -1.000000000000000000 ) ) ;
#213 = CARTESIAN_POINT ( 'NONE',  ( -10.92000000000007987, 7.400000000000000355, 0.000000000000000000 ) ) ;
#214 = VERTEX_POINT ( 'NONE', #2054 ) ;
#215 = ADVANCED_FACE ( 'NONE', ( #563 ), #522, .F. ) ;
#216 = FACE_OUTER_BOUND ( 'NONE', #75, .T. ) ;
#217 = ORIENTED_EDGE ( 'NONE', *, *, #162, .T. ) ;
#218 = LINE ( 'NONE', #93, #2274 ) ;
#219 = EDGE_LOOP ( 'NONE', ( #1638, #2133, #1333, #681 ) ) ;
#220 = EDGE_CURVE ( 'NONE', #1980, #2147, #719, .T. ) ;
#221 = LINE ( 'NONE', #582, #565 ) ;
#222 = ORIENTED_EDGE ( 'NONE', *, *, #1735, .F. ) ;
#223 = CARTESIAN_POINT ( 'NONE',  ( -11.69999999999999929, 16.40000000000000924, 2.000000000000000000 ) ) ;
#224 = CYLINDRICAL_SURFACE ( 'NONE', #1534, 0.9499999999999995115 ) ;
#225 = ORIENTED_EDGE ( 'NONE', *, *, #2034, .F. ) ;
#226 = DIRECTION ( 'NONE',  ( 0.7071067811865483499, 0.000000000000000000, -0.7071067811865467956 ) ) ;
#227 = ORIENTED_EDGE ( 'NONE', *, *, #1040, .T. ) ;
#228 = LINE ( 'NONE', #394, #1201 ) ;
#229 = ORIENTED_EDGE ( 'NONE', *, *, #2110, .T. ) ;
#230 = FACE_BOUND ( 'NONE', #1450, .T. ) ;
#231 = CARTESIAN_POINT ( 'NONE',  ( -12.50000000000000000, -16.60000000000000142, 2.000000000000000000 ) ) ;
#232 = DIRECTION ( 'NONE',  ( -1.000000000000000000, 0.000000000000000000, 0.000000000000000000 ) ) ;
#233 = AXIS2_PLACEMENT_3D ( 'NONE', #1851, #1514, #1688 ) ;
#234 = VERTEX_POINT ( 'NONE', #1055 ) ;
#235 = VECTOR ( 'NONE', #1359, 1000.000000000000114 ) ;
#236 = ORIENTED_EDGE ( 'NONE', *, *, #284, .F. ) ;
#237 = CIRCLE ( 'NONE', #2278, 0.9499999999999995115 ) ;
#238 = ORIENTED_EDGE ( 'NONE', *, *, #625, .T. ) ;
#239 = CARTESIAN_POINT ( 'NONE',  ( 3.499999999999999556, 16.59999999999999787, 0.5500000000000000444 ) ) ;
#240 = EDGE_LOOP ( 'NONE', ( #615, #2117, #1442, #2075 ) ) ;
#241 = CIRCLE ( 'NONE', #473, 0.9499999999999995115 ) ;
#242 = CARTESIAN_POINT ( 'NONE',  ( 12.50000000000000000, 16.60000000000000142, 0.000000000000000000 ) ) ;
#243 = ORIENTED_EDGE ( 'NONE', *, *, #95, .T. ) ;
#244 = VECTOR ( 'NONE', #43, 1000.000000000000000 ) ;
#245 = EDGE_CURVE ( 'NONE', #1507, #516, #653, .T. ) ;
#246 = VECTOR ( 'NONE', #778, 1000.000000000000000 ) ;
#247 = CARTESIAN_POINT ( 'NONE',  ( -8.380000000000080718, 7.399999999999982592, 2.000000000000000000 ) ) ;
#248 = CYLINDRICAL_SURFACE ( 'NONE', #658, 0.9499999999999995115 ) ;
#249 = DIRECTION ( 'NONE',  ( 0.000000000000000000, -1.000000000000000000, 0.000000000000000000 ) ) ;
#250 = VERTEX_POINT ( 'NONE', #1788 ) ;
#251 = ORIENTED_EDGE ( 'NONE', *, *, #379, .F. ) ;
#252 = ORIENTED_EDGE ( 'NONE', *, *, #1906, .T. ) ;
#253 = EDGE_LOOP ( 'NONE', ( #781, #42, #831, #1454 ) ) ;
#254 = EDGE_CURVE ( 'NONE', #1473, #214, #1740, .T. ) ;
#255 = ADVANCED_FACE ( 'NONE', ( #1078 ), #1754, .F. ) ;
#256 = ORIENTED_EDGE ( 'NONE', *, *, #2239, .F. ) ;
#257 = CARTESIAN_POINT ( 'NONE',  ( 11.70000000000000107, -15.80000000000000071, 1.800000000000011591 ) ) ;
#258 = LINE ( 'NONE', #447, #1903 ) ;
#259 = VERTEX_POINT ( 'NONE', #1088 ) ;
#260 = FACE_BOUND ( 'NONE', #1312, .T. ) ;
#261 = FACE_OUTER_BOUND ( 'NONE', #536, .T. ) ;
#262 = LINE ( 'NONE', #647, #885 ) ;
#263 = ORIENTED_EDGE ( 'NONE', *, *, #2158, .T. ) ;
#264 = DIRECTION ( 'NONE',  ( -1.000000000000000000, 0.000000000000000000, 0.000000000000000000 ) ) ;
#265 = VERTEX_POINT ( 'NONE', #898 ) ;
#266 = CARTESIAN_POINT ( 'NONE',  ( 5.500000000000001776, 16.60000000000000142, 0.000000000000000000 ) ) ;
#267 = DIRECTION ( 'NONE',  ( 0.000000000000000000, 0.7071067811865410224, -0.7071067811865540120 ) ) ;
#268 = DIRECTION ( 'NONE',  ( 0.000000000000000000, 0.000000000000000000, -1.000000000000000000 ) ) ;
#269 = DIRECTION ( 'NONE',  ( 1.000000000000000000, 0.000000000000000000, 0.000000000000000000 ) ) ;
#270 = CARTESIAN_POINT ( 'NONE',  ( -11.87000000000000099, 15.01999999999999957, 0.000000000000000000 ) ) ;
#271 = ORIENTED_EDGE ( 'NONE', *, *, #2177, .T. ) ;
#272 = DIRECTION ( 'NONE',  ( -0.000000000000000000, -0.000000000000000000, 1.000000000000000000 ) ) ;
#273 = EDGE_CURVE ( 'NONE', #2256, #265, #1222, .T. ) ;
#274 = VECTOR ( 'NONE', #1419, 1000.000000000000000 ) ;
#275 = EDGE_LOOP ( 'NONE', ( #2235, #2045 ) ) ;
#276 = VECTOR ( 'NONE', #2163, 1000.000000000000114 ) ;
#277 = CYLINDRICAL_SURFACE ( 'NONE', #1271, 0.9499999999999995115 ) ;
#278 = AXIS2_PLACEMENT_3D ( 'NONE', #1549, #1212, #2101 ) ;
#279 = CARTESIAN_POINT ( 'NONE',  ( -8.380000000000054072, 9.939999999999983515, 2.000000000000000000 ) ) ;
#280 = VECTOR ( 'NONE', #834, 1000.000000000000000 ) ;
#281 = DIRECTION ( 'NONE',  ( 0.000000000000000000, 1.000000000000000000, 0.000000000000000000 ) ) ;
#282 = AXIS2_PLACEMENT_3D ( 'NONE', #1899, #140, #1544 ) ;
#283 = FACE_BOUND ( 'NONE', #68, .T. ) ;
#284 = EDGE_CURVE ( 'NONE', #111, #1472, #1922, .T. ) ;
#285 = EDGE_CURVE ( 'NONE', #533, #931, #207, .T. ) ;
#286 = CARTESIAN_POINT ( 'NONE',  ( 12.50000000000000000, 17.60623058987490808, 0.5500000000000000444 ) ) ;
#287 = DIRECTION ( 'NONE',  ( 0.7071067811865483499, 0.000000000000000000, -0.7071067811865467956 ) ) ;
#288 = CIRCLE ( 'NONE', #1562, 0.9499999999999995115 ) ;
#289 = VERTEX_POINT ( 'NONE', #1572 ) ;
#290 = ORIENTED_EDGE ( 'NONE', *, *, #1414, .F. ) ;
#291 = VECTOR ( 'NONE', #1179, 1000.000000000000114 ) ;
#292 = DIRECTION ( 'NONE',  ( 1.000000000000000000, -1.927470528863123289E-15, 0.000000000000000000 ) ) ;
#293 = EDGE_LOOP ( 'NONE', ( #795, #2106, #2126 ) ) ;
#294 = PLANE ( 'NONE',  #14 ) ;
#295 = CARTESIAN_POINT ( 'NONE',  ( 12.50000000000000000, -16.60000000000000142, 2.000000000000000000 ) ) ;
#296 = PLANE ( 'NONE',  #1303 ) ;
#297 = CARTESIAN_POINT ( 'NONE',  ( 12.50000000000000000, 15.79999999999998472, 0.000000000000000000 ) ) ;
#298 = LINE ( 'NONE', #1178, #2123 ) ;
#299 = DIRECTION ( 'NONE',  ( -1.000000000000000000, 0.000000000000000000, 0.000000000000000000 ) ) ;
#300 = ADVANCED_FACE ( 'NONE', ( #701 ), #1773, .T. ) ;
#301 = EDGE_CURVE ( 'NONE', #338, #1049, #651, .T. ) ;
#302 = VERTEX_POINT ( 'NONE', #172 ) ;
#303 = DIRECTION ( 'NONE',  ( -0.000000000000000000, -0.000000000000000000, -1.000000000000000000 ) ) ;
#304 = ORIENTED_EDGE ( 'NONE', *, *, #799, .F. ) ;
#305 = CARTESIAN_POINT ( 'NONE',  ( -8.380000000000000782, 15.01999999999998359, 2.000000000000000000 ) ) ;
#306 = CARTESIAN_POINT ( 'NONE',  ( -6.790000000000053326, 9.939999999999963975, 2.000000000000000000 ) ) ;
#307 = PLANE ( 'NONE',  #807 ) ;
#308 = DIRECTION ( 'NONE',  ( 0.000000000000000000, 1.000000000000000000, 0.000000000000000000 ) ) ;
#309 = ORIENTED_EDGE ( 'NONE', *, *, #1281, .F. ) ;
#310 = DIRECTION ( 'NONE',  ( -1.000000000000000000, -1.927470528863123289E-15, 0.000000000000000000 ) ) ;
#311 = AXIS2_PLACEMENT_3D ( 'NONE', #448, #41, #756 ) ;
#312 = CARTESIAN_POINT ( 'NONE',  ( -11.69999999999999929, -16.60000000000000142, 1.800000000000011591 ) ) ;
#313 = VECTOR ( 'NONE', #720, 1000.000000000000000 ) ;
#314 = VECTOR ( 'NONE', #825, 1000.000000000000000 ) ;
#315 = FACE_OUTER_BOUND ( 'NONE', #803, .T. ) ;
#316 = VECTOR ( 'NONE', #1354, 1000.000000000000000 ) ;
#317 = CARTESIAN_POINT ( 'NONE',  ( -11.87000000000008093, 7.400000000000000355, 2.000000000000000000 ) ) ;
#318 = CARTESIAN_POINT ( 'NONE',  ( -10.92000000000000171, 15.01999999999999957, 0.000000000000000000 ) ) ;
#319 = CIRCLE ( 'NONE', #1315, 0.9500000000000002887 ) ;
#320 = ORIENTED_EDGE ( 'NONE', *, *, #110, .F. ) ;
#321 = DIRECTION ( 'NONE',  ( 1.000000000000000000, 1.301042606982604690E-14, 0.000000000000000000 ) ) ;
#322 = AXIS2_PLACEMENT_3D ( 'NONE', #8, #722, #1417 ) ;
#323 = VECTOR ( 'NONE', #1924, 1000.000000000000000 ) ;
#324 = CARTESIAN_POINT ( 'NONE',  ( -5.500000000000000000, -17.05000000000000071, 0.9999999999999941158 ) ) ;
#325 = EDGE_CURVE ( 'NONE', #908, #2016, #6, .T. ) ;
#326 = DIRECTION ( 'NONE',  ( 0.000000000000000000, 0.000000000000000000, -1.000000000000000000 ) ) ;
#327 = CARTESIAN_POINT ( 'NONE',  ( -11.70000000000000107, 15.79999999999999893, 0.000000000000000000 ) ) ;
#328 = PLANE ( 'NONE',  #1499 ) ;
#329 = DIRECTION ( 'NONE',  ( -1.000000000000000000, 0.000000000000000000, 0.000000000000000000 ) ) ;
#330 = ORIENTED_EDGE ( 'NONE', *, *, #1906, .F. ) ;
#331 = DIRECTION ( 'NONE',  ( 0.000000000000000000, 0.7071067811865410224, -0.7071067811865540120 ) ) ;
#332 = LINE ( 'NONE', #1558, #1826 ) ;
#333 = LINE ( 'NONE', #2, #571 ) ;
#334 = EDGE_LOOP ( 'NONE', ( #1439, #62, #1970, #1501 ) ) ;
#335 = DIRECTION ( 'NONE',  ( -1.927470528863138277E-15, 1.000000000000000000, 0.000000000000000000 ) ) ;
#336 = CARTESIAN_POINT ( 'NONE',  ( -11.69999999999999929, -16.60000000000000142, 0.000000000000000000 ) ) ;
#337 = PLANE ( 'NONE',  #2251 ) ;
#338 = VERTEX_POINT ( 'NONE', #2292 ) ;
#339 = CARTESIAN_POINT ( 'NONE',  ( -5.500000000000000000, -16.60000000000000142, 0.5500000000000042633 ) ) ;
#340 = EDGE_CURVE ( 'NONE', #790, #927, #1234, .T. ) ;
#341 = PLANE ( 'NONE',  #2246 ) ;
#342 = CARTESIAN_POINT ( 'NONE',  ( -11.70000000000000107, 15.79999999999999893, 2.000000000000000000 ) ) ;
#343 = ORIENTED_EDGE ( 'NONE', *, *, #110, .T. ) ;
#344 = CLOSED_SHELL ( 'NONE', ( #2070, #209, #1474, #1739, #1085, #847, #2277, #215, #1761, #1744, #2004, #1992, #1706, #457, #736, #454, #2132, #2071, #2051, #2260, #1427, #499, #534, #2179, #46, #606, #1639, #300, #1963, #1743, #594, #469, #1239, #638, #869, #792, #1075, #47, #767, #1786, #365, #374, #1461, #532, #178, #716, #2109, #1339, #670, #34, #808, #1986, #1894, #1182, #936, #1854, #1074, #161, #1403, #907, #179, #2295, #1727, #1921, #1949, #891, #1579, #980, #20, #1815, #798, #1927, #255, #1762 ) ) ;
#345 = CARTESIAN_POINT ( 'NONE',  ( -5.840000000000027391, 12.47999999999996490, 2.000000000000000000 ) ) ;
#346 = LINE ( 'NONE', #889, #851 ) ;
#347 = SURFACE_STYLE_FILL_AREA ( #150 ) ;
#348 = VECTOR ( 'NONE', #119, 1000.000000000000000 ) ;
#349 = EDGE_CURVE ( 'NONE', #1955, #1625, #1935, .T. ) ;
#350 = ORIENTED_EDGE ( 'NONE', *, *, #559, .F. ) ;
#351 = CIRCLE ( 'NONE', #1269, 0.9500000000000002887 ) ;
#352 = CYLINDRICAL_SURFACE ( 'NONE', #1095, 0.9499999999999995115 ) ;
#353 = CARTESIAN_POINT ( 'NONE',  ( -12.95000000000000107, 4.599999999999999645, 0.000000000000000000 ) ) ;
#354 = CIRCLE ( 'NONE', #1637, 0.9500000000000002887 ) ;
#355 = AXIS2_PLACEMENT_3D ( 'NONE', #1611, #1107, #1286 ) ;
#356 = COLOUR_RGB ( '',1.000000000000000000, 1.000000000000000000, 1.000000000000000000 ) ;
#357 = DIRECTION ( 'NONE',  ( 0.000000000000000000, 0.7071067811865536790, -0.7071067811865414665 ) ) ;
#358 = ORIENTED_EDGE ( 'NONE', *, *, #1962, .T. ) ;
#359 = DIRECTION ( 'NONE',  ( 1.362927481496348147E-15, 0.7071067811865540120, -0.7071067811865410224 ) ) ;
#360 = ORIENTED_EDGE ( 'NONE', *, *, #1573, .T. ) ;
#361 = DIRECTION ( 'NONE',  ( 1.000000000000000000, 0.000000000000000000, 0.000000000000000000 ) ) ;
#362 = DIRECTION ( 'NONE',  ( 1.000000000000000000, -1.927470528863138277E-15, 0.000000000000000000 ) ) ;
#363 = LINE ( 'NONE', #1769, #691 ) ;
#364 = FACE_OUTER_BOUND ( 'NONE', #2250, .T. ) ;
#365 = ADVANCED_FACE ( 'NONE', ( #909 ), #1257, .F. ) ;
#366 = CARTESIAN_POINT ( 'NONE',  ( 12.95000000000000107, -7.599999999999998757, 1.000000000000000000 ) ) ;
#367 = ORIENTED_EDGE ( 'NONE', *, *, #1010, .T. ) ;
#368 = CYLINDRICAL_SURFACE ( 'NONE', #426, 0.9499999999999995115 ) ;
#369 = VERTEX_POINT ( 'NONE', #531 ) ;
#370 = ORIENTED_EDGE ( 'NONE', *, *, #2022, .T. ) ;
#371 = CARTESIAN_POINT ( 'NONE',  ( 11.70000000000000107, -15.80000000000000071, 2.000000000000000000 ) ) ;
#372 = CARTESIAN_POINT ( 'NONE',  ( -12.95000000000000107, 17.60623058987490808, 0.9999999999999967804 ) ) ;
#373 = ORIENTED_EDGE ( 'NONE', *, *, #1607, .F. ) ;
#374 = ADVANCED_FACE ( 'NONE', ( #1945 ), #368, .F. ) ;
#375 = CARTESIAN_POINT ( 'NONE',  ( -12.30000000000000782, 15.79999999999999893, 2.000000000000000000 ) ) ;
#376 = VERTEX_POINT ( 'NONE', #1966 ) ;
#377 = DIRECTION ( 'NONE',  ( 1.000000000000000000, 1.927470528863138277E-15, 0.000000000000000000 ) ) ;
#378 = ORIENTED_EDGE ( 'NONE', *, *, #2068, .T. ) ;
#379 = EDGE_CURVE ( 'NONE', #2112, #1955, #592, .T. ) ;
#380 = LINE ( 'NONE', #151, #841 ) ;
#381 = DIRECTION ( 'NONE',  ( -1.000000000000000000, 0.000000000000000000, 0.000000000000000000 ) ) ;
#382 = LINE ( 'NONE', #1431, #1500 ) ;
#383 = AXIS2_PLACEMENT_3D ( 'NONE', #1880, #1551, #2242 ) ;
#384 = ORIENTED_EDGE ( 'NONE', *, *, #114, .T. ) ;
#385 = VECTOR ( 'NONE', #104, 1000.000000000000000 ) ;
#386 = ORIENTED_EDGE ( 'NONE', *, *, #941, .F. ) ;
#387 = AXIS2_PLACEMENT_3D ( 'NONE', #371, #2141, #1577 ) ;
#388 = DIRECTION ( 'NONE',  ( 1.000000000000000000, 0.000000000000000000, 0.000000000000000000 ) ) ;
#389 = VECTOR ( 'NONE', #842, 1000.000000000000000 ) ;
#390 = CARTESIAN_POINT ( 'NONE',  ( 12.94999999999999929, -4.600000000000000533, 0.000000000000000000 ) ) ;
#391 = EDGE_CURVE ( 'NONE', #302, #957, #1465, .T. ) ;
#392 = VERTEX_POINT ( 'NONE', #604 ) ;
#393 = CIRCLE ( 'NONE', #1098, 0.9499999999999995115 ) ;
#394 = CARTESIAN_POINT ( 'NONE',  ( -12.50000000000000000, 17.60623058987490808, 0.5499999999999970468 ) ) ;
#395 = ORIENTED_EDGE ( 'NONE', *, *, #1113, .T. ) ;
#396 = CARTESIAN_POINT ( 'NONE',  ( -13.50623058987491021, -16.59999999999999787, 1.449999999999999956 ) ) ;
#397 = ORIENTED_EDGE ( 'NONE', *, *, #680, .T. ) ;
#398 = DIRECTION ( 'NONE',  ( -1.362927481496330792E-15, 0.7071067811865450192, -0.7071067811865501263 ) ) ;
#399 = CARTESIAN_POINT ( 'NONE',  ( 5.500000000000001776, -16.60000000000000142, 1.449999999999996403 ) ) ;
#400 = EDGE_LOOP ( 'NONE', ( #309, #1250, #103, #1266 ) ) ;
#401 = PLANE ( 'NONE',  #1236 ) ;
#402 = ORIENTED_EDGE ( 'NONE', *, *, #1554, .F. ) ;
#403 = CARTESIAN_POINT ( 'NONE',  ( -13.50623058987491021, -16.59999999999999787, 1.449999999999999956 ) ) ;
#404 = ORIENTED_EDGE ( 'NONE', *, *, #2068, .F. ) ;
#405 = DIRECTION ( 'NONE',  ( 0.000000000000000000, 0.000000000000000000, -1.000000000000000000 ) ) ;
#406 = ORIENTED_EDGE ( 'NONE', *, *, #1264, .F. ) ;
#407 = DIRECTION ( 'NONE',  ( 0.000000000000000000, 0.000000000000000000, -1.000000000000000000 ) ) ;
#408 = CARTESIAN_POINT ( 'NONE',  ( 12.95000000000000107, 17.60623058987490808, 1.000000000000000000 ) ) ;
#409 = EDGE_LOOP ( 'NONE', ( #7, #1973, #953, #1402 ) ) ;
#410 = EDGE_LOOP ( 'NONE', ( #367, #1550, #452, #1337 ) ) ;
#411 = ORIENTED_EDGE ( 'NONE', *, *, #1219, .T. ) ;
#412 = ORIENTED_EDGE ( 'NONE', *, *, #1189, .T. ) ;
#413 = FACE_OUTER_BOUND ( 'NONE', #1943, .T. ) ;
#414 = VERTEX_POINT ( 'NONE', #1989 ) ;
#415 = EDGE_CURVE ( 'NONE', #1280, #967, #129, .T. ) ;
#416 = CARTESIAN_POINT ( 'NONE',  ( 3.499999999999999556, 16.60000000000001563, 0.5500000000000163647 ) ) ;
#417 = ORIENTED_EDGE ( 'NONE', *, *, #2276, .F. ) ;
#418 = EDGE_CURVE ( 'NONE', #78, #1126, #1150, .T. ) ;
#419 = CARTESIAN_POINT ( 'NONE',  ( -6.790000000000080860, 7.399999999999964828, 2.000000000000000000 ) ) ;
#420 = DIRECTION ( 'NONE',  ( -0.7071067811865483499, 0.000000000000000000, 0.7071067811865467956 ) ) ;
#421 = DIRECTION ( 'NONE',  ( -0.000000000000000000, -0.000000000000000000, -1.000000000000000000 ) ) ;
#422 = AXIS2_PLACEMENT_3D ( 'NONE', #1467, #2204, #2182 ) ;
#423 = EDGE_CURVE ( 'NONE', #155, #2187, #1503, .T. ) ;
#424 = EDGE_CURVE ( 'NONE', #2256, #17, #228, .T. ) ;
#425 = EDGE_LOOP ( 'NONE', ( #771, #2039, #1658, #1261 ) ) ;
#426 = AXIS2_PLACEMENT_3D ( 'NONE', #1426, #2139, #553 ) ;
#427 = VECTOR ( 'NONE', #866, 1000.000000000000000 ) ;
#428 = VERTEX_POINT ( 'NONE', #943 ) ;
#429 = ORIENTED_EDGE ( 'NONE', *, *, #2267, .F. ) ;
#430 = CIRCLE ( 'NONE', #809, 0.9499999999999995115 ) ;
#431 = ORIENTED_EDGE ( 'NONE', *, *, #731, .T. ) ;
#432 = DIRECTION ( 'NONE',  ( 0.000000000000000000, -0.7071067811865450192, -0.7071067811865501263 ) ) ;
#433 = CIRCLE ( 'NONE', #1977, 0.9499999999999995115 ) ;
#434 = DIRECTION ( 'NONE',  ( 1.000000000000000000, 0.000000000000000000, 0.000000000000000000 ) ) ;
#435 = ORIENTED_EDGE ( 'NONE', *, *, #920, .T. ) ;
#436 = AXIS2_PLACEMENT_3D ( 'NONE', #453, #1022, #264 ) ;
#437 = PRODUCT_DEFINITION ( '未知', '', #1030, #2294 ) ;
#438 = CIRCLE ( 'NONE', #994, 0.9499999999999995115 ) ;
#439 = PLANE ( 'NONE',  #156 ) ;
#440 = CARTESIAN_POINT ( 'NONE',  ( 11.70000000000000107, 16.60000000000000142, 2.000000000000000000 ) ) ;
#441 = CARTESIAN_POINT ( 'NONE',  ( -5.500000000000001776, -17.05000000000000782, 0.9999999999999863443 ) ) ;
#442 = EDGE_LOOP ( 'NONE', ( #1930, #755, #1508, #350 ) ) ;
#443 = CARTESIAN_POINT ( 'NONE',  ( -3.499999999999999556, -17.05000000000000071, 0.9999999999999958922 ) ) ;
#444 = EDGE_CURVE ( 'NONE', #1488, #1383, #1662, .T. ) ;
#445 = ORIENTED_EDGE ( 'NONE', *, *, #1376, .F. ) ;
#446 = PLANE ( 'NONE',  #1024 ) ;
#447 = CARTESIAN_POINT ( 'NONE',  ( 11.70000000000000107, -16.60000000000000142, 1.800000000000011591 ) ) ;
#448 = CARTESIAN_POINT ( 'NONE',  ( -8.380000000000080718, 7.399999999999982592, 2.000000000000000000 ) ) ;
#449 = EDGE_CURVE ( 'NONE', #17, #583, #754, .T. ) ;
#450 = CARTESIAN_POINT ( 'NONE',  ( -5.500000000000000000, -16.60000000000000142, 0.000000000000000000 ) ) ;
#451 = DIRECTION ( 'NONE',  ( 0.7071067811865469066, 0.000000000000000000, -0.7071067811865482389 ) ) ;
#452 = ORIENTED_EDGE ( 'NONE', *, *, #1211, .F. ) ;
#453 = CARTESIAN_POINT ( 'NONE',  ( -5.840000000000080682, 7.399999999999964828, 2.000000000000000000 ) ) ;
#454 = ADVANCED_FACE ( 'NONE', ( #53 ), #1617, .T. ) ;
#455 = ORIENTED_EDGE ( 'NONE', *, *, #325, .F. ) ;
#456 = DIRECTION ( 'NONE',  ( -0.000000000000000000, -0.000000000000000000, -1.000000000000000000 ) ) ;
#457 = ADVANCED_FACE ( 'NONE', ( #797 ), #1673, .T. ) ;
#458 = FACE_BOUND ( 'NONE', #1235, .T. ) ;
#459 = DIRECTION ( 'NONE',  ( -1.000000000000000000, 0.000000000000000000, 0.000000000000000000 ) ) ;
#460 = LINE ( 'NONE', #2006, #617 ) ;
#461 = DIRECTION ( 'NONE',  ( 0.000000000000000000, 0.000000000000000000, -1.000000000000000000 ) ) ;
#462 = ORIENTED_EDGE ( 'NONE', *, *, #171, .F. ) ;
#463 = VERTEX_POINT ( 'NONE', #1975 ) ;
#464 = CARTESIAN_POINT ( 'NONE',  ( -12.50000000000000000, 15.79999999999998472, 1.800000000000011591 ) ) ;
#465 = ORIENTED_EDGE ( 'NONE', *, *, #1073, .T. ) ;
#466 = CARTESIAN_POINT ( 'NONE',  ( -3.499999999999999556, -17.05000000000000071, 0.000000000000000000 ) ) ;
#467 = CIRCLE ( 'NONE', #383, 0.9499999999999995115 ) ;
#468 = LINE ( 'NONE', #656, #199 ) ;
#469 = ADVANCED_FACE ( 'NONE', ( #1267 ), #1823, .T. ) ;
#470 = EDGE_CURVE ( 'NONE', #302, #2097, #218, .T. ) ;
#471 = VECTOR ( 'NONE', #684, 1000.000000000000000 ) ;
#472 = CYLINDRICAL_SURFACE ( 'NONE', #1780, 0.9499999999999995115 ) ;
#473 = AXIS2_PLACEMENT_3D ( 'NONE', #622, #1321, #1665 ) ;
#474 = CARTESIAN_POINT ( 'NONE',  ( 12.30000000000000959, 0.000000000000000000, 2.000000000000000000 ) ) ;
#475 = LINE ( 'NONE', #317, #2063 ) ;
#476 = DIRECTION ( 'NONE',  ( 0.000000000000000000, -0.000000000000000000, 1.000000000000000000 ) ) ;
#477 = AXIS2_PLACEMENT_3D ( 'NONE', #353, #1747, #1062 ) ;
#478 = ORIENTED_EDGE ( 'NONE', *, *, #1775, .F. ) ;
#479 = EDGE_LOOP ( 'NONE', ( #933, #1334, #989 ) ) ;
#480 = CIRCLE ( 'NONE', #1983, 0.9499999999999995115 ) ;
#481 = CYLINDRICAL_SURFACE ( 'NONE', #1597, 0.9500000000000002887 ) ;
#482 = ORIENTED_EDGE ( 'NONE', *, *, #2177, .F. ) ;
#483 = CARTESIAN_POINT ( 'NONE',  ( -8.380000000000080718, 7.399999999999982592, 2.000000000000000000 ) ) ;
#484 = CARTESIAN_POINT ( 'NONE',  ( -5.500000000000000888, 17.05000000000000071, 0.9999999999999947820 ) ) ;
#485 = EDGE_CURVE ( 'NONE', #2161, #234, #501, .T. ) ;
#486 = EDGE_CURVE ( 'NONE', #1825, #1831, #773, .T. ) ;
#487 = FACE_BOUND ( 'NONE', #275, .T. ) ;
#488 = CARTESIAN_POINT ( 'NONE',  ( -9.970000000000055707, 9.940000000000001279, 0.000000000000000000 ) ) ;
#489 = APPLICATION_PROTOCOL_DEFINITION ( 'draft international standard', 'automotive_design', 1998, #884 ) ;
#490 = ORIENTED_EDGE ( 'NONE', *, *, #901, .T. ) ;
#491 = CARTESIAN_POINT ( 'NONE',  ( -12.50000000000000000, 15.79999999999998472, 0.000000000000000000 ) ) ;
#492 = ORIENTED_EDGE ( 'NONE', *, *, #1324, .T. ) ;
#493 = CARTESIAN_POINT ( 'NONE',  ( -6.790000000000026681, 12.47999999999996490, 0.000000000000000000 ) ) ;
#494 = CARTESIAN_POINT ( 'NONE',  ( -13.50623058987491021, -16.59999999999999787, 0.5500000000000000444 ) ) ;
#495 = CARTESIAN_POINT ( 'NONE',  ( -7.430000000000054783, 9.939999999999983515, 2.000000000000000000 ) ) ;
#496 =( LENGTH_UNIT ( ) NAMED_UNIT ( * ) SI_UNIT ( .MILLI., .METRE. ) );
#497 = EDGE_LOOP ( 'NONE', ( #1079, #1298, #478, #1696 ) ) ;
#498 = CARTESIAN_POINT ( 'NONE',  ( -12.50000000000000000, -15.80000000000000071, 0.000000000000000000 ) ) ;
#499 = ADVANCED_FACE ( 'NONE', ( #2002, #1125, #959 ), #69, .F. ) ;
#500 = DIRECTION ( 'NONE',  ( -0.7071067811865470176, 0.000000000000000000, 0.7071067811865480168 ) ) ;
#501 = CIRCLE ( 'NONE', #723, 0.9499999999999995115 ) ;
#502 = FACE_BOUND ( 'NONE', #1485, .T. ) ;
#503 = VECTOR ( 'NONE', #1379, 1000.000000000000114 ) ;
#504 = FACE_OUTER_BOUND ( 'NONE', #497, .T. ) ;
#505 = CARTESIAN_POINT ( 'NONE',  ( 12.50000000000000000, 17.60623058987490808, 1.449999999999999956 ) ) ;
#506 = VECTOR ( 'NONE', #1242, 1000.000000000000000 ) ;
#507 = ORIENTED_EDGE ( 'NONE', *, *, #1784, .T. ) ;
#508 = DIRECTION ( 'NONE',  ( 0.000000000000000000, -0.7071067811865410224, -0.7071067811865540120 ) ) ;
#509 = CIRCLE ( 'NONE', #882, 0.8000000000000003775 ) ;
#510 = EDGE_CURVE ( 'NONE', #1609, #1049, #2015, .T. ) ;
#511 = CARTESIAN_POINT ( 'NONE',  ( 3.500000000000001332, 16.60000000000000142, 0.000000000000000000 ) ) ;
#512 = LINE ( 'NONE', #1424, #1631 ) ;
#513 = ORIENTED_EDGE ( 'NONE', *, *, #1878, .T. ) ;
#514 = DIRECTION ( 'NONE',  ( -0.7071067811865567876, 0.000000000000000000, -0.7071067811865383579 ) ) ;
#515 = PRESENTATION_STYLE_ASSIGNMENT (( #2254 ) ) ;
#516 = VERTEX_POINT ( 'NONE', #971 ) ;
#517 = CARTESIAN_POINT ( 'NONE',  ( -13.50623058987491021, -17.05000000000000071, 0.9999999999999941158 ) ) ;
#518 = CARTESIAN_POINT ( 'NONE',  ( -5.840000000000000746, 15.01999999999996582, 2.000000000000000000 ) ) ;
#519 = CARTESIAN_POINT ( 'NONE',  ( -3.499999999999999556, 16.60000000000000142, 0.000000000000000000 ) ) ;
#520 = EDGE_CURVE ( 'NONE', #78, #1988, #258, .T. ) ;
#521 = ORIENTED_EDGE ( 'NONE', *, *, #2037, .T. ) ;
#522 = CYLINDRICAL_SURFACE ( 'NONE', #530, 0.9499999999999995115 ) ;
#523 = FACE_OUTER_BOUND ( 'NONE', #793, .T. ) ;
#524 = ORIENTED_EDGE ( 'NONE', *, *, #1542, .T. ) ;
#525 = CARTESIAN_POINT ( 'NONE',  ( -13.50623058987491021, -16.59999999999999787, 0.5500000000000000444 ) ) ;
#526 = FACE_OUTER_BOUND ( 'NONE', #1484, .T. ) ;
#527 = EDGE_CURVE ( 'NONE', #2174, #583, #1513, .T. ) ;
#528 = DIRECTION ( 'NONE',  ( 0.7071067811865480168, 1.362927481496331581E-15, 0.7071067811865470176 ) ) ;
#529 = EDGE_LOOP ( 'NONE', ( #186, #1478, #1323, #1020 ) ) ;
#530 = AXIS2_PLACEMENT_3D ( 'NONE', #345, #1594, #1931 ) ;
#531 = CARTESIAN_POINT ( 'NONE',  ( -6.790000000000000924, 15.01999999999996582, 2.000000000000000000 ) ) ;
#532 = ADVANCED_FACE ( 'NONE', ( #118 ), #631, .F. ) ;
#533 = VERTEX_POINT ( 'NONE', #306 ) ;
#534 = ADVANCED_FACE ( 'NONE', ( #1005, #1016, #458 ), #992, .F. ) ;
#535 = DIRECTION ( 'NONE',  ( 0.000000000000000000, 0.000000000000000000, -1.000000000000000000 ) ) ;
#536 = EDGE_LOOP ( 'NONE', ( #116, #1873, #1014, #599 ) ) ;
#537 = CIRCLE ( 'NONE', #165, 0.9499999999999995115 ) ;
#538 = DIRECTION ( 'NONE',  ( -0.000000000000000000, -0.000000000000000000, -1.000000000000000000 ) ) ;
#539 = CARTESIAN_POINT ( 'NONE',  ( -11.69999999999999929, 16.40000000000000924, 2.000000000000000000 ) ) ;
#540 =( GEOMETRIC_REPRESENTATION_CONTEXT ( 3 ) GLOBAL_UNCERTAINTY_ASSIGNED_CONTEXT ( ( #1757 ) ) GLOBAL_UNIT_ASSIGNED_CONTEXT ( ( #2244, #2096, #1701 ) ) REPRESENTATION_CONTEXT ( 'NONE', 'WORKASPACE' ) );
#541 = VECTOR ( 'NONE', #1237, 1000.000000000000000 ) ;
#542 = AXIS2_PLACEMENT_3D ( 'NONE', #556, #1260, #1982 ) ;
#543 = DIRECTION ( 'NONE',  ( 0.7071067811865467956, 0.000000000000000000, 0.7071067811865483499 ) ) ;
#544 = VERTEX_POINT ( 'NONE', #2041 ) ;
#545 = DIRECTION ( 'NONE',  ( 0.000000000000000000, 0.000000000000000000, -1.000000000000000000 ) ) ;
#546 = ORIENTED_EDGE ( 'NONE', *, *, #696, .T. ) ;
#547 = ORIENTED_EDGE ( 'NONE', *, *, #1624, .T. ) ;
#548 = LINE ( 'NONE', #1777, #1056 ) ;
#549 = CARTESIAN_POINT ( 'NONE',  ( -10.92000000000000171, 15.01999999999999957, 2.000000000000000000 ) ) ;
#550 = ORIENTED_EDGE ( 'NONE', *, *, #510, .F. ) ;
#551 = CARTESIAN_POINT ( 'NONE',  ( -11.87000000000002586, 12.48000000000000043, 2.000000000000000000 ) ) ;
#552 = ORIENTED_EDGE ( 'NONE', *, *, #82, .F. ) ;
#553 = DIRECTION ( 'NONE',  ( -1.000000000000000000, 0.000000000000000000, 0.000000000000000000 ) ) ;
#554 = ORIENTED_EDGE ( 'NONE', *, *, #1893, .T. ) ;
#555 = CARTESIAN_POINT ( 'NONE',  ( -11.69999999999999929, 16.60000000000000142, 1.800000000000011591 ) ) ;
#556 = CARTESIAN_POINT ( 'NONE',  ( -11.69999999999999929, -15.80000000000000071, 0.000000000000000000 ) ) ;
#557 = ORIENTED_EDGE ( 'NONE', *, *, #995, .T. ) ;
#558 = EDGE_CURVE ( 'NONE', #823, #1819, #105, .T. ) ;
#559 = EDGE_CURVE ( 'NONE', #1231, #1808, #1159, .T. ) ;
#560 = VERTEX_POINT ( 'NONE', #2052 ) ;
#561 = FACE_OUTER_BOUND ( 'NONE', #1487, .T. ) ;
#562 = VERTEX_POINT ( 'NONE', #484 ) ;
#563 = FACE_OUTER_BOUND ( 'NONE', #88, .T. ) ;
#564 = ORIENTED_EDGE ( 'NONE', *, *, #1176, .T. ) ;
#565 = VECTOR ( 'NONE', #932, 999.9999999999998863 ) ;
#566 = CARTESIAN_POINT ( 'NONE',  ( 12.49999999999998046, -4.599999999999999645, 1.450000000000021272 ) ) ;
#567 = ORIENTED_EDGE ( 'NONE', *, *, #444, .F. ) ;
#568 = LINE ( 'NONE', #2119, #1716 ) ;
#569 = FACE_OUTER_BOUND ( 'NONE', #1168, .T. ) ;
#570 = ORIENTED_EDGE ( 'NONE', *, *, #1861, .F. ) ;
#571 = VECTOR ( 'NONE', #732, 1000.000000000000000 ) ;
#572 = ORIENTED_EDGE ( 'NONE', *, *, #1890, .F. ) ;
#573 = CONICAL_SURFACE ( 'NONE', #764, 0.6000000000000067502, 0.7853981633974606025 ) ;
#574 = EDGE_CURVE ( 'NONE', #968, #1988, #468, .T. ) ;
#575 = VECTOR ( 'NONE', #1129, 1000.000000000000000 ) ;
#576 = AXIS2_PLACEMENT_3D ( 'NONE', #1725, #1556, #705 ) ;
#577 = CARTESIAN_POINT ( 'NONE',  ( 12.30000000000000959, -15.80000000000000071, 2.000000000000000000 ) ) ;
#578 = ORIENTED_EDGE ( 'NONE', *, *, #301, .T. ) ;
#579 = AXIS2_PLACEMENT_3D ( 'NONE', #372, #760, #1297 ) ;
#580 = CARTESIAN_POINT ( 'NONE',  ( -11.69999999999999929, -16.60000000000000142, 1.800000000000011591 ) ) ;
#581 = ORIENTED_EDGE ( 'NONE', *, *, #2038, .F. ) ;
#582 = CARTESIAN_POINT ( 'NONE',  ( 12.95000000000000107, 7.600000000000000533, 1.000000000000000000 ) ) ;
#583 = VERTEX_POINT ( 'NONE', #835 ) ;
#584 = FACE_BOUND ( 'NONE', #253, .T. ) ;
#585 = CARTESIAN_POINT ( 'NONE',  ( -9.330000000000024940, 12.47999999999998266, 0.000000000000000000 ) ) ;
#586 = ORIENTED_EDGE ( 'NONE', *, *, #574, .F. ) ;
#587 = EDGE_LOOP ( 'NONE', ( #1110, #1466, #492, #1528 ) ) ;
#588 = EDGE_LOOP ( 'NONE', ( #1327, #1645, #2195, #2181 ) ) ;
#589 = EDGE_CURVE ( 'NONE', #743, #74, #1938, .T. ) ;
#590 = CARTESIAN_POINT ( 'NONE',  ( 12.30000000000000959, 15.79999999999999893, 2.000000000000000000 ) ) ;
#591 = ORIENTED_EDGE ( 'NONE', *, *, #1310, .T. ) ;
#592 = LINE ( 'NONE', #1282, #2272 ) ;
#593 = ORIENTED_EDGE ( 'NONE', *, *, #83, .T. ) ;
#594 = ADVANCED_FACE ( 'NONE', ( #1887 ), #1888, .T. ) ;
#595 = LINE ( 'NONE', #396, #1589 ) ;
#596 = CARTESIAN_POINT ( 'NONE',  ( -9.970000000000027285, 12.48000000000000043, 2.000000000000000000 ) ) ;
#597 = DIRECTION ( 'NONE',  ( -1.000000000000000000, 0.000000000000000000, 0.000000000000000000 ) ) ;
#598 = ORIENTED_EDGE ( 'NONE', *, *, #1326, .F. ) ;
#599 = ORIENTED_EDGE ( 'NONE', *, *, #950, .F. ) ;
#600 = VERTEX_POINT ( 'NONE', #297 ) ;
#601 = DIRECTION ( 'NONE',  ( 0.000000000000000000, 0.000000000000000000, 1.000000000000000000 ) ) ;
#602 = DIRECTION ( 'NONE',  ( 0.000000000000000000, 0.000000000000000000, -1.000000000000000000 ) ) ;
#603 = ORIENTED_EDGE ( 'NONE', *, *, #1861, .T. ) ;
#604 = CARTESIAN_POINT ( 'NONE',  ( 3.499999999999999556, -17.05000000000000071, 0.9999999999999941158 ) ) ;
#605 = ORIENTED_EDGE ( 'NONE', *, *, #666, .F. ) ;
#606 = ADVANCED_FACE ( 'NONE', ( #1689, #107, #1214, #1700, #2261, #283, #502, #852, #1007, #2055, #1205, #487, #315 ), #307, .F. ) ;
#607 = DIRECTION ( 'NONE',  ( -1.000000000000000000, 0.000000000000000000, 0.000000000000000000 ) ) ;
#608 = CARTESIAN_POINT ( 'NONE',  ( -10.92000000000002657, 12.48000000000000043, 2.000000000000000000 ) ) ;
#609 = DIRECTION ( 'NONE',  ( -0.000000000000000000, -0.000000000000000000, -1.000000000000000000 ) ) ;
#610 = ORIENTED_EDGE ( 'NONE', *, *, #1416, .F. ) ;
#611 = ORIENTED_EDGE ( 'NONE', *, *, #1177, .T. ) ;
#612 = CYLINDRICAL_SURFACE ( 'NONE', #619, 0.9499999999999995115 ) ;
#613 = ORIENTED_EDGE ( 'NONE', *, *, #220, .F. ) ;
#614 = AXIS2_PLACEMENT_3D ( 'NONE', #1398, #212, #1936 ) ;
#615 = ORIENTED_EDGE ( 'NONE', *, *, #2217, .T. ) ;
#616 = CARTESIAN_POINT ( 'NONE',  ( -4.890000000000028102, 12.47999999999996490, 2.000000000000000000 ) ) ;
#617 = VECTOR ( 'NONE', #420, 1000.000000000000000 ) ;
#618 = DIRECTION ( 'NONE',  ( -0.000000000000000000, -0.000000000000000000, -1.000000000000000000 ) ) ;
#619 = AXIS2_PLACEMENT_3D ( 'NONE', #637, #77, #1335 ) ;
#620 = AXIS2_PLACEMENT_3D ( 'NONE', #1360, #249, #965 ) ;
#621 = DIRECTION ( 'NONE',  ( 0.000000000000000000, 0.000000000000000000, -1.000000000000000000 ) ) ;
#622 = CARTESIAN_POINT ( 'NONE',  ( -8.380000000000054072, 9.939999999999983515, 0.000000000000000000 ) ) ;
#623 = CARTESIAN_POINT ( 'NONE',  ( 5.500000000000001776, -17.05000000000001492, 0.9999999999999759082 ) ) ;
#624 = EDGE_CURVE ( 'NONE', #560, #1144, #1017, .T. ) ;
#625 = EDGE_CURVE ( 'NONE', #1601, #1561, #645, .T. ) ;
#626 = ORIENTED_EDGE ( 'NONE', *, *, #2276, .T. ) ;
#627 = CARTESIAN_POINT ( 'NONE',  ( 3.500000000000000888, -16.60000000000000142, 1.449999999999997291 ) ) ;
#628 = EDGE_CURVE ( 'NONE', #74, #743, #467, .T. ) ;
#629 = ORIENTED_EDGE ( 'NONE', *, *, #379, .T. ) ;
#630 = CARTESIAN_POINT ( 'NONE',  ( 11.70000000000000107, -16.60000000000000142, 0.000000000000000000 ) ) ;
#631 = CYLINDRICAL_SURFACE ( 'NONE', #1229, 0.9499999999999995115 ) ;
#632 = LINE ( 'NONE', #1006, #873 ) ;
#633 = CARTESIAN_POINT ( 'NONE',  ( -5.500000000000000000, 16.60000000000000142, 1.449999999999996403 ) ) ;
#634 = DIRECTION ( 'NONE',  ( 0.000000000000000000, 0.000000000000000000, -1.000000000000000000 ) ) ;
#635 = ORIENTED_EDGE ( 'NONE', *, *, #1569, .F. ) ;
#636 = EDGE_LOOP ( 'NONE', ( #1615, #929, #2185, #2264 ) ) ;
#637 = CARTESIAN_POINT ( 'NONE',  ( -8.380000000000000782, 15.01999999999998359, 2.000000000000000000 ) ) ;
#638 = ADVANCED_FACE ( 'NONE', ( #1541 ), #1175, .T. ) ;
#639 = EDGE_CURVE ( 'NONE', #1819, #1831, #2241, .T. ) ;
#640 = ORIENTED_EDGE ( 'NONE', *, *, #2238, .F. ) ;
#641 = CARTESIAN_POINT ( 'NONE',  ( 12.94999999999999929, -4.599999999999999645, 0.9999999999999974465 ) ) ;
#642 = PRODUCT ( 'Lid', 'Lid', '', ( #2175 ) ) ;
#643 = DIRECTION ( 'NONE',  ( -1.000000000000000000, 0.000000000000000000, 0.000000000000000000 ) ) ;
#644 = DIRECTION ( 'NONE',  ( -0.000000000000000000, -0.000000000000000000, -1.000000000000000000 ) ) ;
#645 = LINE ( 'NONE', #1709, #1054 ) ;
#646 = DIRECTION ( 'NONE',  ( -1.000000000000000000, 1.927470528863123289E-15, 0.000000000000000000 ) ) ;
#647 = CARTESIAN_POINT ( 'NONE',  ( 3.499999999999999556, -16.60000000000001563, 0.5500000000000163647 ) ) ;
#648 = VERTEX_POINT ( 'NONE', #1515 ) ;
#649 = ORIENTED_EDGE ( 'NONE', *, *, #1862, .F. ) ;
#650 = DIRECTION ( 'NONE',  ( 1.927470528863123289E-15, 1.000000000000000000, 0.000000000000000000 ) ) ;
#651 = CIRCLE ( 'NONE', #10, 0.8000000000000003775 ) ;
#652 = VERTEX_POINT ( 'NONE', #2069 ) ;
#653 = CIRCLE ( 'NONE', #160, 0.9499999999999995115 ) ;
#654 = LINE ( 'NONE', #616, #280 ) ;
#655 = CONICAL_SURFACE ( 'NONE', #1530, 0.6000000000000067502, 0.7853981633974606025 ) ;
#656 = CARTESIAN_POINT ( 'NONE',  ( 11.70000000000000107, -16.40000000000000924, 2.000000000000000000 ) ) ;
#657 = AXIS2_PLACEMENT_3D ( 'NONE', #1783, #67, #432 ) ;
#658 = AXIS2_PLACEMENT_3D ( 'NONE', #1482, #98, #759 ) ;
#659 = DIRECTION ( 'NONE',  ( -0.000000000000000000, -0.000000000000000000, -1.000000000000000000 ) ) ;
#660 = CARTESIAN_POINT ( 'NONE',  ( -9.330000000000080007, 7.399999999999982592, 2.000000000000000000 ) ) ;
#661 = FACE_BOUND ( 'NONE', #1084, .T. ) ;
#662 = AXIS2_PLACEMENT_3D ( 'NONE', #408, #749, #23 ) ;
#663 = ORIENTED_EDGE ( 'NONE', *, *, #1479, .F. ) ;
#664 = STYLED_ITEM ( 'NONE', ( #1565 ), #1342 ) ;
#665 = DIRECTION ( 'NONE',  ( -0.000000000000000000, -0.000000000000000000, -1.000000000000000000 ) ) ;
#666 = EDGE_CURVE ( 'NONE', #1601, #302, #687, .T. ) ;
#667 = ORIENTED_EDGE ( 'NONE', *, *, #418, .F. ) ;
#668 = DIRECTION ( 'NONE',  ( -1.000000000000000000, 0.000000000000000000, 0.000000000000000000 ) ) ;
#669 = DIRECTION ( 'NONE',  ( 0.7071067811865414665, 0.000000000000000000, 0.7071067811865536790 ) ) ;
#670 = ADVANCED_FACE ( 'NONE', ( #2095 ), #1366, .F. ) ;
#671 = CARTESIAN_POINT ( 'NONE',  ( 3.500000000000001332, 16.60000000000000142, 1.449999999999996403 ) ) ;
#672 = DIRECTION ( 'NONE',  ( -0.000000000000000000, -0.000000000000000000, -1.000000000000000000 ) ) ;
#673 = ORIENTED_EDGE ( 'NONE', *, *, #1158, .T. ) ;
#674 = FACE_OUTER_BOUND ( 'NONE', #1803, .T. ) ;
#675 = CARTESIAN_POINT ( 'NONE',  ( -3.499999999999999556, -16.59999999999999787, 0.5500000000000000444 ) ) ;
#676 = DIRECTION ( 'NONE',  ( 0.000000000000000000, -1.000000000000000000, 0.000000000000000000 ) ) ;
#677 = DIRECTION ( 'NONE',  ( 0.000000000000000000, 0.000000000000000000, -1.000000000000000000 ) ) ;
#678 = DIRECTION ( 'NONE',  ( -1.000000000000000000, 0.000000000000000000, 0.000000000000000000 ) ) ;
#679 = EDGE_CURVE ( 'NONE', #821, #214, #2077, .T. ) ;
#680 = EDGE_CURVE ( 'NONE', #648, #1121, #1090, .T. ) ;
#681 = ORIENTED_EDGE ( 'NONE', *, *, #1, .T. ) ;
#682 = FACE_OUTER_BOUND ( 'NONE', #1844, .T. ) ;
#683 = AXIS2_PLACEMENT_3D ( 'NONE', #1320, #2150, #1664 ) ;
#684 = DIRECTION ( 'NONE',  ( -0.000000000000000000, -0.000000000000000000, 1.000000000000000000 ) ) ;
#685 = CARTESIAN_POINT ( 'NONE',  ( -12.49999999999998046, -4.599999999999999645, 1.450000000000018385 ) ) ;
#686 = ORIENTED_EDGE ( 'NONE', *, *, #64, .T. ) ;
#687 = LINE ( 'NONE', #2253, #235 ) ;
#688 = CIRCLE ( 'NONE', #2243, 0.9499999999999995115 ) ;
#689 = CARTESIAN_POINT ( 'NONE',  ( -9.330000000000000071, 15.01999999999998359, 2.000000000000000000 ) ) ;
#690 = CARTESIAN_POINT ( 'NONE',  ( 12.50000000000000000, -16.60000000000000142, 0.000000000000000000 ) ) ;
#691 = VECTOR ( 'NONE', #187, 1000.000000000000000 ) ;
#692 = ORIENTED_EDGE ( 'NONE', *, *, #1918, .T. ) ;
#693 = PLANE ( 'NONE',  #769 ) ;
#694 = VECTOR ( 'NONE', #2213, 1000.000000000000000 ) ;
#695 = VECTOR ( 'NONE', #609, 1000.000000000000000 ) ;
#696 = EDGE_CURVE ( 'NONE', #1654, #1383, #139, .T. ) ;
#697 = EDGE_CURVE ( 'NONE', #780, #1363, #1731, .T. ) ;
#698 = CARTESIAN_POINT ( 'NONE',  ( -12.95000000000000107, 4.599999999999999645, 0.9999999999999967804 ) ) ;
#699 = CARTESIAN_POINT ( 'NONE',  ( 12.50000000000000000, 15.79999999999999893, 1.800000000000011591 ) ) ;
#700 = ORIENTED_EDGE ( 'NONE', *, *, #1219, .F. ) ;
#701 = FACE_OUTER_BOUND ( 'NONE', #2114, .T. ) ;
#702 = LINE ( 'NONE', #1395, #1944 ) ;
#703 = EDGE_LOOP ( 'NONE', ( #1135, #586, #1001, #667 ) ) ;
#704 = DIRECTION ( 'NONE',  ( 1.000000000000000000, 0.000000000000000000, 0.000000000000000000 ) ) ;
#705 = DIRECTION ( 'NONE',  ( -1.000000000000000000, 0.000000000000000000, 0.000000000000000000 ) ) ;
#706 = EDGE_CURVE ( 'NONE', #908, #823, #2270, .T. ) ;
#707 = DIRECTION ( 'NONE',  ( -1.927470528863123289E-15, 1.000000000000000000, 0.000000000000000000 ) ) ;
#708 = ORIENTED_EDGE ( 'NONE', *, *, #1719, .F. ) ;
#709 = CARTESIAN_POINT ( 'NONE',  ( 12.50000000000000000, -15.80000000000000071, 1.800000000000011591 ) ) ;
#710 = ORIENTED_EDGE ( 'NONE', *, *, #1971, .T. ) ;
#711 = DIRECTION ( 'NONE',  ( -1.000000000000000000, 0.000000000000000000, 0.000000000000000000 ) ) ;
#712 = CARTESIAN_POINT ( 'NONE',  ( -12.50000000000000000, 17.60623058987490808, 1.449999999999996847 ) ) ;
#713 = VERTEX_POINT ( 'NONE', #1230 ) ;
#714 = LINE ( 'NONE', #525, #97 ) ;
#715 = DIRECTION ( 'NONE',  ( -0.7071067811865483499, 0.000000000000000000, 0.7071067811865467956 ) ) ;
#716 = ADVANCED_FACE ( 'NONE', ( #906 ), #1771, .F. ) ;
#717 = PLANE ( 'NONE',  #1496 ) ;
#718 = ORIENTED_EDGE ( 'NONE', *, *, #1340, .F. ) ;
#719 = CIRCLE ( 'NONE', #1051, 0.9499999999999995115 ) ;
#720 = DIRECTION ( 'NONE',  ( 0.000000000000000000, -1.000000000000000000, 0.000000000000000000 ) ) ;
#721 = ORIENTED_EDGE ( 'NONE', *, *, #1401, .F. ) ;
#722 = DIRECTION ( 'NONE',  ( -0.000000000000000000, 0.7071067811865501263, 0.7071067811865450192 ) ) ;
#723 = AXIS2_PLACEMENT_3D ( 'NONE', #1304, #39, #1629 ) ;
#724 = LINE ( 'NONE', #2296, #1343 ) ;
#725 = AXIS2_PLACEMENT_3D ( 'NONE', #257, #602, #2188 ) ;
#726 = FACE_OUTER_BOUND ( 'NONE', #1598, .T. ) ;
#727 = DIRECTION ( 'NONE',  ( 0.000000000000000000, -1.000000000000000000, 0.000000000000000000 ) ) ;
#728 = AXIS2_PLACEMENT_3D ( 'NONE', #1106, #1677, #72 ) ;
#729 = VERTEX_POINT ( 'NONE', #896 ) ;
#730 = AXIS2_PLACEMENT_3D ( 'NONE', #791, #124, #1681 ) ;
#731 = EDGE_CURVE ( 'NONE', #45, #170, #351, .T. ) ;
#732 = DIRECTION ( 'NONE',  ( -0.000000000000000000, -0.000000000000000000, -1.000000000000000000 ) ) ;
#733 = ORIENTED_EDGE ( 'NONE', *, *, #485, .F. ) ;
#734 = CARTESIAN_POINT ( 'NONE',  ( -5.840000000000000746, 15.01999999999996582, 2.000000000000000000 ) ) ;
#735 = EDGE_CURVE ( 'NONE', #428, #2048, #512, .T. ) ;
#736 = ADVANCED_FACE ( 'NONE', ( #16 ), #1220, .T. ) ;
#737 = DIRECTION ( 'NONE',  ( 0.000000000000000000, 0.000000000000000000, -1.000000000000000000 ) ) ;
#738 = CARTESIAN_POINT ( 'NONE',  ( -11.87000000000000099, 15.01999999999999957, 2.000000000000000000 ) ) ;
#739 = CARTESIAN_POINT ( 'NONE',  ( 12.95000000000000107, -7.600000000000000533, 1.000000000000002665 ) ) ;
#740 = ORIENTED_EDGE ( 'NONE', *, *, #775, .F. ) ;
#741 = EDGE_CURVE ( 'NONE', #265, #2174, #2125, .T. ) ;
#742 = CARTESIAN_POINT ( 'NONE',  ( -12.50000000000000178, 7.600000000000000533, 0.000000000000000000 ) ) ;
#743 = VERTEX_POINT ( 'NONE', #1929 ) ;
#744 = DIRECTION ( 'NONE',  ( -0.000000000000000000, 0.000000000000000000, -1.000000000000000000 ) ) ;
#745 = VERTEX_POINT ( 'NONE', #190 ) ;
#746 = FACE_BOUND ( 'NONE', #24, .T. ) ;
#747 = ORIENTED_EDGE ( 'NONE', *, *, #735, .F. ) ;
#748 = CARTESIAN_POINT ( 'NONE',  ( -12.49999999999999822, -4.599999999999999645, 0.000000000000000000 ) ) ;
#749 = DIRECTION ( 'NONE',  ( 0.7071067811865469066, 0.000000000000000000, -0.7071067811865482389 ) ) ;
#750 = EDGE_CURVE ( 'NONE', #1190, #1280, #333, .T. ) ;
#751 = VERTEX_POINT ( 'NONE', #551 ) ;
#752 = CARTESIAN_POINT ( 'NONE',  ( -11.87000000000002586, 12.48000000000000043, 2.000000000000000000 ) ) ;
#753 = EDGE_LOOP ( 'NONE', ( #1703, #1857, #598 ) ) ;
#754 = LINE ( 'NONE', #1101, #1378 ) ;
#755 = ORIENTED_EDGE ( 'NONE', *, *, #1281, .T. ) ;
#756 = DIRECTION ( 'NONE',  ( -1.000000000000000000, 0.000000000000000000, 0.000000000000000000 ) ) ;
#757 = ORIENTED_EDGE ( 'NONE', *, *, #254, .T. ) ;
#758 = VECTOR ( 'NONE', #359, 1000.000000000000114 ) ;
#759 = DIRECTION ( 'NONE',  ( -1.000000000000000000, 0.000000000000000000, 0.000000000000000000 ) ) ;
#760 = DIRECTION ( 'NONE',  ( -0.7071067811865467956, 0.000000000000000000, -0.7071067811865483499 ) ) ;
#761 = VECTOR ( 'NONE', #2030, 1000.000000000000000 ) ;
#762 = ORIENTED_EDGE ( 'NONE', *, *, #2022, .F. ) ;
#763 = EDGE_CURVE ( 'NONE', #1567, #376, #1864, .T. ) ;
#764 = AXIS2_PLACEMENT_3D ( 'NONE', #1061, #1071, #381 ) ;
#765 = VECTOR ( 'NONE', #2152, 1000.000000000000000 ) ;
#766 = EDGE_CURVE ( 'NONE', #2189, #745, #1034, .T. ) ;
#767 = ADVANCED_FACE ( 'NONE', ( #1560 ), #1729, .F. ) ;
#768 = ORIENTED_EDGE ( 'NONE', *, *, #1616, .T. ) ;
#769 = AXIS2_PLACEMENT_3D ( 'NONE', #1199, #871, #1547 ) ;
#770 = DIRECTION ( 'NONE',  ( 1.000000000000000000, 0.000000000000000000, 0.000000000000000000 ) ) ;
#771 = ORIENTED_EDGE ( 'NONE', *, *, #995, .F. ) ;
#772 = AXIS2_PLACEMENT_3D ( 'NONE', #1224, #672, #2263 ) ;
#773 = LINE ( 'NONE', #242, #761 ) ;
#774 = ORIENTED_EDGE ( 'NONE', *, *, #679, .T. ) ;
#775 = EDGE_CURVE ( 'NONE', #1836, #1290, #145, .T. ) ;
#776 = FACE_BOUND ( 'NONE', #1011, .T. ) ;
#777 = LINE ( 'NONE', #1152, #1025 ) ;
#778 = DIRECTION ( 'NONE',  ( 1.000000000000000000, 0.000000000000000000, 0.000000000000000000 ) ) ;
#779 = ORIENTED_EDGE ( 'NONE', *, *, #1569, .T. ) ;
#780 = VERTEX_POINT ( 'NONE', #2268 ) ;
#781 = ORIENTED_EDGE ( 'NONE', *, *, #449, .F. ) ;
#782 = DIRECTION ( 'NONE',  ( 0.000000000000000000, -0.000000000000000000, 1.000000000000000000 ) ) ;
#783 = EDGE_LOOP ( 'NONE', ( #1123, #465, #404 ) ) ;
#784 = CARTESIAN_POINT ( 'NONE',  ( 12.50000000000000000, -16.60000000000000142, 2.000000000000000000 ) ) ;
#785 = ORIENTED_EDGE ( 'NONE', *, *, #2038, .T. ) ;
#786 = CARTESIAN_POINT ( 'NONE',  ( -10.92000000000005500, 9.940000000000001279, 0.000000000000000000 ) ) ;
#787 = CARTESIAN_POINT ( 'NONE',  ( -4.890000000000053859, 9.939999999999963975, 2.000000000000000000 ) ) ;
#788 = LINE ( 'NONE', #2033, #137 ) ;
#789 = ORIENTED_EDGE ( 'NONE', *, *, #1833, .T. ) ;
#790 = VERTEX_POINT ( 'NONE', #699 ) ;
#791 = CARTESIAN_POINT ( 'NONE',  ( -8.380000000000025651, 12.47999999999998266, 0.000000000000000000 ) ) ;
#792 = ADVANCED_FACE ( 'NONE', ( #1392 ), #655, .T. ) ;
#793 = EDGE_LOOP ( 'NONE', ( #833, #373, #1768, #1934 ) ) ;
#794 = EDGE_LOOP ( 'NONE', ( #2214, #1891, #507, #1583 ) ) ;
#795 = ORIENTED_EDGE ( 'NONE', *, *, #1991, .T. ) ;
#796 = CARTESIAN_POINT ( 'NONE',  ( -8.380000000000080718, 7.399999999999982592, 0.000000000000000000 ) ) ;
#797 = FACE_OUTER_BOUND ( 'NONE', #1538, .T. ) ;
#798 = ADVANCED_FACE ( 'NONE', ( #169 ), #886, .F. ) ;
#799 = EDGE_CURVE ( 'NONE', #560, #90, #1400, .T. ) ;
#800 = FACE_BOUND ( 'NONE', #1920, .T. ) ;
#801 = LINE ( 'NONE', #2206, #2019 ) ;
#802 = DIRECTION ( 'NONE',  ( -1.000000000000000000, 0.000000000000000000, 0.000000000000000000 ) ) ;
#803 = EDGE_LOOP ( 'NONE', ( #640, #578, #550, #370, #1131, #1254, #1585, #1810 ) ) ;
#804 = VERTEX_POINT ( 'NONE', #1763 ) ;
#805 = AXIS2_PLACEMENT_3D ( 'NONE', #1490, #1799, #1850 ) ;
#806 = DIRECTION ( 'NONE',  ( -1.000000000000000000, 0.000000000000000000, 0.000000000000000000 ) ) ;
#807 = AXIS2_PLACEMENT_3D ( 'NONE', #1912, #997, #1345 ) ;
#808 = ADVANCED_FACE ( 'NONE', ( #1580 ), #717, .T. ) ;
#809 = AXIS2_PLACEMENT_3D ( 'NONE', #1708, #1502, #1149 ) ;
#810 = ORIENTED_EDGE ( 'NONE', *, *, #1510, .F. ) ;
#811 = DIRECTION ( 'NONE',  ( 0.7071067811865505703, 0.000000000000000000, 0.7071067811865444641 ) ) ;
#812 = VECTOR ( 'NONE', #1028, 1000.000000000000000 ) ;
#813 = DIRECTION ( 'NONE',  ( -1.000000000000000000, 0.000000000000000000, 0.000000000000000000 ) ) ;
#814 = CIRCLE ( 'NONE', #1384, 0.8000000000000003775 ) ;
#815 = AXIS2_PLACEMENT_3D ( 'NONE', #1162, #476, #1332 ) ;
#816 = DIRECTION ( 'NONE',  ( 0.000000000000000000, 1.000000000000000000, 0.000000000000000000 ) ) ;
#817 = LINE ( 'NONE', #596, #1238 ) ;
#818 = CARTESIAN_POINT ( 'NONE',  ( -11.69999999999999929, -15.80000000000000071, 2.000000000000000000 ) ) ;
#819 = EDGE_CURVE ( 'NONE', #1091, #1990, #1954, .T. ) ;
#820 = EDGE_LOOP ( 'NONE', ( #966, #1670, #2211, #1288 ) ) ;
#821 = VERTEX_POINT ( 'NONE', #2176 ) ;
#822 = DIRECTION ( 'NONE',  ( 1.000000000000000000, 6.505213034913024080E-14, 0.000000000000000000 ) ) ;
#823 = VERTEX_POINT ( 'NONE', #917 ) ;
#824 = FACE_OUTER_BOUND ( 'NONE', #1961, .T. ) ;
#825 = DIRECTION ( 'NONE',  ( 1.000000000000000000, 0.000000000000000000, 0.000000000000000000 ) ) ;
#826 = CARTESIAN_POINT ( 'NONE',  ( -12.49999999999999467, -7.600000000000000533, 0.000000000000000000 ) ) ;
#827 = DIRECTION ( 'NONE',  ( 1.000000000000000000, 0.000000000000000000, 0.000000000000000000 ) ) ;
#828 = DIRECTION ( 'NONE',  ( 1.000000000000000000, 0.000000000000000000, 0.000000000000000000 ) ) ;
#829 = FACE_OUTER_BOUND ( 'NONE', #2027, .T. ) ;
#830 = ORIENTED_EDGE ( 'NONE', *, *, #2209, .F. ) ;
#831 = ORIENTED_EDGE ( 'NONE', *, *, #1326, .T. ) ;
#832 = FACE_OUTER_BOUND ( 'NONE', #49, .T. ) ;
#833 = ORIENTED_EDGE ( 'NONE', *, *, #1177, .F. ) ;
#834 = DIRECTION ( 'NONE',  ( -0.000000000000000000, -0.000000000000000000, -1.000000000000000000 ) ) ;
#835 = CARTESIAN_POINT ( 'NONE',  ( -12.50000000000000000, -7.599999999999998757, 1.449999999999996847 ) ) ;
#836 = CARTESIAN_POINT ( 'NONE',  ( 12.50000000000000000, 15.79999999999999893, 2.000000000000000000 ) ) ;
#837 = DIRECTION ( 'NONE',  ( 1.000000000000000000, 0.000000000000000000, 0.000000000000000000 ) ) ;
#838 = LINE ( 'NONE', #495, #1314 ) ;
#839 = CARTESIAN_POINT ( 'NONE',  ( -8.380000000000000782, 15.01999999999998359, 0.000000000000000000 ) ) ;
#840 = EDGE_LOOP ( 'NONE', ( #1855, #1497, #2225, #251 ) ) ;
#841 = VECTOR ( 'NONE', #923, 999.9999999999998863 ) ;
#842 = DIRECTION ( 'NONE',  ( -0.000000000000000000, 0.000000000000000000, 1.000000000000000000 ) ) ;
#843 = EDGE_CURVE ( 'NONE', #1216, #1144, #2199, .T. ) ;
#844 = ORIENTED_EDGE ( 'NONE', *, *, #1357, .F. ) ;
#845 = AXIS2_PLACEMENT_3D ( 'NONE', #2283, #1737, #154 ) ;
#846 = FACE_OUTER_BOUND ( 'NONE', #588, .T. ) ;
#847 = ADVANCED_FACE ( 'NONE', ( #1964 ), #1279, .F. ) ;
#848 = EDGE_CURVE ( 'NONE', #155, #1180, #80, .T. ) ;
#849 = CIRCLE ( 'NONE', #2122, 0.9500000000000002887 ) ;
#850 = VECTOR ( 'NONE', #1536, 1000.000000000000114 ) ;
#851 = VECTOR ( 'NONE', #361, 1000.000000000000000 ) ;
#852 = FACE_BOUND ( 'NONE', #2080, .T. ) ;
#853 = CARTESIAN_POINT ( 'NONE',  ( 5.500000000000000888, -17.05000000000000071, 0.000000000000000000 ) ) ;
#854 = CIRCLE ( 'NONE', #1875, 0.9499999999999995115 ) ;
#855 = VERTEX_POINT ( 'NONE', #577 ) ;
#856 = CARTESIAN_POINT ( 'NONE',  ( -12.95000000000000107, 17.60623058987490808, 0.9999999999999967804 ) ) ;
#857 = DIRECTION ( 'NONE',  ( -0.000000000000000000, -0.000000000000000000, 1.000000000000000000 ) ) ;
#858 = CARTESIAN_POINT ( 'NONE',  ( -3.499999999999999556, -16.60000000000000142, 0.000000000000000000 ) ) ;
#859 = CARTESIAN_POINT ( 'NONE',  ( -11.87000000000008093, 7.400000000000000355, 0.000000000000000000 ) ) ;
#860 = CARTESIAN_POINT ( 'NONE',  ( 12.30000000000000959, 15.79999999999999893, 2.000000000000000000 ) ) ;
#861 = VERTEX_POINT ( 'NONE', #590 ) ;
#862 = CARTESIAN_POINT ( 'NONE',  ( -13.50623058987491021, 16.59999999999999787, 0.5500000000000000444 ) ) ;
#863 = DIRECTION ( 'NONE',  ( 0.7071067811865480168, 0.000000000000000000, 0.7071067811865470176 ) ) ;
#864 = CARTESIAN_POINT ( 'NONE',  ( -11.69999999999999929, 16.40000000000000924, 2.000000000000000000 ) ) ;
#865 = ORIENTED_EDGE ( 'NONE', *, *, #1616, .F. ) ;
#866 = DIRECTION ( 'NONE',  ( -0.000000000000000000, -0.000000000000000000, -1.000000000000000000 ) ) ;
#867 = DIRECTION ( 'NONE',  ( -1.927470528863123289E-15, -1.000000000000000000, 0.000000000000000000 ) ) ;
#868 = SURFACE_SIDE_STYLE ('',( #347 ) ) ;
#869 = ADVANCED_FACE ( 'NONE', ( #36 ), #401, .T. ) ;
#870 = ORIENTED_EDGE ( 'NONE', *, *, #735, .T. ) ;
#871 = DIRECTION ( 'NONE',  ( -1.000000000000000000, 0.000000000000000000, -0.000000000000000000 ) ) ;
#872 = CARTESIAN_POINT ( 'NONE',  ( -12.50000000000000000, 17.60623058987490808, 1.449999999999996847 ) ) ;
#873 = VECTOR ( 'NONE', #1699, 1000.000000000000114 ) ;
#874 = DIRECTION ( 'NONE',  ( -1.000000000000000000, 0.000000000000000000, 0.000000000000000000 ) ) ;
#875 = ORIENTED_EDGE ( 'NONE', *, *, #2143, .F. ) ;
#876 = AXIS2_PLACEMENT_3D ( 'NONE', #1911, #326, #1043 ) ;
#877 = DIRECTION ( 'NONE',  ( -0.7071067811865483499, -1.362927481496332173E-15, 0.7071067811865467956 ) ) ;
#878 = VECTOR ( 'NONE', #1015, 1000.000000000000000 ) ;
#879 = PLANE ( 'NONE',  #1909 ) ;
#880 = VERTEX_POINT ( 'NONE', #1602 ) ;
#881 = DIRECTION ( 'NONE',  ( -0.7071067811865467956, 0.000000000000000000, -0.7071067811865483499 ) ) ;
#882 = AXIS2_PLACEMENT_3D ( 'NONE', #1714, #1032, #321 ) ;
#883 = EDGE_CURVE ( 'NONE', #1091, #1300, #1086, .T. ) ;
#884 = APPLICATION_CONTEXT ( 'automotive_design' ) ;
#885 = VECTOR ( 'NONE', #2058, 1000.000000000000114 ) ;
#886 = PLANE ( 'NONE',  #1451 ) ;
#887 = ORIENTED_EDGE ( 'NONE', *, *, #1340, .T. ) ;
#888 = CARTESIAN_POINT ( 'NONE',  ( -12.30000000000000959, -15.80000000000000071, 2.000000000000000000 ) ) ;
#889 = CARTESIAN_POINT ( 'NONE',  ( -13.50623058987491021, 16.59999999999999787, 0.5500000000000000444 ) ) ;
#890 = CARTESIAN_POINT ( 'NONE',  ( -12.49999999999999822, -4.599999999999999645, 0.5499999999999942712 ) ) ;
#891 = ADVANCED_FACE ( 'NONE', ( #413 ), #50, .T. ) ;
#892 = UNCERTAINTY_MEASURE_WITH_UNIT (LENGTH_MEASURE( 1.000000000000000082E-05 ), #2084, 'distance_accuracy_value', 'NONE');
#893 = CARTESIAN_POINT ( 'NONE',  ( -7.430000000000080540, 7.399999999999982592, 2.000000000000000000 ) ) ;
#894 = CARTESIAN_POINT ( 'NONE',  ( -11.70000000000000107, 15.79999999999999893, 1.800000000000011591 ) ) ;
#895 = LINE ( 'NONE', #164, #1418 ) ;
#896 = CARTESIAN_POINT ( 'NONE',  ( -9.970000000000080576, 7.400000000000000355, 2.000000000000000000 ) ) ;
#897 = EDGE_LOOP ( 'NONE', ( #1776, #76, #1068, #2247 ) ) ;
#898 = CARTESIAN_POINT ( 'NONE',  ( -12.95000000000000107, -4.599999999999999645, 0.9999999999999967804 ) ) ;
#899 = ORIENTED_EDGE ( 'NONE', *, *, #1874, .F. ) ;
#900 = FACE_OUTER_BOUND ( 'NONE', #1712, .T. ) ;
#901 = EDGE_CURVE ( 'NONE', #516, #2147, #956, .T. ) ;
#902 = LINE ( 'NONE', #893, #274 ) ;
#903 = CARTESIAN_POINT ( 'NONE',  ( -7.430000000000000604, 15.01999999999998359, 0.000000000000000000 ) ) ;
#904 = CARTESIAN_POINT ( 'NONE',  ( 3.500000000000001332, -16.60000000000000142, 0.000000000000000000 ) ) ;
#905 = CIRCLE ( 'NONE', #127, 0.9499999999999995115 ) ;
#906 = FACE_OUTER_BOUND ( 'NONE', #334, .T. ) ;
#907 = ADVANCED_FACE ( 'NONE', ( #561 ), #928, .F. ) ;
#908 = VERTEX_POINT ( 'NONE', #375 ) ;
#909 = FACE_OUTER_BOUND ( 'NONE', #587, .T. ) ;
#910 = AXIS2_PLACEMENT_3D ( 'NONE', #295, #643, #1341 ) ;
#911 = ORIENTED_EDGE ( 'NONE', *, *, #2201, .F. ) ;
#912 = CARTESIAN_POINT ( 'NONE',  ( -9.970000000000055707, 9.940000000000001279, 2.000000000000000000 ) ) ;
#913 = CARTESIAN_POINT ( 'NONE',  ( -8.380000000000000782, 15.01999999999998359, 2.000000000000000000 ) ) ;
#914 = CIRCLE ( 'NONE', #1458, 0.9499999999999995115 ) ;
#915 = ORIENTED_EDGE ( 'NONE', *, *, #1862, .T. ) ;
#916 = CIRCLE ( 'NONE', #15, 0.9499999999999995115 ) ;
#917 = CARTESIAN_POINT ( 'NONE',  ( -12.50000000000000000, 15.79999999999999893, 1.800000000000011591 ) ) ;
#918 = ORIENTED_EDGE ( 'NONE', *, *, #1428, .F. ) ;
#919 = CARTESIAN_POINT ( 'NONE',  ( -5.500000000000000000, 16.60000000000000142, 0.000000000000000000 ) ) ;
#920 = EDGE_CURVE ( 'NONE', #1836, #908, #2088, .T. ) ;
#921 = EDGE_CURVE ( 'NONE', #2136, #2097, #204, .T. ) ;
#922 = ORIENTED_EDGE ( 'NONE', *, *, #1847, .F. ) ;
#923 = DIRECTION ( 'NONE',  ( -0.7071067811865483499, 0.000000000000000000, 0.7071067811865467956 ) ) ;
#924 = ORIENTED_EDGE ( 'NONE', *, *, #1103, .F. ) ;
#925 = DIRECTION ( 'NONE',  ( -0.000000000000000000, -0.000000000000000000, -1.000000000000000000 ) ) ;
#926 = CARTESIAN_POINT ( 'NONE',  ( -10.92000000000005500, 9.940000000000001279, 2.000000000000000000 ) ) ;
#927 = VERTEX_POINT ( 'NONE', #2000 ) ;
#928 = PLANE ( 'NONE',  #1352 ) ;
#929 = ORIENTED_EDGE ( 'NONE', *, *, #750, .T. ) ;
#930 = DIRECTION ( 'NONE',  ( -1.000000000000000000, 0.000000000000000000, 0.000000000000000000 ) ) ;
#931 = VERTEX_POINT ( 'NONE', #25 ) ;
#932 = DIRECTION ( 'NONE',  ( -0.7071067811865482389, 0.000000000000000000, -0.7071067811865469066 ) ) ;
#933 = ORIENTED_EDGE ( 'NONE', *, *, #180, .T. ) ;
#934 = LINE ( 'NONE', #748, #133 ) ;
#935 = DIRECTION ( 'NONE',  ( -1.000000000000000000, 0.000000000000000000, 0.000000000000000000 ) ) ;
#936 = ADVANCED_FACE ( 'NONE', ( #216 ), #1099, .F. ) ;
#937 = ORIENTED_EDGE ( 'NONE', *, *, #951, .F. ) ;
#938 = ORIENTED_EDGE ( 'NONE', *, *, #1357, .T. ) ;
#939 = CARTESIAN_POINT ( 'NONE',  ( 12.50000000000005151, -7.600000000000000533, 0.000000000000000000 ) ) ;
#940 = VERTEX_POINT ( 'NONE', #1302 ) ;
#941 = EDGE_CURVE ( 'NONE', #927, #78, #2162, .T. ) ;
#942 = CIRCLE ( 'NONE', #1163, 0.9499999999999995115 ) ;
#943 = CARTESIAN_POINT ( 'NONE',  ( 12.49999999999995026, 7.600000000000000533, 1.450000000000050138 ) ) ;
#944 = ORIENTED_EDGE ( 'NONE', *, *, #1874, .T. ) ;
#945 = FACE_BOUND ( 'NONE', #1588, .T. ) ;
#946 = LINE ( 'NONE', #450, #244 ) ;
#947 = DIRECTION ( 'NONE',  ( 0.000000000000000000, 0.000000000000000000, -1.000000000000000000 ) ) ;
#948 = VECTOR ( 'NONE', #528, 1000.000000000000000 ) ;
#949 = ORIENTED_EDGE ( 'NONE', *, *, #2050, .T. ) ;
#950 = EDGE_CURVE ( 'NONE', #751, #2161, #1614, .T. ) ;
#951 = EDGE_CURVE ( 'NONE', #516, #1507, #237, .T. ) ;
#952 = AXIS2_PLACEMENT_3D ( 'NONE', #2280, #2266, #1203 ) ;
#953 = ORIENTED_EDGE ( 'NONE', *, *, #486, .T. ) ;
#954 = VECTOR ( 'NONE', #1259, 1000.000000000000000 ) ;
#955 = VERTEX_POINT ( 'NONE', #1821 ) ;
#956 = LINE ( 'NONE', #1647, #2059 ) ;
#957 = VERTEX_POINT ( 'NONE', #239 ) ;
#958 = AXIS2_PLACEMENT_3D ( 'NONE', #1153, #1347, #1691 ) ;
#959 = FACE_BOUND ( 'NONE', #1393, .T. ) ;
#960 = EDGE_CURVE ( 'NONE', #1806, #713, #537, .T. ) ;
#961 = ORIENTED_EDGE ( 'NONE', *, *, #1660, .T. ) ;
#962 = CARTESIAN_POINT ( 'NONE',  ( -12.50000000000000000, 4.599999999999999645, 1.449999999999996847 ) ) ;
#963 = PRODUCT_RELATED_PRODUCT_CATEGORY ( 'part', '', ( #642 ) ) ;
#964 = CARTESIAN_POINT ( 'NONE',  ( 12.50000000000000000, -15.80000000000000071, 1.800000000000011591 ) ) ;
#965 = DIRECTION ( 'NONE',  ( 0.000000000000000000, -0.000000000000000000, -1.000000000000000000 ) ) ;
#966 = ORIENTED_EDGE ( 'NONE', *, *, #125, .F. ) ;
#967 = VERTEX_POINT ( 'NONE', #2040 ) ;
#968 = VERTEX_POINT ( 'NONE', #2029 ) ;
#969 = ORIENTED_EDGE ( 'NONE', *, *, #1146, .T. ) ;
#970 = CARTESIAN_POINT ( 'NONE',  ( 12.95000000000000107, 4.599999999999999645, 1.000000000000000000 ) ) ;
#971 = CARTESIAN_POINT ( 'NONE',  ( -7.430000000000027249, 12.47999999999998266, 2.000000000000000000 ) ) ;
#972 = FACE_OUTER_BOUND ( 'NONE', #1471, .T. ) ;
#973 = DIRECTION ( 'NONE',  ( -0.7071067811865536790, 0.000000000000000000, 0.7071067811865414665 ) ) ;
#974 = CARTESIAN_POINT ( 'NONE',  ( -12.49999999999999822, -4.599999999999999645, 1.449999999999999512 ) ) ;
#975 = EDGE_LOOP ( 'NONE', ( #1642, #1031 ) ) ;
#976 = DIRECTION ( 'NONE',  ( 0.000000000000000000, 0.000000000000000000, -1.000000000000000000 ) ) ;
#977 = ORIENTED_EDGE ( 'NONE', *, *, #1704, .T. ) ;
#978 = DIRECTION ( 'NONE',  ( -1.000000000000000000, 0.000000000000000000, 0.000000000000000000 ) ) ;
#979 = DIRECTION ( 'NONE',  ( 0.000000000000000000, 0.000000000000000000, -1.000000000000000000 ) ) ;
#980 = ADVANCED_FACE ( 'NONE', ( #2066 ), #446, .F. ) ;
#981 = EDGE_CURVE ( 'NONE', #855, #861, #1671, .T. ) ;
#982 = DIRECTION ( 'NONE',  ( -1.000000000000000000, 0.000000000000000000, 0.000000000000000000 ) ) ;
#983 = PLANE ( 'NONE',  #1355 ) ;
#984 = PLANE ( 'NONE',  #60 ) ;
#985 = CIRCLE ( 'NONE', #1198, 0.9499999999999995115 ) ;
#986 = VERTEX_POINT ( 'NONE', #1365 ) ;
#987 = CARTESIAN_POINT ( 'NONE',  ( 11.70000000000000107, 15.80000000000000071, 2.000000000000000000 ) ) ;
#988 = AXIS2_PLACEMENT_3D ( 'NONE', #894, #2297, #1621 ) ;
#989 = ORIENTED_EDGE ( 'NONE', *, *, #1444, .F. ) ;
#990 = LINE ( 'NONE', #1849, #2203 ) ;
#991 = VECTOR ( 'NONE', #1494, 1000.000000000000000 ) ;
#992 = PLANE ( 'NONE',  #910 ) ;
#993 = AXIS2_PLACEMENT_3D ( 'NONE', #1892, #1937, #143 ) ;
#994 = AXIS2_PLACEMENT_3D ( 'NONE', #1882, #634, #1009 ) ;
#995 = EDGE_CURVE ( 'NONE', #1425, #533, #430, .T. ) ;
#996 = CYLINDRICAL_SURFACE ( 'NONE', #2156, 0.9499999999999995115 ) ;
#997 = DIRECTION ( 'NONE',  ( 0.000000000000000000, -0.000000000000000000, 1.000000000000000000 ) ) ;
#998 = DIRECTION ( 'NONE',  ( 0.000000000000000000, 0.000000000000000000, -1.000000000000000000 ) ) ;
#999 = CARTESIAN_POINT ( 'NONE',  ( -3.499999999999999556, 16.60000000000000142, 0.5500000000000034861 ) ) ;
#1000 = VERTEX_POINT ( 'NONE', #641 ) ;
#1001 = ORIENTED_EDGE ( 'NONE', *, *, #1146, .F. ) ;
#1002 = FACE_OUTER_BOUND ( 'NONE', #636, .T. ) ;
#1003 = ORIENTED_EDGE ( 'NONE', *, *, #1046, .T. ) ;
#1004 = DIRECTION ( 'NONE',  ( 0.000000000000000000, 0.000000000000000000, -1.000000000000000000 ) ) ;
#1005 = FACE_OUTER_BOUND ( 'NONE', #1885, .T. ) ;
#1006 = CARTESIAN_POINT ( 'NONE',  ( -5.500000000000000000, -16.60000000000000497, 0.5500000000000077049 ) ) ;
#1007 = FACE_BOUND ( 'NONE', #1646, .T. ) ;
#1008 = DIRECTION ( 'NONE',  ( -0.000000000000000000, -0.000000000000000000, -1.000000000000000000 ) ) ;
#1009 = DIRECTION ( 'NONE',  ( -1.000000000000000000, 0.000000000000000000, 0.000000000000000000 ) ) ;
#1010 = EDGE_CURVE ( 'NONE', #2136, #1561, #1686, .T. ) ;
#1011 = EDGE_LOOP ( 'NONE', ( #2094, #2273 ) ) ;
#1012 = CYLINDRICAL_SURFACE ( 'NONE', #436, 0.9500000000000002887 ) ;
#1013 = EDGE_CURVE ( 'NONE', #1603, #1806, #91, .T. ) ;
#1014 = ORIENTED_EDGE ( 'NONE', *, *, #1401, .T. ) ;
#1015 = DIRECTION ( 'NONE',  ( 0.000000000000000000, 1.000000000000000000, 0.000000000000000000 ) ) ;
#1016 = FACE_BOUND ( 'NONE', #1102, .T. ) ;
#1017 = LINE ( 'NONE', #1722, #130 ) ;
#1018 = LINE ( 'NONE', #1913, #850 ) ;
#1019 = LINE ( 'NONE', #690, #1566 ) ;
#1020 = ORIENTED_EDGE ( 'NONE', *, *, #1573, .F. ) ;
#1021 = AXIS2_PLACEMENT_3D ( 'NONE', #786, #405, #607 ) ;
#1022 = DIRECTION ( 'NONE',  ( -0.000000000000000000, -0.000000000000000000, -1.000000000000000000 ) ) ;
#1023 = CARTESIAN_POINT ( 'NONE',  ( -12.50000000000000000, 4.599999999999999645, 0.5499999999999961586 ) ) ;
#1024 = AXIS2_PLACEMENT_3D ( 'NONE', #466, #1540, #1338 ) ;
#1025 = VECTOR ( 'NONE', #1331, 1000.000000000000000 ) ;
#1026 = CIRCLE ( 'NONE', #730, 0.9499999999999995115 ) ;
#1027 = DIRECTION ( 'NONE',  ( -1.000000000000000000, 0.000000000000000000, 0.000000000000000000 ) ) ;
#1028 = DIRECTION ( 'NONE',  ( 1.000000000000000000, 0.000000000000000000, 0.000000000000000000 ) ) ;
#1029 = DIRECTION ( 'NONE',  ( 0.000000000000000000, -1.000000000000000000, 0.000000000000000000 ) ) ;
#1030 = PRODUCT_DEFINITION_FORMATION_WITH_SPECIFIED_SOURCE ( '任何', '', #642, .NOT_KNOWN. ) ;
#1031 = ORIENTED_EDGE ( 'NONE', *, *, #731, .F. ) ;
#1032 = DIRECTION ( 'NONE',  ( 0.000000000000000000, 0.000000000000000000, -1.000000000000000000 ) ) ;
#1033 = LINE ( 'NONE', #511, #471 ) ;
#1034 = LINE ( 'NONE', #519, #2159 ) ;
#1035 = EDGE_CURVE ( 'NONE', #250, #648, #654, .T. ) ;
#1036 = CARTESIAN_POINT ( 'NONE',  ( -10.92000000000005500, 9.940000000000001279, 2.000000000000000000 ) ) ;
#1037 = FILL_AREA_STYLE_COLOUR ( '', #1871 ) ;
#1038 = ORIENTED_EDGE ( 'NONE', *, *, #2239, .T. ) ;
#1039 = LINE ( 'NONE', #517, #246 ) ;
#1040 = EDGE_CURVE ( 'NONE', #2197, #2016, #990, .T. ) ;
#1041 = EDGE_CURVE ( 'NONE', #1895, #2197, #1184, .T. ) ;
#1042 = DIRECTION ( 'NONE',  ( 0.000000000000000000, -0.7071067811865450192, 0.7071067811865501263 ) ) ;
#1043 = DIRECTION ( 'NONE',  ( -1.000000000000000000, 0.000000000000000000, 0.000000000000000000 ) ) ;
#1044 = ORIENTED_EDGE ( 'NONE', *, *, #220, .T. ) ;
#1045 = CARTESIAN_POINT ( 'NONE',  ( -12.94999999999997975, -4.599999999999999645, 0.9999999999999753530 ) ) ;
#1046 = EDGE_CURVE ( 'NONE', #927, #338, #1318, .T. ) ;
#1047 = DIRECTION ( 'NONE',  ( 0.000000000000000000, 0.000000000000000000, -1.000000000000000000 ) ) ;
#1048 = LINE ( 'NONE', #505, #168 ) ;
#1049 = VERTEX_POINT ( 'NONE', #630 ) ;
#1050 = LINE ( 'NONE', #1734, #136 ) ;
#1051 = AXIS2_PLACEMENT_3D ( 'NONE', #192, #545, #1067 ) ;
#1052 = DIRECTION ( 'NONE',  ( 0.000000000000000000, 0.000000000000000000, -1.000000000000000000 ) ) ;
#1053 = ORIENTED_EDGE ( 'NONE', *, *, #666, .T. ) ;
#1054 = VECTOR ( 'NONE', #131, 1000.000000000000000 ) ;
#1055 = CARTESIAN_POINT ( 'NONE',  ( -9.970000000000027285, 12.48000000000000043, 0.000000000000000000 ) ) ;
#1056 = VECTOR ( 'NONE', #1420, 1000.000000000000000 ) ;
#1057 = CARTESIAN_POINT ( 'NONE',  ( -5.840000000000080682, 7.399999999999964828, 2.000000000000000000 ) ) ;
#1058 = CARTESIAN_POINT ( 'NONE',  ( 12.49999999999995026, 7.600000000000000533, 0.000000000000000000 ) ) ;
#1059 = AXIS2_PLACEMENT_3D ( 'NONE', #2262, #677, #1206 ) ;
#1060 = LINE ( 'NONE', #836, #348 ) ;
#1061 = CARTESIAN_POINT ( 'NONE',  ( 11.70000000000000107, -15.80000000000000071, 2.000000000000000000 ) ) ;
#1062 = DIRECTION ( 'NONE',  ( 0.000000000000000000, -0.000000000000000000, 1.000000000000000000 ) ) ;
#1063 = VECTOR ( 'NONE', #665, 1000.000000000000000 ) ;
#1064 =( GEOMETRIC_REPRESENTATION_CONTEXT ( 3 ) GLOBAL_UNCERTAINTY_ASSIGNED_CONTEXT ( ( #892 ) ) GLOBAL_UNIT_ASSIGNED_CONTEXT ( ( #2084, #174, #2079 ) ) REPRESENTATION_CONTEXT ( 'NONE', 'WORKASPACE' ) );
#1065 = CARTESIAN_POINT ( 'NONE',  ( -12.50000000000000178, 7.600000000000000533, 0.000000000000000000 ) ) ;
#1066 = ORIENTED_EDGE ( 'NONE', *, *, #2157, .F. ) ;
#1067 = DIRECTION ( 'NONE',  ( -1.000000000000000000, 0.000000000000000000, 0.000000000000000000 ) ) ;
#1068 = ORIENTED_EDGE ( 'NONE', *, *, #950, .T. ) ;
#1069 = DIRECTION ( 'NONE',  ( 0.000000000000000000, 0.7071067811865540120, 0.7071067811865410224 ) ) ;
#1070 = DIRECTION ( 'NONE',  ( 1.927470528863138277E-15, 1.000000000000000000, 0.000000000000000000 ) ) ;
#1071 = DIRECTION ( 'NONE',  ( 0.000000000000000000, 0.000000000000000000, -1.000000000000000000 ) ) ;
#1072 = DIRECTION ( 'NONE',  ( -0.000000000000000000, -0.000000000000000000, -1.000000000000000000 ) ) ;
#1073 = EDGE_CURVE ( 'NONE', #392, #1798, #1717, .T. ) ;
#1074 = ADVANCED_FACE ( 'NONE', ( #1169 ), #294, .F. ) ;
#1075 = ADVANCED_FACE ( 'NONE', ( #824 ), #1679, .T. ) ;
#1076 = DIRECTION ( 'NONE',  ( 0.7071067811865482389, 0.000000000000000000, 0.7071067811865469066 ) ) ;
#1077 = ORIENTED_EDGE ( 'NONE', *, *, #349, .F. ) ;
#1078 = FACE_OUTER_BOUND ( 'NONE', #1817, .T. ) ;
#1079 = ORIENTED_EDGE ( 'NONE', *, *, #1046, .F. ) ;
#1080 = ORIENTED_EDGE ( 'NONE', *, *, #83, .F. ) ;
#1081 = APPLICATION_CONTEXT ( 'automotive_design' ) ;
#1082 = DIRECTION ( 'NONE',  ( -1.000000000000000000, 0.000000000000000000, 0.000000000000000000 ) ) ;
#1083 = FACE_OUTER_BOUND ( 'NONE', #70, .T. ) ;
#1084 = EDGE_LOOP ( 'NONE', ( #35, #1133, #236, #1105 ) ) ;
#1085 = ADVANCED_FACE ( 'NONE', ( #846 ), #277, .F. ) ;
#1086 = LINE ( 'NONE', #939, #94 ) ;
#1087 = ORIENTED_EDGE ( 'NONE', *, *, #2201, .T. ) ;
#1088 = CARTESIAN_POINT ( 'NONE',  ( -4.890000000000000568, 15.01999999999996582, 2.000000000000000000 ) ) ;
#1089 = EDGE_LOOP ( 'NONE', ( #417, #1361, #195, #402 ) ) ;
#1090 = CIRCLE ( 'NONE', #92, 0.9499999999999995115 ) ;
#1091 = VERTEX_POINT ( 'NONE', #2226 ) ;
#1092 = AXIS2_PLACEMENT_3D ( 'NONE', #742, #1838, #1972 ) ;
#1093 = DIRECTION ( 'NONE',  ( -0.000000000000000000, -0.000000000000000000, -1.000000000000000000 ) ) ;
#1094 = FACE_OUTER_BOUND ( 'NONE', #1283, .T. ) ;
#1095 = AXIS2_PLACEMENT_3D ( 'NONE', #1273, #538, #1082 ) ;
#1096 = ORIENTED_EDGE ( 'NONE', *, *, #2209, .T. ) ;
#1097 = VECTOR ( 'NONE', #272, 1000.000000000000000 ) ;
#1098 = AXIS2_PLACEMENT_3D ( 'NONE', #839, #86, #802 ) ;
#1099 = PLANE ( 'NONE',  #1092 ) ;
#1100 = ORIENTED_EDGE ( 'NONE', *, *, #470, .T. ) ;
#1101 = CARTESIAN_POINT ( 'NONE',  ( -12.49999999999999467, -7.600000000000000533, 0.000000000000000000 ) ) ;
#1102 = EDGE_LOOP ( 'NONE', ( #911, #1108, #1796, #146 ) ) ;
#1103 = EDGE_CURVE ( 'NONE', #1000, #1990, #117, .T. ) ;
#1104 = FACE_BOUND ( 'NONE', #1753, .T. ) ;
#1105 = ORIENTED_EDGE ( 'NONE', *, *, #1720, .T. ) ;
#1106 = CARTESIAN_POINT ( 'NONE',  ( -10.92000000000002657, 12.48000000000000043, 0.000000000000000000 ) ) ;
#1107 = DIRECTION ( 'NONE',  ( 0.000000000000000000, 0.000000000000000000, -1.000000000000000000 ) ) ;
#1108 = ORIENTED_EDGE ( 'NONE', *, *, #1728, .F. ) ;
#1109 = DIRECTION ( 'NONE',  ( -0.000000000000000000, -0.000000000000000000, -1.000000000000000000 ) ) ;
#1110 = ORIENTED_EDGE ( 'NONE', *, *, #2089, .F. ) ;
#1111 = CARTESIAN_POINT ( 'NONE',  ( -13.50623058987491021, 16.59999999999999787, 0.5500000000000000444 ) ) ;
#1112 = ORIENTED_EDGE ( 'NONE', *, *, #1543, .F. ) ;
#1113 = EDGE_CURVE ( 'NONE', #780, #1667, #688, .T. ) ;
#1114 = CARTESIAN_POINT ( 'NONE',  ( -12.30000000000000959, 0.000000000000000000, 2.000000000000000000 ) ) ;
#1115 = EDGE_LOOP ( 'NONE', ( #1801, #290, #360, #1818 ) ) ;
#1116 = CARTESIAN_POINT ( 'NONE',  ( -10.92000000000007987, 7.400000000000000355, 2.000000000000000000 ) ) ;
#1117 = LINE ( 'NONE', #2135, #2130 ) ;
#1118 = ORIENTED_EDGE ( 'NONE', *, *, #423, .F. ) ;
#1119 = ORIENTED_EDGE ( 'NONE', *, *, #639, .F. ) ;
#1120 = ORIENTED_EDGE ( 'NONE', *, *, #1041, .F. ) ;
#1121 = VERTEX_POINT ( 'NONE', #493 ) ;
#1122 = CARTESIAN_POINT ( 'NONE',  ( -8.380000000000025651, 12.47999999999998266, 2.000000000000000000 ) ) ;
#1123 = ORIENTED_EDGE ( 'NONE', *, *, #2157, .T. ) ;
#1124 = CIRCLE ( 'NONE', #1021, 0.9499999999999995115 ) ;
#1125 = FACE_BOUND ( 'NONE', #400, .T. ) ;
#1126 = VERTEX_POINT ( 'NONE', #312 ) ;
#1127 = CARTESIAN_POINT ( 'NONE',  ( -11.87000000000000099, 15.01999999999999957, 2.000000000000000000 ) ) ;
#1128 = VECTOR ( 'NONE', #357, 1000.000000000000000 ) ;
#1129 = DIRECTION ( 'NONE',  ( 0.000000000000000000, 0.000000000000000000, -1.000000000000000000 ) ) ;
#1130 = CARTESIAN_POINT ( 'NONE',  ( 11.70000000000000107, 16.40000000000001279, 2.000000000000000000 ) ) ;
#1131 = ORIENTED_EDGE ( 'NONE', *, *, #1800, .F. ) ;
#1132 = CIRCLE ( 'NONE', #1059, 0.9499999999999995115 ) ;
#1133 = ORIENTED_EDGE ( 'NONE', *, *, #1644, .F. ) ;
#1134 = AXIS2_PLACEMENT_3D ( 'NONE', #1155, #303, #1498 ) ;
#1135 = ORIENTED_EDGE ( 'NONE', *, *, #520, .T. ) ;
#1136 = AXIS2_PLACEMENT_3D ( 'NONE', #1853, #1516, #287 ) ;
#1137 = DIRECTION ( 'NONE',  ( 0.7071067811865482389, -0.000000000000000000, 0.7071067811865469066 ) ) ;
#1138 = CARTESIAN_POINT ( 'NONE',  ( 12.50000000000000000, -16.60000000000000142, 0.000000000000000000 ) ) ;
#1139 = ORIENTED_EDGE ( 'NONE', *, *, #2267, .T. ) ;
#1140 = CARTESIAN_POINT ( 'NONE',  ( -4.890000000000000568, 15.01999999999996582, 0.000000000000000000 ) ) ;
#1141 = FACE_BOUND ( 'NONE', #65, .T. ) ;
#1142 = CARTESIAN_POINT ( 'NONE',  ( -7.430000000000027249, 12.47999999999998266, 0.000000000000000000 ) ) ;
#1143 = ORIENTED_EDGE ( 'NONE', *, *, #1971, .F. ) ;
#1144 = VERTEX_POINT ( 'NONE', #1023 ) ;
#1145 = FACE_OUTER_BOUND ( 'NONE', #1437, .T. ) ;
#1146 = EDGE_CURVE ( 'NONE', #1126, #968, #138, .T. ) ;
#1147 = ORIENTED_EDGE ( 'NONE', *, *, #766, .F. ) ;
#1148 =( NAMED_UNIT ( * ) PLANE_ANGLE_UNIT ( ) SI_UNIT ( $, .RADIAN. ) );
#1149 = DIRECTION ( 'NONE',  ( -1.000000000000000000, 0.000000000000000000, 0.000000000000000000 ) ) ;
#1150 = LINE ( 'NONE', #580, #1590 ) ;
#1151 = CARTESIAN_POINT ( 'NONE',  ( -6.790000000000000924, 15.01999999999996582, 0.000000000000000000 ) ) ;
#1152 = CARTESIAN_POINT ( 'NONE',  ( -9.970000000000000639, 15.01999999999999957, 2.000000000000000000 ) ) ;
#1153 = CARTESIAN_POINT ( 'NONE',  ( -10.92000000000005500, 9.940000000000001279, 2.000000000000000000 ) ) ;
#1154 = ORIENTED_EDGE ( 'NONE', *, *, #1661, .F. ) ;
#1155 = CARTESIAN_POINT ( 'NONE',  ( -8.380000000000025651, 12.47999999999998266, 2.000000000000000000 ) ) ;
#1156 = ORIENTED_EDGE ( 'NONE', *, *, #960, .F. ) ;
#1157 = DIRECTION ( 'NONE',  ( 1.362927481496341047E-15, 0.7071067811865450192, 0.7071067811865501263 ) ) ;
#1158 = EDGE_CURVE ( 'NONE', #1121, #648, #1232, .T. ) ;
#1159 = LINE ( 'NONE', #2240, #314 ) ;
#1160 = FACE_OUTER_BOUND ( 'NONE', #134, .T. ) ;
#1161 = DIRECTION ( 'NONE',  ( 1.000000000000000000, 0.000000000000000000, -0.000000000000000000 ) ) ;
#1162 = CARTESIAN_POINT ( 'NONE',  ( 11.70000000000000107, 15.80000000000000071, 2.000000000000000000 ) ) ;
#1163 = AXIS2_PLACEMENT_3D ( 'NONE', #1576, #737, #1429 ) ;
#1164 = EDGE_LOOP ( 'NONE', ( #2232, #1521, #1612, #1100 ) ) ;
#1165 = ORIENTED_EDGE ( 'NONE', *, *, #574, .T. ) ;
#1166 = PLANE ( 'NONE',  #1978 ) ;
#1167 = VECTOR ( 'NONE', #2160, 1000.000000000000000 ) ;
#1168 = EDGE_LOOP ( 'NONE', ( #1764, #51, #1812, #865 ) ) ;
#1169 = FACE_OUTER_BOUND ( 'NONE', #753, .T. ) ;
#1170 = AXIS2_PLACEMENT_3D ( 'NONE', #231, #1828, #407 ) ;
#1171 = CARTESIAN_POINT ( 'NONE',  ( -10.92000000000000171, 15.01999999999999957, 2.000000000000000000 ) ) ;
#1172 = VECTOR ( 'NONE', #2081, 1000.000000000000000 ) ;
#1173 = CIRCLE ( 'NONE', #1756, 0.9499999999999995115 ) ;
#1174 = FACE_OUTER_BOUND ( 'NONE', #293, .T. ) ;
#1175 = PLANE ( 'NONE',  #2086 ) ;
#1176 = EDGE_CURVE ( 'NONE', #2168, #940, #2090, .T. ) ;
#1177 = EDGE_CURVE ( 'NONE', #1316, #745, #1391, .T. ) ;
#1178 = CARTESIAN_POINT ( 'NONE',  ( -6.790000000000026681, 12.47999999999996490, 2.000000000000000000 ) ) ;
#1179 = DIRECTION ( 'NONE',  ( 1.362927481496330792E-15, 0.7071067811865450192, 0.7071067811865501263 ) ) ;
#1180 = VERTEX_POINT ( 'NONE', #1210 ) ;
#1181 = DIRECTION ( 'NONE',  ( -0.000000000000000000, -0.000000000000000000, -1.000000000000000000 ) ) ;
#1182 = ADVANCED_FACE ( 'NONE', ( #1736 ), #341, .T. ) ;
#1183 = ORIENTED_EDGE ( 'NONE', *, *, #1262, .T. ) ;
#1184 = LINE ( 'NONE', #128, #385 ) ;
#1185 = DIRECTION ( 'NONE',  ( 0.000000000000000000, 0.7071067811865536790, 0.7071067811865414665 ) ) ;
#1186 = DIRECTION ( 'NONE',  ( -1.000000000000000000, 0.000000000000000000, 0.000000000000000000 ) ) ;
#1187 = CYLINDRICAL_SURFACE ( 'NONE', #282, 0.8000000000000003775 ) ;
#1188 = SURFACE_STYLE_USAGE ( .BOTH. , #868 ) ;
#1189 = EDGE_CURVE ( 'NONE', #1808, #1654, #1917, .T. ) ;
#1190 = VERTEX_POINT ( 'NONE', #1371 ) ;
#1191 = CARTESIAN_POINT ( 'NONE',  ( 11.70000000000000107, 16.60000000000000142, 0.000000000000000000 ) ) ;
#1192 = EDGE_LOOP ( 'NONE', ( #521, #1693 ) ) ;
#1193 = DIRECTION ( 'NONE',  ( 1.000000000000000000, 1.927470528863116583E-15, 0.000000000000000000 ) ) ;
#1194 = CARTESIAN_POINT ( 'NONE',  ( -5.840000000000027391, 12.47999999999996490, 0.000000000000000000 ) ) ;
#1195 = FILL_AREA_STYLE ('',( #1037 ) ) ;
#1196 = DIRECTION ( 'NONE',  ( 0.7071067811865480168, 0.000000000000000000, 0.7071067811865470176 ) ) ;
#1197 = ORIENTED_EDGE ( 'NONE', *, *, #1364, .F. ) ;
#1198 = AXIS2_PLACEMENT_3D ( 'NONE', #247, #621, #1651 ) ;
#1199 = CARTESIAN_POINT ( 'NONE',  ( -3.499999999999999556, 17.05000000000000071, 0.000000000000000000 ) ) ;
#1200 = EDGE_CURVE ( 'NONE', #1383, #1808, #1726, .T. ) ;
#1201 = VECTOR ( 'NONE', #2180, 1000.000000000000000 ) ;
#1202 = AXIS2_PLACEMENT_3D ( 'NONE', #784, #1477, #2190 ) ;
#1203 = DIRECTION ( 'NONE',  ( -1.000000000000000000, 0.000000000000000000, 0.000000000000000000 ) ) ;
#1204 = AXIS2_PLACEMENT_3D ( 'NONE', #2013, #2146, #1797 ) ;
#1205 = FACE_BOUND ( 'NONE', #2288, .T. ) ;
#1206 = DIRECTION ( 'NONE',  ( -1.000000000000000000, 0.000000000000000000, 0.000000000000000000 ) ) ;
#1207 = CIRCLE ( 'NONE', #101, 0.9499999999999995115 ) ;
#1208 = EDGE_LOOP ( 'NONE', ( #937, #490, #1532, #899 ) ) ;
#1209 = DIRECTION ( 'NONE',  ( 0.000000000000000000, 0.7071067811865540120, -0.7071067811865410224 ) ) ;
#1210 = CARTESIAN_POINT ( 'NONE',  ( 12.95000000000000107, 4.599999999999999645, 1.000000000000000000 ) ) ;
#1211 = EDGE_CURVE ( 'NONE', #957, #1601, #1033, .T. ) ;
#1212 = DIRECTION ( 'NONE',  ( -0.000000000000000000, -0.000000000000000000, -1.000000000000000000 ) ) ;
#1213 = ORIENTED_EDGE ( 'NONE', *, *, #883, .T. ) ;
#1214 = FACE_BOUND ( 'NONE', #1349, .T. ) ;
#1215 = DIRECTION ( 'NONE',  ( 1.000000000000000000, 0.000000000000000000, 0.000000000000000000 ) ) ;
#1216 = VERTEX_POINT ( 'NONE', #698 ) ;
#1217 = LINE ( 'NONE', #1399, #2281 ) ;
#1218 = CARTESIAN_POINT ( 'NONE',  ( -3.499999999999999556, -17.05000000000000071, 0.9999999999999941158 ) ) ;
#1219 = EDGE_CURVE ( 'NONE', #2097, #1561, #332, .T. ) ;
#1220 = PLANE ( 'NONE',  #1557 ) ;
#1221 = ORIENTED_EDGE ( 'NONE', *, *, #325, .T. ) ;
#1222 = LINE ( 'NONE', #1045, #2053 ) ;
#1223 = LINE ( 'NONE', #2115, #541 ) ;
#1224 = CARTESIAN_POINT ( 'NONE',  ( -8.380000000000054072, 9.939999999999983515, 2.000000000000000000 ) ) ;
#1225 = ORIENTED_EDGE ( 'NONE', *, *, #920, .F. ) ;
#1226 = LINE ( 'NONE', #1794, #954 ) ;
#1227 = LINE ( 'NONE', #1760, #1172 ) ;
#1228 = VECTOR ( 'NONE', #2192, 999.9999999999998863 ) ;
#1229 = AXIS2_PLACEMENT_3D ( 'NONE', #279, #1329, #2227 ) ;
#1230 = CARTESIAN_POINT ( 'NONE',  ( -7.430000000000080540, 7.399999999999982592, 0.000000000000000000 ) ) ;
#1231 = VERTEX_POINT ( 'NONE', #324 ) ;
#1232 = CIRCLE ( 'NONE', #952, 0.9499999999999995115 ) ;
#1233 = EDGE_CURVE ( 'NONE', #369, #259, #849, .T. ) ;
#1234 = LINE ( 'NONE', #709, #313 ) ;
#1235 = EDGE_LOOP ( 'NONE', ( #429, #1684, #2186, #1213 ) ) ;
#1236 = AXIS2_PLACEMENT_3D ( 'NONE', #1291, #1446, #1987 ) ;
#1237 = DIRECTION ( 'NONE',  ( 0.000000000000000000, -1.000000000000000000, 0.000000000000000000 ) ) ;
#1238 = VECTOR ( 'NONE', #1296, 1000.000000000000000 ) ;
#1239 = ADVANCED_FACE ( 'NONE', ( #726 ), #573, .T. ) ;
#1240 = EDGE_CURVE ( 'NONE', #214, #2008, #548, .T. ) ;
#1241 = FACE_OUTER_BOUND ( 'NONE', #783, .T. ) ;
#1242 = DIRECTION ( 'NONE',  ( -1.000000000000000000, 0.000000000000000000, 0.000000000000000000 ) ) ;
#1243 = LINE ( 'NONE', #2265, #167 ) ;
#1244 = CIRCLE ( 'NONE', #542, 0.8000000000000003775 ) ;
#1245 = AXIS2_PLACEMENT_3D ( 'NONE', #1613, #601, #388 ) ;
#1246 = DIRECTION ( 'NONE',  ( 0.7071067811865483499, 0.000000000000000000, -0.7071067811865467956 ) ) ;
#1247 = ORIENTED_EDGE ( 'NONE', *, *, #679, .F. ) ;
#1248 = DIRECTION ( 'NONE',  ( -0.000000000000000000, -0.000000000000000000, -1.000000000000000000 ) ) ;
#1249 = VERTEX_POINT ( 'NONE', #2107 ) ;
#1250 = ORIENTED_EDGE ( 'NONE', *, *, #1444, .T. ) ;
#1251 = LINE ( 'NONE', #223, #506 ) ;
#1252 = LINE ( 'NONE', #904, #18 ) ;
#1253 = EDGE_CURVE ( 'NONE', #1363, #1733, #1715, .T. ) ;
#1254 = ORIENTED_EDGE ( 'NONE', *, *, #639, .T. ) ;
#1255 = CARTESIAN_POINT ( 'NONE',  ( -12.95000000000000107, 4.599999999999999645, 0.9999999999999967804 ) ) ;
#1256 = ORIENTED_EDGE ( 'NONE', *, *, #1073, .F. ) ;
#1257 = CYLINDRICAL_SURFACE ( 'NONE', #2118, 0.9500000000000002887 ) ;
#1258 = ORIENTED_EDGE ( 'NONE', *, *, #680, .F. ) ;
#1259 = DIRECTION ( 'NONE',  ( -0.000000000000000000, -0.000000000000000000, 1.000000000000000000 ) ) ;
#1260 = DIRECTION ( 'NONE',  ( -0.000000000000000000, 0.000000000000000000, -1.000000000000000000 ) ) ;
#1261 = ORIENTED_EDGE ( 'NONE', *, *, #285, .F. ) ;
#1262 = EDGE_CURVE ( 'NONE', #823, #1290, #1905, .T. ) ;
#1263 = ORIENTED_EDGE ( 'NONE', *, *, #1479, .T. ) ;
#1264 = EDGE_CURVE ( 'NONE', #1988, #855, #1907, .T. ) ;
#1265 = DIRECTION ( 'NONE',  ( 1.000000000000000000, -1.927470528863264495E-15, 0.000000000000000000 ) ) ;
#1266 = ORIENTED_EDGE ( 'NONE', *, *, #696, .F. ) ;
#1267 = FACE_OUTER_BOUND ( 'NONE', #240, .T. ) ;
#1268 = ORIENTED_EDGE ( 'NONE', *, *, #1606, .T. ) ;
#1269 = AXIS2_PLACEMENT_3D ( 'NONE', #1919, #1591, #874 ) ;
#1270 = DIRECTION ( 'NONE',  ( -0.7071067811865414665, -0.000000000000000000, 0.7071067811865536790 ) ) ;
#1271 = AXIS2_PLACEMENT_3D ( 'NONE', #483, #1533, #1512 ) ;
#1272 = ORIENTED_EDGE ( 'NONE', *, *, #1834, .F. ) ;
#1273 = CARTESIAN_POINT ( 'NONE',  ( -10.92000000000002657, 12.48000000000000043, 2.000000000000000000 ) ) ;
#1274 = DIRECTION ( 'NONE',  ( 0.000000000000000000, 0.000000000000000000, -1.000000000000000000 ) ) ;
#1275 = VECTOR ( 'NONE', #398, 1000.000000000000114 ) ;
#1276 = ORIENTED_EDGE ( 'NONE', *, *, #706, .T. ) ;
#1277 = AXIS2_PLACEMENT_3D ( 'NONE', #2108, #1926, #1578 ) ;
#1278 = CIRCLE ( 'NONE', #1358, 0.9499999999999995115 ) ;
#1279 = CYLINDRICAL_SURFACE ( 'NONE', #1204, 0.9499999999999995115 ) ;
#1280 = VERTEX_POINT ( 'NONE', #1586 ) ;
#1281 = EDGE_CURVE ( 'NONE', #1869, #1654, #714, .T. ) ;
#1282 = CARTESIAN_POINT ( 'NONE',  ( -11.87000000000005429, 9.940000000000001279, 2.000000000000000000 ) ) ;
#1283 = EDGE_LOOP ( 'NONE', ( #320, #915, #31, #708 ) ) ;
#1284 = CARTESIAN_POINT ( 'NONE',  ( 0.000000000000000000, 0.000000000000000000, 2.000000000000000000 ) ) ;
#1285 = DIRECTION ( 'NONE',  ( -0.000000000000000000, -0.000000000000000000, -1.000000000000000000 ) ) ;
#1286 = DIRECTION ( 'NONE',  ( -1.000000000000000000, 0.000000000000000000, 0.000000000000000000 ) ) ;
#1287 = EDGE_LOOP ( 'NONE', ( #411, #1511, #63 ) ) ;
#1288 = ORIENTED_EDGE ( 'NONE', *, *, #1661, .T. ) ;
#1289 = ORIENTED_EDGE ( 'NONE', *, *, #2210, .T. ) ;
#1290 = VERTEX_POINT ( 'NONE', #555 ) ;
#1291 = CARTESIAN_POINT ( 'NONE',  ( 0.000000000000000000, -16.40000000000000924, 2.000000000000000000 ) ) ;
#1292 = ORIENTED_EDGE ( 'NONE', *, *, #1158, .F. ) ;
#1293 = CARTESIAN_POINT ( 'NONE',  ( -5.840000000000080682, 7.399999999999964828, 0.000000000000000000 ) ) ;
#1294 = EDGE_LOOP ( 'NONE', ( #2138, #330, #938, #112 ) ) ;
#1295 = FACE_OUTER_BOUND ( 'NONE', #193, .T. ) ;
#1296 = DIRECTION ( 'NONE',  ( -0.000000000000000000, -0.000000000000000000, -1.000000000000000000 ) ) ;
#1297 = DIRECTION ( 'NONE',  ( -0.7071067811865483499, 0.000000000000000000, 0.7071067811865467956 ) ) ;
#1298 = ORIENTED_EDGE ( 'NONE', *, *, #941, .T. ) ;
#1299 = ORIENTED_EDGE ( 'NONE', *, *, #1264, .T. ) ;
#1300 = VERTEX_POINT ( 'NONE', #1759 ) ;
#1301 = EDGE_LOOP ( 'NONE', ( #2173, #225 ) ) ;
#1302 = CARTESIAN_POINT ( 'NONE',  ( 11.70000000000000107, 16.60000000000000142, 1.800000000000011591 ) ) ;
#1303 = AXIS2_PLACEMENT_3D ( 'NONE', #2218, #281, #1330 ) ;
#1304 = CARTESIAN_POINT ( 'NONE',  ( -10.92000000000002657, 12.48000000000000043, 0.000000000000000000 ) ) ;
#1305 = ORIENTED_EDGE ( 'NONE', *, *, #559, .T. ) ;
#1306 = VECTOR ( 'NONE', #1563, 1000.000000000000000 ) ;
#1307 = CARTESIAN_POINT ( 'NONE',  ( 12.50000000000000000, 4.599999999999999645, 0.5500000000000000444 ) ) ;
#1308 = DIRECTION ( 'NONE',  ( -1.000000000000000000, 0.000000000000000000, 0.000000000000000000 ) ) ;
#1309 = CYLINDRICAL_SURFACE ( 'NONE', #2127, 0.9500000000000002887 ) ;
#1310 = EDGE_CURVE ( 'NONE', #2168, #1836, #1251, .T. ) ;
#1311 = VECTOR ( 'NONE', #1157, 1000.000000000000114 ) ;
#1312 = EDGE_LOOP ( 'NONE', ( #229, #1868 ) ) ;
#1313 = FACE_OUTER_BOUND ( 'NONE', #479, .T. ) ;
#1314 = VECTOR ( 'NONE', #1526, 1000.000000000000000 ) ;
#1315 = AXIS2_PLACEMENT_3D ( 'NONE', #158, #2293, #711 ) ;
#1316 = VERTEX_POINT ( 'NONE', #1408 ) ;
#1317 = AXIS2_PLACEMENT_3D ( 'NONE', #213, #188, #935 ) ;
#1318 = LINE ( 'NONE', #2049, #1453 ) ;
#1319 = CARTESIAN_POINT ( 'NONE',  ( 12.49999999999996980, 4.599999999999999645, 0.000000000000000000 ) ) ;
#1320 = CARTESIAN_POINT ( 'NONE',  ( -5.840000000000080682, 7.399999999999964828, 0.000000000000000000 ) ) ;
#1321 = DIRECTION ( 'NONE',  ( 0.000000000000000000, 0.000000000000000000, -1.000000000000000000 ) ) ;
#1322 = DIRECTION ( 'NONE',  ( -1.362927481496330792E-15, -0.7071067811865450192, -0.7071067811865501263 ) ) ;
#1323 = ORIENTED_EDGE ( 'NONE', *, *, #2034, .T. ) ;
#1324 = EDGE_CURVE ( 'NONE', #369, #170, #568, .T. ) ;
#1325 = LINE ( 'NONE', #464, #694 ) ;
#1326 = EDGE_CURVE ( 'NONE', #2256, #2174, #934, .T. ) ;
#1327 = ORIENTED_EDGE ( 'NONE', *, *, #115, .F. ) ;
#1328 = CARTESIAN_POINT ( 'NONE',  ( 12.30000000000000959, 15.79999999999998472, 2.000000000000000000 ) ) ;
#1329 = DIRECTION ( 'NONE',  ( -0.000000000000000000, -0.000000000000000000, -1.000000000000000000 ) ) ;
#1330 = DIRECTION ( 'NONE',  ( 0.000000000000000000, -0.000000000000000000, 1.000000000000000000 ) ) ;
#1331 = DIRECTION ( 'NONE',  ( -0.000000000000000000, -0.000000000000000000, -1.000000000000000000 ) ) ;
#1332 = DIRECTION ( 'NONE',  ( 1.000000000000000000, 0.000000000000000000, 0.000000000000000000 ) ) ;
#1333 = ORIENTED_EDGE ( 'NONE', *, *, #418, .T. ) ;
#1334 = ORIENTED_EDGE ( 'NONE', *, *, #2143, .T. ) ;
#1335 = DIRECTION ( 'NONE',  ( -1.000000000000000000, 0.000000000000000000, 0.000000000000000000 ) ) ;
#1336 = EDGE_CURVE ( 'NONE', #1831, #1290, #1226, .T. ) ;
#1337 = ORIENTED_EDGE ( 'NONE', *, *, #1480, .T. ) ;
#1338 = DIRECTION ( 'NONE',  ( 0.000000000000000000, 0.000000000000000000, 1.000000000000000000 ) ) ;
#1339 = ADVANCED_FACE ( 'NONE', ( #176 ), #352, .F. ) ;
#1340 = EDGE_CURVE ( 'NONE', #74, #2144, #1952, .T. ) ;
#1341 = DIRECTION ( 'NONE',  ( 0.000000000000000000, 0.000000000000000000, 1.000000000000000000 ) ) ;
#1342 = ADVANCED_BREP_SHAPE_REPRESENTATION ( 'Lid', ( #1596, #1245 ), #1064 ) ;
#1343 = VECTOR ( 'NONE', #1758, 1000.000000000000000 ) ;
#1344 = DIRECTION ( 'NONE',  ( -1.000000000000000000, 0.000000000000000000, 0.000000000000000000 ) ) ;
#1345 = DIRECTION ( 'NONE',  ( 1.000000000000000000, 0.000000000000000000, -0.000000000000000000 ) ) ;
#1346 = SURFACE_SIDE_STYLE ('',( #1552 ) ) ;
#1347 = DIRECTION ( 'NONE',  ( 0.000000000000000000, 0.000000000000000000, -1.000000000000000000 ) ) ;
#1348 = ORIENTED_EDGE ( 'NONE', *, *, #95, .F. ) ;
#1349 = EDGE_LOOP ( 'NONE', ( #733, #721 ) ) ;
#1350 = AXIS2_PLACEMENT_3D ( 'NONE', #1413, #2128, #1956 ) ;
#1351 = LINE ( 'NONE', #2248, #1063 ) ;
#1352 = AXIS2_PLACEMENT_3D ( 'NONE', #390, #1434, #1265 ) ;
#1353 = ORIENTED_EDGE ( 'NONE', *, *, #424, .T. ) ;
#1354 = DIRECTION ( 'NONE',  ( 0.000000000000000000, -1.000000000000000000, 0.000000000000000000 ) ) ;
#1355 = AXIS2_PLACEMENT_3D ( 'NONE', #1652, #1813, #85 ) ;
#1356 = CARTESIAN_POINT ( 'NONE',  ( -12.50000000000000000, 15.79999999999999893, 2.000000000000000000 ) ) ;
#1357 = EDGE_CURVE ( 'NONE', #1555, #2011, #363, .T. ) ;
#1358 = AXIS2_PLACEMENT_3D ( 'NONE', #1386, #1537, #678 ) ;
#1359 = DIRECTION ( 'NONE',  ( -1.362927481496341047E-15, 0.7071067811865450192, -0.7071067811865501263 ) ) ;
#1360 = CARTESIAN_POINT ( 'NONE',  ( 12.50000000000000000, 16.60000000000000142, 2.000000000000000000 ) ) ;
#1361 = ORIENTED_EDGE ( 'NONE', *, *, #1103, .T. ) ;
#1362 = CARTESIAN_POINT ( 'NONE',  ( 11.70000000000000107, -16.60000000000000142, 2.000000000000000000 ) ) ;
#1363 = VERTEX_POINT ( 'NONE', #903 ) ;
#1364 = EDGE_CURVE ( 'NONE', #1667, #780, #914, .T. ) ;
#1365 = CARTESIAN_POINT ( 'NONE',  ( -9.970000000000027285, 12.48000000000000043, 2.000000000000000000 ) ) ;
#1366 = CYLINDRICAL_SURFACE ( 'NONE', #1939, 0.9499999999999995115 ) ;
#1367 = LINE ( 'NONE', #1710, #1381 ) ;
#1368 = LINE ( 'NONE', #860, #323 ) ;
#1369 = EDGE_LOOP ( 'NONE', ( #1835, #1183, #1766, #1119 ) ) ;
#1370 = PLANE ( 'NONE',  #477 ) ;
#1371 = CARTESIAN_POINT ( 'NONE',  ( -4.890000000000079616, 7.399999999999964828, 2.000000000000000000 ) ) ;
#1372 = CARTESIAN_POINT ( 'NONE',  ( 0.000000000000000000, 16.40000000000000924, 2.000000000000000000 ) ) ;
#1373 = DIRECTION ( 'NONE',  ( -0.000000000000000000, -0.000000000000000000, -1.000000000000000000 ) ) ;
#1374 = EDGE_LOOP ( 'NONE', ( #810, #1902, #9, #2102 ) ) ;
#1375 = PLANE ( 'NONE',  #1718 ) ;
#1376 = EDGE_CURVE ( 'NONE', #463, #1625, #2134, .T. ) ;
#1377 = EDGE_CURVE ( 'NONE', #90, #1581, #22, .T. ) ;
#1378 = VECTOR ( 'NONE', #2216, 1000.000000000000000 ) ;
#1379 = DIRECTION ( 'NONE',  ( 0.000000000000000000, 0.7071067811865474617, -0.7071067811865474617 ) ) ;
#1380 = VECTOR ( 'NONE', #857, 1000.000000000000000 ) ;
#1381 = VECTOR ( 'NONE', #2078, 1000.000000000000000 ) ;
#1382 = CARTESIAN_POINT ( 'NONE',  ( -13.50623058987491021, -16.59999999999999787, 0.5500000000000000444 ) ) ;
#1383 = VERTEX_POINT ( 'NONE', #1610 ) ;
#1384 = AXIS2_PLACEMENT_3D ( 'NONE', #1767, #1047, #2104 ) ;
#1385 = CARTESIAN_POINT ( 'NONE',  ( -12.30000000000000782, 15.79999999999999893, 2.000000000000000000 ) ) ;
#1386 = CARTESIAN_POINT ( 'NONE',  ( -5.840000000000027391, 12.47999999999996490, 2.000000000000000000 ) ) ;
#1387 = CIRCLE ( 'NONE', #815, 0.6000000000000103029 ) ;
#1388 = VERTEX_POINT ( 'NONE', #32 ) ;
#1389 = CARTESIAN_POINT ( 'NONE',  ( -13.50623058987491021, -16.59999999999999787, 0.5500000000000000444 ) ) ;
#1390 = EDGE_CURVE ( 'NONE', #1472, #562, #1440, .T. ) ;
#1391 = LINE ( 'NONE', #2258, #1412 ) ;
#1392 = FACE_OUTER_BOUND ( 'NONE', #1626, .T. ) ;
#1393 = EDGE_LOOP ( 'NONE', ( #1247, #378, #2178, #1415 ) ) ;
#1394 = DIRECTION ( 'NONE',  ( 0.000000000000000000, -0.000000000000000000, -1.000000000000000000 ) ) ;
#1395 = CARTESIAN_POINT ( 'NONE',  ( -3.499999999999999556, 16.59999999999999787, 0.5500000000000000444 ) ) ;
#1396 = DIRECTION ( 'NONE',  ( -1.000000000000000000, 0.000000000000000000, 0.000000000000000000 ) ) ;
#1397 = ORIENTED_EDGE ( 'NONE', *, *, #1643, .F. ) ;
#1398 = CARTESIAN_POINT ( 'NONE',  ( -8.380000000000000782, 15.01999999999998359, 0.000000000000000000 ) ) ;
#1399 = CARTESIAN_POINT ( 'NONE',  ( -12.50000000000000000, -7.599999999999998757, 1.449999999999996847 ) ) ;
#1400 = LINE ( 'NONE', #1065, #132 ) ;
#1401 = EDGE_CURVE ( 'NONE', #234, #2161, #1595, .T. ) ;
#1402 = ORIENTED_EDGE ( 'NONE', *, *, #1336, .T. ) ;
#1403 = ADVANCED_FACE ( 'NONE', ( #2169 ), #983, .F. ) ;
#1404 = DIRECTION ( 'NONE',  ( -0.000000000000000000, -0.000000000000000000, -1.000000000000000000 ) ) ;
#1405 = ORIENTED_EDGE ( 'NONE', *, *, #1364, .T. ) ;
#1406 = CARTESIAN_POINT ( 'NONE',  ( -9.330000000000000071, 15.01999999999998359, 2.000000000000000000 ) ) ;
#1407 = CARTESIAN_POINT ( 'NONE',  ( -12.49999999999999467, -7.599999999999999645, 0.5499999999999917177 ) ) ;
#1408 = CARTESIAN_POINT ( 'NONE',  ( -3.499999999999999556, 17.05000000000000071, 0.9999999999999924505 ) ) ;
#1409 = CARTESIAN_POINT ( 'NONE',  ( -8.380000000000054072, 9.939999999999983515, 2.000000000000000000 ) ) ;
#1410 = CARTESIAN_POINT ( 'NONE',  ( 12.50000000000000000, 17.60623058987490808, 1.449999999999999956 ) ) ;
#1411 = ORIENTED_EDGE ( 'NONE', *, *, #2238, .T. ) ;
#1412 = VECTOR ( 'NONE', #1042, 1000.000000000000114 ) ;
#1413 = CARTESIAN_POINT ( 'NONE',  ( -10.92000000000005500, 9.940000000000001279, 0.000000000000000000 ) ) ;
#1414 = EDGE_CURVE ( 'NONE', #1388, #729, #2205, .T. ) ;
#1415 = ORIENTED_EDGE ( 'NONE', *, *, #1240, .F. ) ;
#1416 = EDGE_CURVE ( 'NONE', #940, #1825, #2020, .T. ) ;
#1417 = DIRECTION ( 'NONE',  ( 0.000000000000000000, -0.7071067811865450192, 0.7071067811865501263 ) ) ;
#1418 = VECTOR ( 'NONE', #2298, 999.9999999999998863 ) ;
#1419 = DIRECTION ( 'NONE',  ( -0.000000000000000000, -0.000000000000000000, -1.000000000000000000 ) ) ;
#1420 = DIRECTION ( 'NONE',  ( -0.000000000000000000, -0.000000000000000000, 1.000000000000000000 ) ) ;
#1421 = CARTESIAN_POINT ( 'NONE',  ( 12.95000000000000107, 7.600000000000000533, 1.000000000000000000 ) ) ;
#1422 = CIRCLE ( 'NONE', #2171, 0.6000000000000103029 ) ;
#1423 = ORIENTED_EDGE ( 'NONE', *, *, #624, .F. ) ;
#1424 = CARTESIAN_POINT ( 'NONE',  ( 12.50000000000000000, 7.600000000000000533, 1.449999999999999956 ) ) ;
#1425 = VERTEX_POINT ( 'NONE', #787 ) ;
#1426 = CARTESIAN_POINT ( 'NONE',  ( -8.380000000000025651, 12.47999999999998266, 2.000000000000000000 ) ) ;
#1427 = ADVANCED_FACE ( 'NONE', ( #584, #1141, #2032 ), #1505, .F. ) ;
#1428 = EDGE_CURVE ( 'NONE', #1144, #1581, #1842, .T. ) ;
#1429 = DIRECTION ( 'NONE',  ( -1.000000000000000000, 0.000000000000000000, 0.000000000000000000 ) ) ;
#1430 = CARTESIAN_POINT ( 'NONE',  ( -12.50000000000000000, 17.60623058987490808, 1.449999999999996847 ) ) ;
#1431 = CARTESIAN_POINT ( 'NONE',  ( -12.95000000000000107, -7.599999999999998757, 0.9999999999999967804 ) ) ;
#1432 = EDGE_LOOP ( 'NONE', ( #2172, #1636, #2269 ) ) ;
#1433 = ORIENTED_EDGE ( 'NONE', *, *, #470, .F. ) ;
#1434 = DIRECTION ( 'NONE',  ( -1.927470528863264495E-15, -1.000000000000000000, 0.000000000000000000 ) ) ;
#1435 = ORIENTED_EDGE ( 'NONE', *, *, #415, .F. ) ;
#1436 = DIRECTION ( 'NONE',  ( 0.000000000000000000, -1.000000000000000000, 0.000000000000000000 ) ) ;
#1437 = EDGE_LOOP ( 'NONE', ( #2164, #1197, #768, #271 ) ) ;
#1438 = LINE ( 'NONE', #419, #2009 ) ;
#1439 = ORIENTED_EDGE ( 'NONE', *, *, #3, .F. ) ;
#1440 = LINE ( 'NONE', #1981, #1275 ) ;
#1441 = DIRECTION ( 'NONE',  ( 0.7071067811865483499, 0.000000000000000000, -0.7071067811865467956 ) ) ;
#1442 = ORIENTED_EDGE ( 'NONE', *, *, #1176, .F. ) ;
#1443 = EDGE_CURVE ( 'NONE', #986, #234, #817, .T. ) ;
#1444 = EDGE_CURVE ( 'NONE', #1869, #1488, #946, .T. ) ;
#1445 = AXIS2_PLACEMENT_3D ( 'NONE', #826, #816, #1879 ) ;
#1446 = DIRECTION ( 'NONE',  ( 0.000000000000000000, -0.7071067811865414665, 0.7071067811865536790 ) ) ;
#1447 = ORIENTED_EDGE ( 'NONE', *, *, #1310, .F. ) ;
#1448 = AXIS2_PLACEMENT_3D ( 'NONE', #1765, #377, #335 ) ;
#1449 = DIRECTION ( 'NONE',  ( 0.000000000000000000, 0.000000000000000000, -1.000000000000000000 ) ) ;
#1450 = EDGE_LOOP ( 'NONE', ( #1738, #1657 ) ) ;
#1451 = AXIS2_PLACEMENT_3D ( 'NONE', #1570, #2290, #707 ) ;
#1452 = CARTESIAN_POINT ( 'NONE',  ( 11.70000000000000107, -16.60000000000000142, 1.800000000000011591 ) ) ;
#1453 = VECTOR ( 'NONE', #2215, 1000.000000000000000 ) ;
#1454 = ORIENTED_EDGE ( 'NONE', *, *, #527, .T. ) ;
#1455 = LINE ( 'NONE', #964, #1559 ) ;
#1456 = CYLINDRICAL_SURFACE ( 'NONE', #2092, 0.9499999999999995115 ) ;
#1457 = ORIENTED_EDGE ( 'NONE', *, *, #273, .F. ) ;
#1458 = AXIS2_PLACEMENT_3D ( 'NONE', #1968, #11, #197 ) ;
#1459 = EDGE_LOOP ( 'NONE', ( #747, #1087, #1793, #649 ) ) ;
#1460 = VECTOR ( 'NONE', #2287, 999.9999999999998863 ) ;
#1461 = ADVANCED_FACE ( 'NONE', ( #1994 ), #248, .F. ) ;
#1462 = EDGE_LOOP ( 'NONE', ( #875, #1305, #2198, #567 ) ) ;
#1463 = DIRECTION ( 'NONE',  ( -1.362927481496348147E-15, 0.7071067811865540120, 0.7071067811865410224 ) ) ;
#1464 = ORIENTED_EDGE ( 'NONE', *, *, #284, .T. ) ;
#1465 = LINE ( 'NONE', #416, #276 ) ;
#1466 = ORIENTED_EDGE ( 'NONE', *, *, #1233, .F. ) ;
#1467 = CARTESIAN_POINT ( 'NONE',  ( -10.92000000000007987, 7.400000000000000355, 2.000000000000000000 ) ) ;
#1468 = CARTESIAN_POINT ( 'NONE',  ( -13.50623058987491021, 16.59999999999999787, 0.5500000000000000444 ) ) ;
#1469 = FACE_OUTER_BOUND ( 'NONE', #1089, .T. ) ;
#1470 = ORIENTED_EDGE ( 'NONE', *, *, #5, .T. ) ;
#1471 = EDGE_LOOP ( 'NONE', ( #1276, #2284, #227, #455 ) ) ;
#1472 = VERTEX_POINT ( 'NONE', #633 ) ;
#1473 = VERTEX_POINT ( 'NONE', #2193 ) ;
#1474 = ADVANCED_FACE ( 'NONE', ( #261 ), #1634, .F. ) ;
#1475 = CARTESIAN_POINT ( 'NONE',  ( 5.500000000000001776, 16.60000000000001563, 0.5500000000000183631 ) ) ;
#1476 = ORIENTED_EDGE ( 'NONE', *, *, #2210, .F. ) ;
#1477 = DIRECTION ( 'NONE',  ( 0.000000000000000000, 1.000000000000000000, -0.000000000000000000 ) ) ;
#1478 = ORIENTED_EDGE ( 'NONE', *, *, #1816, .T. ) ;
#1479 = EDGE_CURVE ( 'NONE', #743, #414, #777, .T. ) ;
#1480 = EDGE_CURVE ( 'NONE', #957, #2136, #1852, .T. ) ;
#1481 = FACE_BOUND ( 'NONE', #1848, .T. ) ;
#1482 = CARTESIAN_POINT ( 'NONE',  ( -5.840000000000027391, 12.47999999999996490, 2.000000000000000000 ) ) ;
#1483 = LINE ( 'NONE', #623, #2212 ) ;
#1484 = EDGE_LOOP ( 'NONE', ( #2145, #2073, #205 ) ) ;
#1485 = EDGE_LOOP ( 'NONE', ( #1694, #1143 ) ) ;
#1486 = DIRECTION ( 'NONE',  ( 1.927470528863123289E-15, -1.000000000000000000, 0.000000000000000000 ) ) ;
#1487 = EDGE_LOOP ( 'NONE', ( #243, #626, #554 ) ) ;
#1488 = VERTEX_POINT ( 'NONE', #2043 ) ;
#1489 = CARTESIAN_POINT ( 'NONE',  ( -11.70000000000000107, 15.79999999999999893, 2.000000000000000000 ) ) ;
#1490 = CARTESIAN_POINT ( 'NONE',  ( -13.50623058987491021, -17.05000000000000071, 0.9999999999999941158 ) ) ;
#1491 = VECTOR ( 'NONE', #81, 1000.000000000000000 ) ;
#1492 = CARTESIAN_POINT ( 'NONE',  ( -12.50000000000000178, 7.600000000000000533, 1.449999999999995071 ) ) ;
#1493 = AXIS2_PLACEMENT_3D ( 'NONE', #474, #669, #1525 ) ;
#1494 = DIRECTION ( 'NONE',  ( -0.000000000000000000, -0.000000000000000000, 1.000000000000000000 ) ) ;
#1495 = FACE_OUTER_BOUND ( 'NONE', #409, .T. ) ;
#1496 = AXIS2_PLACEMENT_3D ( 'NONE', #1410, #543, #1246 ) ;
#1497 = ORIENTED_EDGE ( 'NONE', *, *, #1376, .T. ) ;
#1498 = DIRECTION ( 'NONE',  ( -1.000000000000000000, 0.000000000000000000, 0.000000000000000000 ) ) ;
#1499 = AXIS2_PLACEMENT_3D ( 'NONE', #853, #646, #867 ) ;
#1500 = VECTOR ( 'NONE', #1441, 1000.000000000000000 ) ;
#1501 = ORIENTED_EDGE ( 'NONE', *, *, #960, .T. ) ;
#1502 = DIRECTION ( 'NONE',  ( 0.000000000000000000, 0.000000000000000000, -1.000000000000000000 ) ) ;
#1503 = LINE ( 'NONE', #1319, #1901 ) ;
#1504 = DIRECTION ( 'NONE',  ( -0.000000000000000000, -0.000000000000000000, -1.000000000000000000 ) ) ;
#1505 = PLANE ( 'NONE',  #1170 ) ;
#1506 = DIRECTION ( 'NONE',  ( 0.000000000000000000, -0.000000000000000000, 1.000000000000000000 ) ) ;
#1507 = VERTEX_POINT ( 'NONE', #2183 ) ;
#1508 = ORIENTED_EDGE ( 'NONE', *, *, #1189, .F. ) ;
#1509 = LINE ( 'NONE', #1362, #389 ) ;
#1510 = EDGE_CURVE ( 'NONE', #927, #855, #1455, .T. ) ;
#1511 = ORIENTED_EDGE ( 'NONE', *, *, #1010, .F. ) ;
#1512 = DIRECTION ( 'NONE',  ( -1.000000000000000000, 0.000000000000000000, 0.000000000000000000 ) ) ;
#1513 = LINE ( 'NONE', #1860, #2014 ) ;
#1514 = DIRECTION ( 'NONE',  ( 0.000000000000000000, 0.000000000000000000, -1.000000000000000000 ) ) ;
#1515 = CARTESIAN_POINT ( 'NONE',  ( -4.890000000000028102, 12.47999999999996490, 0.000000000000000000 ) ) ;
#1516 = DIRECTION ( 'NONE',  ( 0.7071067811865467956, 0.000000000000000000, 0.7071067811865483499 ) ) ;
#1517 = ORIENTED_EDGE ( 'NONE', *, *, #391, .T. ) ;
#1518 = ORIENTED_EDGE ( 'NONE', *, *, #2089, .T. ) ;
#1519 = CARTESIAN_POINT ( 'NONE',  ( 12.49999999999995026, 7.600000000000000533, 0.000000000000000000 ) ) ;
#1520 = EDGE_CURVE ( 'NONE', #2011, #652, #241, .T. ) ;
#1521 = ORIENTED_EDGE ( 'NONE', *, *, #1480, .F. ) ;
#1522 = CARTESIAN_POINT ( 'NONE',  ( 12.95000000000000107, 17.60623058987490808, 1.000000000000000000 ) ) ;
#1523 = DIRECTION ( 'NONE',  ( 0.000000000000000000, 0.000000000000000000, -1.000000000000000000 ) ) ;
#1524 = FACE_OUTER_BOUND ( 'NONE', #840, .T. ) ;
#1525 = DIRECTION ( 'NONE',  ( 0.000000000000000000, -1.000000000000000000, 0.000000000000000000 ) ) ;
#1526 = DIRECTION ( 'NONE',  ( -0.000000000000000000, -0.000000000000000000, -1.000000000000000000 ) ) ;
#1527 = DIRECTION ( 'NONE',  ( -1.000000000000000000, 0.000000000000000000, 0.000000000000000000 ) ) ;
#1528 = ORIENTED_EDGE ( 'NONE', *, *, #1683, .T. ) ;
#1529 = CARTESIAN_POINT ( 'NONE',  ( -5.500000000000000888, -17.05000000000000071, 0.000000000000000000 ) ) ;
#1530 = AXIS2_PLACEMENT_3D ( 'NONE', #342, #1052, #1752 ) ;
#1531 = VECTOR ( 'NONE', #2057, 1000.000000000000000 ) ;
#1532 = ORIENTED_EDGE ( 'NONE', *, *, #1749, .T. ) ;
#1533 = DIRECTION ( 'NONE',  ( -0.000000000000000000, -0.000000000000000000, -1.000000000000000000 ) ) ;
#1534 = AXIS2_PLACEMENT_3D ( 'NONE', #913, #1072, #2184 ) ;
#1535 = DIRECTION ( 'NONE',  ( -0.000000000000000000, 0.000000000000000000, -1.000000000000000000 ) ) ;
#1536 = DIRECTION ( 'NONE',  ( 1.362927481496348147E-15, -0.7071067811865540120, -0.7071067811865410224 ) ) ;
#1537 = DIRECTION ( 'NONE',  ( 0.000000000000000000, 0.000000000000000000, -1.000000000000000000 ) ) ;
#1538 = EDGE_LOOP ( 'NONE', ( #2001, #4, #635, #2085 ) ) ;
#1539 = PLANE ( 'NONE',  #2166 ) ;
#1540 = DIRECTION ( 'NONE',  ( -1.000000000000000000, 0.000000000000000000, 0.000000000000000000 ) ) ;
#1541 = FACE_OUTER_BOUND ( 'NONE', #163, .T. ) ;
#1542 = EDGE_CURVE ( 'NONE', #560, #804, #460, .T. ) ;
#1543 = EDGE_CURVE ( 'NONE', #1290, #940, #801, .T. ) ;
#1544 = DIRECTION ( 'NONE',  ( -1.000000000000000000, 0.000000000000000000, 0.000000000000000000 ) ) ;
#1545 = DIRECTION ( 'NONE',  ( 0.000000000000000000, 0.000000000000000000, -1.000000000000000000 ) ) ;
#1546 = ORIENTED_EDGE ( 'NONE', *, *, #1692, .T. ) ;
#1547 = DIRECTION ( 'NONE',  ( -0.000000000000000000, 0.000000000000000000, 1.000000000000000000 ) ) ;
#1548 = CARTESIAN_POINT ( 'NONE',  ( 11.70000000000000107, 16.40000000000001279, 2.000000000000000000 ) ) ;
#1549 = CARTESIAN_POINT ( 'NONE',  ( -8.380000000000080718, 7.399999999999982592, 2.000000000000000000 ) ) ;
#1550 = ORIENTED_EDGE ( 'NONE', *, *, #625, .F. ) ;
#1551 = DIRECTION ( 'NONE',  ( 0.000000000000000000, 0.000000000000000000, -1.000000000000000000 ) ) ;
#1552 = SURFACE_STYLE_FILL_AREA ( #1195 ) ;
#1553 = DIRECTION ( 'NONE',  ( 0.000000000000000000, -1.000000000000000000, 0.000000000000000000 ) ) ;
#1554 = EDGE_CURVE ( 'NONE', #1249, #1091, #1865, .T. ) ;
#1555 = VERTEX_POINT ( 'NONE', #1889 ) ;
#1556 = DIRECTION ( 'NONE',  ( 0.000000000000000000, 0.000000000000000000, -1.000000000000000000 ) ) ;
#1557 = AXIS2_PLACEMENT_3D ( 'NONE', #1382, #1942, #2137 ) ;
#1558 = CARTESIAN_POINT ( 'NONE',  ( 5.500000000000001776, 17.05000000000001492, 0.9999999999999759082 ) ) ;
#1559 = VECTOR ( 'NONE', #973, 1000.000000000000000 ) ;
#1560 = FACE_OUTER_BOUND ( 'NONE', #1648, .T. ) ;
#1561 = VERTEX_POINT ( 'NONE', #149 ) ;
#1562 = AXIS2_PLACEMENT_3D ( 'NONE', #1409, #2275, #2120 ) ;
#1563 = DIRECTION ( 'NONE',  ( -0.000000000000000000, -0.000000000000000000, 1.000000000000000000 ) ) ;
#1564 = CARTESIAN_POINT ( 'NONE',  ( -4.890000000000053859, 9.939999999999963975, 0.000000000000000000 ) ) ;
#1565 = PRESENTATION_STYLE_ASSIGNMENT (( #1188 ) ) ;
#1566 = VECTOR ( 'NONE', #308, 1000.000000000000000 ) ;
#1567 = VERTEX_POINT ( 'NONE', #859 ) ;
#1568 = DIRECTION ( 'NONE',  ( -1.000000000000000000, 0.000000000000000000, 0.000000000000000000 ) ) ;
#1569 = EDGE_CURVE ( 'NONE', #562, #111, #1018, .T. ) ;
#1570 = CARTESIAN_POINT ( 'NONE',  ( -5.500000000000000888, 17.05000000000000071, 0.000000000000000000 ) ) ;
#1571 = ORIENTED_EDGE ( 'NONE', *, *, #349, .T. ) ;
#1572 = CARTESIAN_POINT ( 'NONE',  ( 12.49999999999995026, 7.600000000000000533, 0.5499999999999496403 ) ) ;
#1573 = EDGE_CURVE ( 'NONE', #1388, #1567, #475, .T. ) ;
#1574 = DIRECTION ( 'NONE',  ( -1.000000000000000000, 0.000000000000000000, 0.000000000000000000 ) ) ;
#1575 = FACE_OUTER_BOUND ( 'NONE', #1998, .T. ) ;
#1576 = CARTESIAN_POINT ( 'NONE',  ( -5.840000000000053149, 9.939999999999963975, 2.000000000000000000 ) ) ;
#1577 = DIRECTION ( 'NONE',  ( 1.000000000000000000, 0.000000000000000000, 0.000000000000000000 ) ) ;
#1578 = DIRECTION ( 'NONE',  ( -1.000000000000000000, 0.000000000000000000, 0.000000000000000000 ) ) ;
#1579 = ADVANCED_FACE ( 'NONE', ( #1881 ), #328, .F. ) ;
#1580 = FACE_OUTER_BOUND ( 'NONE', #1459, .T. ) ;
#1581 = VERTEX_POINT ( 'NONE', #121 ) ;
#1582 = CARTESIAN_POINT ( 'NONE',  ( -11.69999999999999929, -15.80000000000000071, 2.000000000000000000 ) ) ;
#1583 = ORIENTED_EDGE ( 'NONE', *, *, #558, .T. ) ;
#1584 = PLANE ( 'NONE',  #322 ) ;
#1585 = ORIENTED_EDGE ( 'NONE', *, *, #486, .F. ) ;
#1586 = CARTESIAN_POINT ( 'NONE',  ( -4.890000000000079616, 7.399999999999964828, 0.000000000000000000 ) ) ;
#1587 = CARTESIAN_POINT ( 'NONE',  ( -8.380000000000054072, 9.939999999999983515, 0.000000000000000000 ) ) ;
#1588 = EDGE_LOOP ( 'NONE', ( #1915, #603 ) ) ;
#1589 = VECTOR ( 'NONE', #2018, 1000.000000000000000 ) ;
#1590 = VECTOR ( 'NONE', #813, 1000.000000000000000 ) ;
#1591 = DIRECTION ( 'NONE',  ( 0.000000000000000000, 0.000000000000000000, -1.000000000000000000 ) ) ;
#1592 = ORIENTED_EDGE ( 'NONE', *, *, #1253, .F. ) ;
#1593 = VECTOR ( 'NONE', #1137, 999.9999999999998863 ) ;
#1594 = DIRECTION ( 'NONE',  ( -0.000000000000000000, -0.000000000000000000, -1.000000000000000000 ) ) ;
#1595 = CIRCLE ( 'NONE', #728, 0.9499999999999995115 ) ;
#1596 = MANIFOLD_SOLID_BREP ( '切除-拉伸4', #344 ) ;
#1597 = AXIS2_PLACEMENT_3D ( 'NONE', #1669, #1181, #89 ) ;
#1598 = EDGE_LOOP ( 'NONE', ( #2222, #406, #2060, #386 ) ) ;
#1599 = DIRECTION ( 'NONE',  ( -0.000000000000000000, -0.000000000000000000, -1.000000000000000000 ) ) ;
#1600 = CYLINDRICAL_SURFACE ( 'NONE', #355, 0.8000000000000003775 ) ;
#1601 = VERTEX_POINT ( 'NONE', #671 ) ;
#1602 = CARTESIAN_POINT ( 'NONE',  ( -6.790000000000026681, 12.47999999999996490, 2.000000000000000000 ) ) ;
#1603 = VERTEX_POINT ( 'NONE', #660 ) ;
#1604 = CARTESIAN_POINT ( 'NONE',  ( 11.70000000000000107, -15.80000000000000071, 0.000000000000000000 ) ) ;
#1605 = EDGE_LOOP ( 'NONE', ( #252, #1038 ) ) ;
#1606 = EDGE_CURVE ( 'NONE', #880, #1121, #298, .T. ) ;
#1607 = EDGE_CURVE ( 'NONE', #562, #1316, #2072, .T. ) ;
#1608 = DIRECTION ( 'NONE',  ( 0.000000000000000000, -0.000000000000000000, 1.000000000000000000 ) ) ;
#1609 = VERTEX_POINT ( 'NONE', #336 ) ;
#1610 = CARTESIAN_POINT ( 'NONE',  ( -3.499999999999999556, -16.60000000000000142, 1.449999999999996403 ) ) ;
#1611 = CARTESIAN_POINT ( 'NONE',  ( -11.70000000000000107, 15.79999999999999893, 2.000000000000000000 ) ) ;
#1612 = ORIENTED_EDGE ( 'NONE', *, *, #391, .F. ) ;
#1613 = CARTESIAN_POINT ( 'NONE',  ( 0.000000000000000000, 0.000000000000000000, 0.000000000000000000 ) ) ;
#1614 = LINE ( 'NONE', #752, #1167 ) ;
#1615 = ORIENTED_EDGE ( 'NONE', *, *, #162, .F. ) ;
#1616 = EDGE_CURVE ( 'NONE', #1667, #1733, #1732, .T. ) ;
#1617 = PLANE ( 'NONE',  #805 ) ;
#1618 = ORIENTED_EDGE ( 'NONE', *, *, #1240, .T. ) ;
#1619 = DIRECTION ( 'NONE',  ( -0.7071067811865480168, 0.000000000000000000, -0.7071067811865470176 ) ) ;
#1620 = ORIENTED_EDGE ( 'NONE', *, *, #115, .T. ) ;
#1621 = DIRECTION ( 'NONE',  ( 1.000000000000000000, 0.000000000000000000, 0.000000000000000000 ) ) ;
#1622 = LINE ( 'NONE', #12, #2282 ) ;
#1623 = EDGE_CURVE ( 'NONE', #804, #90, #1367, .T. ) ;
#1624 = EDGE_CURVE ( 'NONE', #955, #652, #838, .T. ) ;
#1625 = VERTEX_POINT ( 'NONE', #488 ) ;
#1626 = EDGE_LOOP ( 'NONE', ( #2024, #2221, #211, #1225 ) ) ;
#1627 = DIRECTION ( 'NONE',  ( -0.000000000000000000, -0.000000000000000000, 1.000000000000000000 ) ) ;
#1628 = ORIENTED_EDGE ( 'NONE', *, *, #1035, .F. ) ;
#1629 = DIRECTION ( 'NONE',  ( -1.000000000000000000, 0.000000000000000000, 0.000000000000000000 ) ) ;
#1630 = ORIENTED_EDGE ( 'NONE', *, *, #1728, .T. ) ;
#1631 = VECTOR ( 'NONE', #181, 999.9999999999998863 ) ;
#1632 = FACE_BOUND ( 'NONE', #87, .T. ) ;
#1633 = VECTOR ( 'NONE', #456, 1000.000000000000000 ) ;
#1634 = CYLINDRICAL_SURFACE ( 'NONE', #2279, 0.9499999999999995115 ) ;
#1635 = DIRECTION ( 'NONE',  ( -0.000000000000000000, -0.000000000000000000, -1.000000000000000000 ) ) ;
#1636 = ORIENTED_EDGE ( 'NONE', *, *, #883, .F. ) ;
#1637 = AXIS2_PLACEMENT_3D ( 'NONE', #1057, #173, #1574 ) ;
#1638 = ORIENTED_EDGE ( 'NONE', *, *, #510, .T. ) ;
#1639 = ADVANCED_FACE ( 'NONE', ( #504 ), #1187, .T. ) ;
#1640 = CIRCLE ( 'NONE', #2208, 0.9499999999999995115 ) ;
#1641 = MECHANICAL_DESIGN_GEOMETRIC_PRESENTATION_REPRESENTATION (  '', ( #664 ), #206 ) ;
#1642 = ORIENTED_EDGE ( 'NONE', *, *, #1683, .F. ) ;
#1643 = EDGE_CURVE ( 'NONE', #880, #250, #1132, .T. ) ;
#1644 = EDGE_CURVE ( 'NONE', #1472, #745, #1690, .T. ) ;
#1645 = ORIENTED_EDGE ( 'NONE', *, *, #3, .T. ) ;
#1646 = EDGE_LOOP ( 'NONE', ( #613, #1957 ) ) ;
#1647 = CARTESIAN_POINT ( 'NONE',  ( -7.430000000000027249, 12.47999999999998266, 2.000000000000000000 ) ) ;
#1648 = EDGE_LOOP ( 'NONE', ( #663, #175, #887, #1789 ) ) ;
#1649 = DIRECTION ( 'NONE',  ( -1.000000000000000000, 0.000000000000000000, 0.000000000000000000 ) ) ;
#1650 = ORIENTED_EDGE ( 'NONE', *, *, #951, .T. ) ;
#1651 = DIRECTION ( 'NONE',  ( -1.000000000000000000, 0.000000000000000000, 0.000000000000000000 ) ) ;
#1652 = CARTESIAN_POINT ( 'NONE',  ( 12.50000000000005151, -7.600000000000000533, 0.000000000000000000 ) ) ;
#1653 = CARTESIAN_POINT ( 'NONE',  ( -12.50000000000000000, -15.80000000000000071, 1.800000000000011591 ) ) ;
#1654 = VERTEX_POINT ( 'NONE', #1932 ) ;
#1655 = ORIENTED_EDGE ( 'NONE', *, *, #245, .T. ) ;
#1656 = VERTEX_POINT ( 'NONE', #1564 ) ;
#1657 = ORIENTED_EDGE ( 'NONE', *, *, #2259, .T. ) ;
#1658 = ORIENTED_EDGE ( 'NONE', *, *, #1847, .T. ) ;
#1659 = DIRECTION ( 'NONE',  ( 0.000000000000000000, 0.000000000000000000, -1.000000000000000000 ) ) ;
#1660 = EDGE_CURVE ( 'NONE', #1984, #1190, #354, .T. ) ;
#1661 = EDGE_CURVE ( 'NONE', #931, #1656, #433, .T. ) ;
#1662 = LINE ( 'NONE', #403, #1491 ) ;
#1663 = PRODUCT_DEFINITION_SHAPE ( 'NONE', 'NONE',  #437 ) ;
#1664 = DIRECTION ( 'NONE',  ( -1.000000000000000000, 0.000000000000000000, 0.000000000000000000 ) ) ;
#1665 = DIRECTION ( 'NONE',  ( -1.000000000000000000, 0.000000000000000000, 0.000000000000000000 ) ) ;
#1666 = CARTESIAN_POINT ( 'NONE',  ( 5.500000000000001776, 16.59999999999999787, 0.5500000000000000444 ) ) ;
#1667 = VERTEX_POINT ( 'NONE', #1406 ) ;
#1668 = ORIENTED_EDGE ( 'NONE', *, *, #1606, .F. ) ;
#1669 = CARTESIAN_POINT ( 'NONE',  ( -5.840000000000000746, 15.01999999999996582, 2.000000000000000000 ) ) ;
#1670 = ORIENTED_EDGE ( 'NONE', *, *, #5, .F. ) ;
#1671 = LINE ( 'NONE', #1328, #878 ) ;
#1672 = VECTOR ( 'NONE', #1619, 1000.000000000000000 ) ;
#1673 = PLANE ( 'NONE',  #1674 ) ;
#1674 = AXIS2_PLACEMENT_3D ( 'NONE', #1111, #267, #2202 ) ;
#1675 = FACE_OUTER_BOUND ( 'NONE', #820, .T. ) ;
#1676 = VECTOR ( 'NONE', #2083, 1000.000000000000000 ) ;
#1677 = DIRECTION ( 'NONE',  ( 0.000000000000000000, 0.000000000000000000, -1.000000000000000000 ) ) ;
#1678 = CARTESIAN_POINT ( 'NONE',  ( -11.87000000000005429, 9.940000000000001279, 2.000000000000000000 ) ) ;
#1679 = CONICAL_SURFACE ( 'NONE', #201, 0.6000000000000085265, 0.7853981633974561616 ) ;
#1680 = ORIENTED_EDGE ( 'NONE', *, *, #1377, .T. ) ;
#1681 = DIRECTION ( 'NONE',  ( -1.000000000000000000, 0.000000000000000000, 0.000000000000000000 ) ) ;
#1682 = MECHANICAL_DESIGN_GEOMETRIC_PRESENTATION_REPRESENTATION (  '', ( #2165 ), #540 ) ;
#1683 = EDGE_CURVE ( 'NONE', #170, #45, #319, .T. ) ;
#1684 = ORIENTED_EDGE ( 'NONE', *, *, #1893, .F. ) ;
#1685 = CIRCLE ( 'NONE', #958, 0.9499999999999995115 ) ;
#1686 = LINE ( 'NONE', #266, #1380 ) ;
#1687 = DIRECTION ( 'NONE',  ( 0.000000000000000000, -1.000000000000000000, 0.000000000000000000 ) ) ;
#1688 = DIRECTION ( 'NONE',  ( -1.000000000000000000, 0.000000000000000000, 0.000000000000000000 ) ) ;
#1689 = FACE_BOUND ( 'NONE', #1301, .T. ) ;
#1690 = LINE ( 'NONE', #108, #55 ) ;
#1691 = DIRECTION ( 'NONE',  ( -1.000000000000000000, 0.000000000000000000, 0.000000000000000000 ) ) ;
#1692 = EDGE_CURVE ( 'NONE', #2189, #1316, #702, .T. ) ;
#1693 = ORIENTED_EDGE ( 'NONE', *, *, #2100, .T. ) ;
#1694 = ORIENTED_EDGE ( 'NONE', *, *, #1520, .F. ) ;
#1695 = DIRECTION ( 'NONE',  ( -0.000000000000000000, -1.000000000000000000, -0.000000000000000000 ) ) ;
#1696 = ORIENTED_EDGE ( 'NONE', *, *, #301, .F. ) ;
#1697 = DIRECTION ( 'NONE',  ( 0.000000000000000000, 0.000000000000000000, -1.000000000000000000 ) ) ;
#1698 = DIRECTION ( 'NONE',  ( 1.000000000000000000, 0.000000000000000000, 0.000000000000000000 ) ) ;
#1699 = DIRECTION ( 'NONE',  ( -1.362927481496348147E-15, -0.7071067811865540120, 0.7071067811865410224 ) ) ;
#1700 = FACE_BOUND ( 'NONE', #2151, .T. ) ;
#1701 =( NAMED_UNIT ( * ) SI_UNIT ( $, .STERADIAN. ) SOLID_ANGLE_UNIT ( ) );
#1702 = CARTESIAN_POINT ( 'NONE',  ( -11.87000000000002586, 12.48000000000000043, 0.000000000000000000 ) ) ;
#1703 = ORIENTED_EDGE ( 'NONE', *, *, #273, .T. ) ;
#1704 = EDGE_CURVE ( 'NONE', #1126, #2197, #814, .T. ) ;
#1705 = CARTESIAN_POINT ( 'NONE',  ( -9.330000000000000071, 15.01999999999998359, 0.000000000000000000 ) ) ;
#1706 = ADVANCED_FACE ( 'NONE', ( #523 ), #879, .T. ) ;
#1707 = EDGE_LOOP ( 'NONE', ( #2154, #26, #686, #593 ) ) ;
#1708 = CARTESIAN_POINT ( 'NONE',  ( -5.840000000000053149, 9.939999999999963975, 2.000000000000000000 ) ) ;
#1709 = CARTESIAN_POINT ( 'NONE',  ( -13.50623058987491021, 16.59999999999999787, 1.449999999999999956 ) ) ;
#1710 = CARTESIAN_POINT ( 'NONE',  ( -12.50000000000000000, 7.600000000000000533, 1.449999999999996847 ) ) ;
#1711 = CARTESIAN_POINT ( 'NONE',  ( -8.380000000000054072, 9.939999999999983515, 2.000000000000000000 ) ) ;
#1712 = EDGE_LOOP ( 'NONE', ( #700, #1433, #605, #238 ) ) ;
#1713 = VECTOR ( 'NONE', #514, 1000.000000000000000 ) ;
#1714 = CARTESIAN_POINT ( 'NONE',  ( 11.70000000000000107, 15.80000000000000071, 1.800000000000011591 ) ) ;
#1715 = CIRCLE ( 'NONE', #614, 0.9499999999999995115 ) ;
#1716 = VECTOR ( 'NONE', #1093, 1000.000000000000000 ) ;
#1717 = LINE ( 'NONE', #1886, #1311 ) ;
#1718 = AXIS2_PLACEMENT_3D ( 'NONE', #1389, #508, #1209 ) ;
#1719 = EDGE_CURVE ( 'NONE', #289, #155, #1223, .T. ) ;
#1720 = EDGE_CURVE ( 'NONE', #111, #2189, #346, .T. ) ;
#1721 = AXIS2_PLACEMENT_3D ( 'NONE', #712, #2255, #1196 ) ;
#1722 = CARTESIAN_POINT ( 'NONE',  ( -12.50000000000000000, 17.60623058987490808, 0.5499999999999970468 ) ) ;
#1723 = DIRECTION ( 'NONE',  ( 0.000000000000000000, -0.000000000000000000, -1.000000000000000000 ) ) ;
#1724 = ORIENTED_EDGE ( 'NONE', *, *, #901, .F. ) ;
#1725 = CARTESIAN_POINT ( 'NONE',  ( -5.840000000000053149, 9.939999999999963975, 0.000000000000000000 ) ) ;
#1726 = LINE ( 'NONE', #1218, #1750 ) ;
#1727 = ADVANCED_FACE ( 'NONE', ( #900 ), #1584, .T. ) ;
#1728 = EDGE_CURVE ( 'NONE', #289, #428, #102, .T. ) ;
#1729 = CYLINDRICAL_SURFACE ( 'NONE', #845, 0.9499999999999995115 ) ;
#1730 = ORIENTED_EDGE ( 'NONE', *, *, #1200, .T. ) ;
#1731 = LINE ( 'NONE', #147, #427 ) ;
#1732 = LINE ( 'NONE', #689, #202 ) ;
#1733 = VERTEX_POINT ( 'NONE', #1705 ) ;
#1734 = CARTESIAN_POINT ( 'NONE',  ( -9.330000000000024940, 12.47999999999998266, 2.000000000000000000 ) ) ;
#1735 = EDGE_CURVE ( 'NONE', #1825, #600, #2091, .T. ) ;
#1736 = FACE_OUTER_BOUND ( 'NONE', #2149, .T. ) ;
#1737 = DIRECTION ( 'NONE',  ( -0.000000000000000000, -0.000000000000000000, -1.000000000000000000 ) ) ;
#1738 = ORIENTED_EDGE ( 'NONE', *, *, #1643, .T. ) ;
#1739 = ADVANCED_FACE ( 'NONE', ( #1002 ), #1012, .F. ) ;
#1740 = LINE ( 'NONE', #157, #758 ) ;
#1741 = DIRECTION ( 'NONE',  ( -1.000000000000000000, 0.000000000000000000, 0.000000000000000000 ) ) ;
#1742 = DIRECTION ( 'NONE',  ( 0.000000000000000000, 0.000000000000000000, -1.000000000000000000 ) ) ;
#1743 = ADVANCED_FACE ( 'NONE', ( #832 ), #2036, .T. ) ;
#1744 = ADVANCED_FACE ( 'NONE', ( #1870 ), #481, .F. ) ;
#1745 = ORIENTED_EDGE ( 'NONE', *, *, #189, .T. ) ;
#1746 = CIRCLE ( 'NONE', #233, 0.9500000000000002887 ) ;
#1747 = DIRECTION ( 'NONE',  ( -0.000000000000000000, 1.000000000000000000, 0.000000000000000000 ) ) ;
#1748 = VECTOR ( 'NONE', #2229, 1000.000000000000000 ) ;
#1749 = EDGE_CURVE ( 'NONE', #2147, #1980, #1026, .T. ) ;
#1750 = VECTOR ( 'NONE', #2082, 1000.000000000000114 ) ;
#1751 = AXIS2_PLACEMENT_3D ( 'NONE', #1116, #998, #1308 ) ;
#1752 = DIRECTION ( 'NONE',  ( -1.000000000000000000, 0.000000000000000000, 0.000000000000000000 ) ) ;
#1753 = EDGE_LOOP ( 'NONE', ( #1405, #395 ) ) ;
#1754 = PLANE ( 'NONE',  #1448 ) ;
#1755 = DIRECTION ( 'NONE',  ( -0.000000000000000000, 0.7071067811865501263, 0.7071067811865450192 ) ) ;
#1756 = AXIS2_PLACEMENT_3D ( 'NONE', #1711, #1742, #329 ) ;
#1757 = UNCERTAINTY_MEASURE_WITH_UNIT (LENGTH_MEASURE( 1.000000000000000082E-05 ), #2244, 'distance_accuracy_value', 'NONE');
#1758 = DIRECTION ( 'NONE',  ( 0.000000000000000000, -0.000000000000000000, -1.000000000000000000 ) ) ;
#1759 = CARTESIAN_POINT ( 'NONE',  ( 12.50000000000005151, -7.599999999999999645, 1.449999999999949774 ) ) ;
#1760 = CARTESIAN_POINT ( 'NONE',  ( 12.95000000000000107, 17.60623058987490808, 1.000000000000000000 ) ) ;
#1761 = ADVANCED_FACE ( 'NONE', ( #2234 ), #1884, .F. ) ;
#1762 = ADVANCED_FACE ( 'NONE', ( #1856 ), #1846, .F. ) ;
#1763 = CARTESIAN_POINT ( 'NONE',  ( -12.95000000000000107, 7.600000000000000533, 0.9999999999999967804 ) ) ;
#1764 = ORIENTED_EDGE ( 'NONE', *, *, #1113, .F. ) ;
#1765 = CARTESIAN_POINT ( 'NONE',  ( 3.500000000000000444, 17.04999999999999716, 0.000000000000000000 ) ) ;
#1766 = ORIENTED_EDGE ( 'NONE', *, *, #1336, .F. ) ;
#1767 = CARTESIAN_POINT ( 'NONE',  ( -11.69999999999999929, -15.80000000000000071, 1.800000000000011591 ) ) ;
#1768 = ORIENTED_EDGE ( 'NONE', *, *, #1390, .F. ) ;
#1769 = CARTESIAN_POINT ( 'NONE',  ( -9.330000000000053362, 9.939999999999983515, 2.000000000000000000 ) ) ;
#1770 = CARTESIAN_POINT ( 'NONE',  ( 11.70000000000000107, -16.40000000000000924, 2.000000000000000000 ) ) ;
#1771 = CYLINDRICAL_SURFACE ( 'NONE', #278, 0.9499999999999995115 ) ;
#1772 = EDGE_LOOP ( 'NONE', ( #870, #343, #1630 ) ) ;
#1773 = CYLINDRICAL_SURFACE ( 'NONE', #196, 0.8000000000000003775 ) ;
#1774 = ORIENTED_EDGE ( 'NONE', *, *, #189, .F. ) ;
#1775 = EDGE_CURVE ( 'NONE', #1049, #78, #1509, .T. ) ;
#1776 = ORIENTED_EDGE ( 'NONE', *, *, #1443, .F. ) ;
#1777 = CARTESIAN_POINT ( 'NONE',  ( 5.500000000000001776, -16.60000000000000142, 0.000000000000000000 ) ) ;
#1778 = FACE_OUTER_BOUND ( 'NONE', #529, .T. ) ;
#1779 = ORIENTED_EDGE ( 'NONE', *, *, #981, .T. ) ;
#1780 = AXIS2_PLACEMENT_3D ( 'NONE', #96, #1504, #459 ) ;
#1781 = VECTOR ( 'NONE', #1436, 1000.000000000000000 ) ;
#1782 = AXIS2_PLACEMENT_3D ( 'NONE', #1809, #979, #930 ) ;
#1783 = CARTESIAN_POINT ( 'NONE',  ( -13.50623058987491021, -17.05000000000000071, 0.9999999999999941158 ) ) ;
#1784 = EDGE_CURVE ( 'NONE', #2197, #823, #1325, .T. ) ;
#1785 = EDGE_LOOP ( 'NONE', ( #570, #1518, #431, #13 ) ) ;
#1786 = ADVANCED_FACE ( 'NONE', ( #1145 ), #612, .F. ) ;
#1787 = VECTOR ( 'NONE', #1463, 1000.000000000000114 ) ;
#1788 = CARTESIAN_POINT ( 'NONE',  ( -4.890000000000028102, 12.47999999999996490, 2.000000000000000000 ) ) ;
#1789 = ORIENTED_EDGE ( 'NONE', *, *, #2224, .T. ) ;
#1790 = PRESENTATION_LAYER_ASSIGNMENT (  '', '', ( #2165 ) ) ;
#1791 = CIRCLE ( 'NONE', #576, 0.9499999999999995115 ) ;
#1792 = LINE ( 'NONE', #1993, #1859 ) ;
#1793 = ORIENTED_EDGE ( 'NONE', *, *, #29, .F. ) ;
#1794 = CARTESIAN_POINT ( 'NONE',  ( -11.69999999999999929, 16.60000000000000142, 2.000000000000000000 ) ) ;
#1795 = CYLINDRICAL_SURFACE ( 'NONE', #203, 0.9499999999999995115 ) ;
#1796 = ORIENTED_EDGE ( 'NONE', *, *, #1719, .T. ) ;
#1797 = DIRECTION ( 'NONE',  ( -1.000000000000000000, 0.000000000000000000, 0.000000000000000000 ) ) ;
#1798 = VERTEX_POINT ( 'NONE', #627 ) ;
#1799 = DIRECTION ( 'NONE',  ( 0.000000000000000000, -0.7071067811865501263, 0.7071067811865450192 ) ) ;
#1800 = EDGE_CURVE ( 'NONE', #1819, #1895, #2074, .T. ) ;
#1801 = ORIENTED_EDGE ( 'NONE', *, *, #1816, .F. ) ;
#1802 = LINE ( 'NONE', #566, #1228 ) ;
#1803 = EDGE_LOOP ( 'NONE', ( #611, #1147, #1546 ) ) ;
#1804 = DIRECTION ( 'NONE',  ( -1.000000000000000000, 0.000000000000000000, 0.000000000000000000 ) ) ;
#1805 = CARTESIAN_POINT ( 'NONE',  ( -9.330000000000053362, 9.939999999999983515, 0.000000000000000000 ) ) ;
#1806 = VERTEX_POINT ( 'NONE', #2062 ) ;
#1807 = DIRECTION ( 'NONE',  ( -1.000000000000000000, 0.000000000000000000, 0.000000000000000000 ) ) ;
#1808 = VERTEX_POINT ( 'NONE', #443 ) ;
#1809 = CARTESIAN_POINT ( 'NONE',  ( 11.70000000000000107, 15.80000000000000071, 2.000000000000000000 ) ) ;
#1810 = ORIENTED_EDGE ( 'NONE', *, *, #1735, .T. ) ;
#1811 = DIRECTION ( 'NONE',  ( -0.000000000000000000, -0.000000000000000000, -1.000000000000000000 ) ) ;
#1812 = ORIENTED_EDGE ( 'NONE', *, *, #1253, .T. ) ;
#1813 = DIRECTION ( 'NONE',  ( -0.000000000000000000, 1.000000000000000000, 0.000000000000000000 ) ) ;
#1814 = FACE_OUTER_BOUND ( 'NONE', #191, .T. ) ;
#1815 = ADVANCED_FACE ( 'NONE', ( #1313 ), #1166, .F. ) ;
#1816 = EDGE_CURVE ( 'NONE', #729, #376, #1351, .T. ) ;
#1817 = EDGE_LOOP ( 'NONE', ( #1053, #1517, #1958 ) ) ;
#1818 = ORIENTED_EDGE ( 'NONE', *, *, #763, .T. ) ;
#1819 = VERTEX_POINT ( 'NONE', #491 ) ;
#1820 = VECTOR ( 'NONE', #1248, 1000.000000000000000 ) ;
#1821 = CARTESIAN_POINT ( 'NONE',  ( -7.430000000000054783, 9.939999999999983515, 2.000000000000000000 ) ) ;
#1822 = ORIENTED_EDGE ( 'NONE', *, *, #29, .T. ) ;
#1823 = CONICAL_SURFACE ( 'NONE', #1782, 0.6000000000000085265, 0.7853981633974561616 ) ;
#1824 = DIRECTION ( 'NONE',  ( -0.000000000000000000, -0.000000000000000000, 1.000000000000000000 ) ) ;
#1825 = VERTEX_POINT ( 'NONE', #1191 ) ;
#1826 = VECTOR ( 'NONE', #2099, 1000.000000000000114 ) ;
#1827 = DIRECTION ( 'NONE',  ( -0.000000000000000000, 1.000000000000000000, 0.000000000000000000 ) ) ;
#1828 = DIRECTION ( 'NONE',  ( 1.000000000000000000, 0.000000000000000000, 0.000000000000000000 ) ) ;
#1829 = PLANE ( 'NONE',  #620 ) ;
#1830 = VECTOR ( 'NONE', #1695, 1000.000000000000000 ) ;
#1831 = VERTEX_POINT ( 'NONE', #2026 ) ;
#1832 = AXIS2_PLACEMENT_3D ( 'NONE', #987, #976, #806 ) ;
#1833 = EDGE_CURVE ( 'NONE', #414, #2144, #56, .T. ) ;
#1834 = EDGE_CURVE ( 'NONE', #583, #1840, #1217, .T. ) ;
#1835 = ORIENTED_EDGE ( 'NONE', *, *, #558, .F. ) ;
#1836 = VERTEX_POINT ( 'NONE', #539 ) ;
#1837 = APPLICATION_PROTOCOL_DEFINITION ( 'draft international standard', 'automotive_design', 1998, #1081 ) ;
#1838 = DIRECTION ( 'NONE',  ( 0.000000000000000000, -1.000000000000000000, -0.000000000000000000 ) ) ;
#1839 = DIRECTION ( 'NONE',  ( 1.000000000000000000, -0.000000000000000000, -0.000000000000000000 ) ) ;
#1840 = VERTEX_POINT ( 'NONE', #2289 ) ;
#1841 = FACE_BOUND ( 'NONE', #1192, .T. ) ;
#1842 = LINE ( 'NONE', #2219, #991 ) ;
#1843 = CARTESIAN_POINT ( 'NONE',  ( -5.840000000000080682, 7.399999999999964828, 2.000000000000000000 ) ) ;
#1844 = EDGE_LOOP ( 'NONE', ( #1066, #774, #2140, #2065 ) ) ;
#1845 = ORIENTED_EDGE ( 'NONE', *, *, #2037, .F. ) ;
#1846 = PLANE ( 'NONE',  #2124 ) ;
#1847 = EDGE_CURVE ( 'NONE', #1656, #931, #1791, .T. ) ;
#1848 = EDGE_LOOP ( 'NONE', ( #1655, #1650 ) ) ;
#1849 = CARTESIAN_POINT ( 'NONE',  ( -12.49999999999999822, -15.80000000000000071, 1.800000000000011591 ) ) ;
#1850 = DIRECTION ( 'NONE',  ( 0.000000000000000000, -0.7071067811865450192, -0.7071067811865501263 ) ) ;
#1851 = CARTESIAN_POINT ( 'NONE',  ( -5.840000000000080682, 7.399999999999964828, 2.000000000000000000 ) ) ;
#1852 = LINE ( 'NONE', #1468, #1941 ) ;
#1853 = CARTESIAN_POINT ( 'NONE',  ( 12.50000000000000000, 17.60623058987490808, 1.449999999999999956 ) ) ;
#1854 = ADVANCED_FACE ( 'NONE', ( #526 ), #1370, .F. ) ;
#1855 = ORIENTED_EDGE ( 'NONE', *, *, #2100, .F. ) ;
#1856 = FACE_OUTER_BOUND ( 'NONE', #1287, .T. ) ;
#1857 = ORIENTED_EDGE ( 'NONE', *, *, #741, .T. ) ;
#1858 = DIRECTION ( 'NONE',  ( 1.927470528863116583E-15, -1.000000000000000000, 0.000000000000000000 ) ) ;
#1859 = VECTOR ( 'NONE', #71, 1000.000000000000000 ) ;
#1860 = CARTESIAN_POINT ( 'NONE',  ( -12.50000000000000000, 17.60623058987490808, 1.449999999999996847 ) ) ;
#1861 = EDGE_CURVE ( 'NONE', #259, #369, #1872, .T. ) ;
#1862 = EDGE_CURVE ( 'NONE', #2048, #1180, #1227, .T. ) ;
#1863 = CARTESIAN_POINT ( 'NONE',  ( 12.50000000000003375, -4.599999999999999645, 1.449999999999999067 ) ) ;
#1864 = CIRCLE ( 'NONE', #876, 0.9499999999999995115 ) ;
#1865 = LINE ( 'NONE', #286, #1531 ) ;
#1866 = PLANE ( 'NONE',  #1136 ) ;
#1867 = VECTOR ( 'NONE', #226, 1000.000000000000000 ) ;
#1868 = ORIENTED_EDGE ( 'NONE', *, *, #2131, .T. ) ;
#1869 = VERTEX_POINT ( 'NONE', #339 ) ;
#1870 = FACE_OUTER_BOUND ( 'NONE', #1785, .T. ) ;
#1871 = COLOUR_RGB ( '',1.000000000000000000, 1.000000000000000000, 1.000000000000000000 ) ;
#1872 = CIRCLE ( 'NONE', #1277, 0.9500000000000002887 ) ;
#1873 = ORIENTED_EDGE ( 'NONE', *, *, #1443, .T. ) ;
#1874 = EDGE_CURVE ( 'NONE', #1507, #1980, #1050, .T. ) ;
#1875 = AXIS2_PLACEMENT_3D ( 'NONE', #2021, #461, #1527 ) ;
#1876 = CARTESIAN_POINT ( 'NONE',  ( -12.94999999999999929, -4.600000000000000533, 0.000000000000000000 ) ) ;
#1877 = DIRECTION ( 'NONE',  ( 0.000000000000000000, 0.000000000000000000, -1.000000000000000000 ) ) ;
#1878 = EDGE_CURVE ( 'NONE', #940, #790, #509, .T. ) ;
#1879 = DIRECTION ( 'NONE',  ( 0.000000000000000000, -0.000000000000000000, 1.000000000000000000 ) ) ;
#1880 = CARTESIAN_POINT ( 'NONE',  ( -10.92000000000000171, 15.01999999999999957, 2.000000000000000000 ) ) ;
#1881 = FACE_OUTER_BOUND ( 'NONE', #123, .T. ) ;
#1882 = CARTESIAN_POINT ( 'NONE',  ( -10.92000000000002657, 12.48000000000000043, 2.000000000000000000 ) ) ;
#1883 = ORIENTED_EDGE ( 'NONE', *, *, #2050, .F. ) ;
#1884 = CYLINDRICAL_SURFACE ( 'NONE', #1134, 0.9499999999999995115 ) ;
#1885 = EDGE_LOOP ( 'NONE', ( #1996, #1003, #1411, #1745 ) ) ;
#1886 = CARTESIAN_POINT ( 'NONE',  ( 3.499999999999999556, -17.05000000000001492, 0.9999999999999776845 ) ) ;
#1887 = FACE_OUTER_BOUND ( 'NONE', #1374, .T. ) ;
#1888 = PLANE ( 'NONE',  #1493 ) ;
#1889 = CARTESIAN_POINT ( 'NONE',  ( -9.330000000000053362, 9.939999999999983515, 2.000000000000000000 ) ) ;
#1890 = EDGE_CURVE ( 'NONE', #1990, #1300, #895, .T. ) ;
#1891 = ORIENTED_EDGE ( 'NONE', *, *, #1041, .T. ) ;
#1892 = CARTESIAN_POINT ( 'NONE',  ( -10.92000000000000171, 15.01999999999999957, 0.000000000000000000 ) ) ;
#1893 = EDGE_CURVE ( 'NONE', #1249, #182, #1243, .T. ) ;
#1894 = ADVANCED_FACE ( 'NONE', ( #364 ), #1916, .T. ) ;
#1895 = VERTEX_POINT ( 'NONE', #498 ) ;
#1896 = CARTESIAN_POINT ( 'NONE',  ( -11.69999999999999929, -15.80000000000000071, 2.000000000000000000 ) ) ;
#1897 = CIRCLE ( 'NONE', #311, 0.9499999999999995115 ) ;
#1898 = DIRECTION ( 'NONE',  ( 0.000000000000000000, 0.000000000000000000, -1.000000000000000000 ) ) ;
#1899 = CARTESIAN_POINT ( 'NONE',  ( 11.70000000000000107, -15.80000000000000071, 2.000000000000000000 ) ) ;
#1900 = LINE ( 'NONE', #2105, #1460 ) ;
#1901 = VECTOR ( 'NONE', #1824, 1000.000000000000000 ) ;
#1902 = ORIENTED_EDGE ( 'NONE', *, *, #340, .F. ) ;
#1903 = VECTOR ( 'NONE', #1185, 1000.000000000000000 ) ;
#1904 = DIRECTION ( 'NONE',  ( -0.7071067811865480168, 0.000000000000000000, -0.7071067811865470176 ) ) ;
#1905 = CIRCLE ( 'NONE', #988, 0.8000000000000003775 ) ;
#1906 = EDGE_CURVE ( 'NONE', #1555, #955, #288, .T. ) ;
#1907 = CIRCLE ( 'NONE', #387, 0.6000000000000067502 ) ;
#1908 = DIRECTION ( 'NONE',  ( 0.000000000000000000, 0.000000000000000000, -1.000000000000000000 ) ) ;
#1909 = AXIS2_PLACEMENT_3D ( 'NONE', #185, #1755, #1947 ) ;
#1910 = CIRCLE ( 'NONE', #1317, 0.9499999999999995115 ) ;
#1911 = CARTESIAN_POINT ( 'NONE',  ( -10.92000000000007987, 7.400000000000000355, 0.000000000000000000 ) ) ;
#1912 = CARTESIAN_POINT ( 'NONE',  ( 0.000000000000000000, 0.000000000000000000, 0.000000000000000000 ) ) ;
#1913 = CARTESIAN_POINT ( 'NONE',  ( -5.500000000000000000, 16.60000000000000497, 0.5500000000000077049 ) ) ;
#1914 = FACE_OUTER_BOUND ( 'NONE', #1772, .T. ) ;
#1915 = ORIENTED_EDGE ( 'NONE', *, *, #1233, .T. ) ;
#1916 = PLANE ( 'NONE',  #2023 ) ;
#1917 = LINE ( 'NONE', #675, #1974 ) ;
#1918 = EDGE_CURVE ( 'NONE', #729, #1388, #916, .T. ) ;
#1919 = CARTESIAN_POINT ( 'NONE',  ( -5.840000000000000746, 15.01999999999996582, 0.000000000000000000 ) ) ;
#1920 = EDGE_LOOP ( 'NONE', ( #961, #217 ) ) ;
#1921 = ADVANCED_FACE ( 'NONE', ( #2087 ), #1539, .T. ) ;
#1922 = LINE ( 'NONE', #919, #1306 ) ;
#1923 = CARTESIAN_POINT ( 'NONE',  ( -13.50623058987491021, 17.05000000000000071, 0.9999999999999941158 ) ) ;
#1924 = DIRECTION ( 'NONE',  ( 0.7071067811865536790, 0.000000000000000000, -0.7071067811865414665 ) ) ;
#1925 = EDGE_LOOP ( 'NONE', ( #256, #547, #710, #844 ) ) ;
#1926 = DIRECTION ( 'NONE',  ( 0.000000000000000000, 0.000000000000000000, -1.000000000000000000 ) ) ;
#1927 = ADVANCED_FACE ( 'NONE', ( #674 ), #693, .F. ) ;
#1928 = CARTESIAN_POINT ( 'NONE',  ( -11.69999999999999929, -16.60000000000000142, 1.800000000000011591 ) ) ;
#1929 = CARTESIAN_POINT ( 'NONE',  ( -9.970000000000000639, 15.01999999999999957, 2.000000000000000000 ) ) ;
#1930 = ORIENTED_EDGE ( 'NONE', *, *, #180, .F. ) ;
#1931 = DIRECTION ( 'NONE',  ( -1.000000000000000000, 0.000000000000000000, 0.000000000000000000 ) ) ;
#1932 = CARTESIAN_POINT ( 'NONE',  ( -3.499999999999999556, -16.60000000000000142, 0.5500000000000034861 ) ) ;
#1933 = FILL_AREA_STYLE_COLOUR ( '', #356 ) ;
#1934 = ORIENTED_EDGE ( 'NONE', *, *, #1644, .T. ) ;
#1935 = CIRCLE ( 'NONE', #1350, 0.9499999999999995115 ) ;
#1936 = DIRECTION ( 'NONE',  ( -1.000000000000000000, 0.000000000000000000, 0.000000000000000000 ) ) ;
#1937 = DIRECTION ( 'NONE',  ( 0.000000000000000000, 0.000000000000000000, -1.000000000000000000 ) ) ;
#1938 = CIRCLE ( 'NONE', #2121, 0.9499999999999995115 ) ;
#1939 = AXIS2_PLACEMENT_3D ( 'NONE', #1036, #659, #1186 ) ;
#1940 = VECTOR ( 'NONE', #153, 1000.000000000000000 ) ;
#1941 = VECTOR ( 'NONE', #269, 1000.000000000000000 ) ;
#1942 = DIRECTION ( 'NONE',  ( 0.000000000000000000, -0.7071067811865410224, -0.7071067811865540120 ) ) ;
#1943 = EDGE_LOOP ( 'NONE', ( #1256, #358, #830, #40 ) ) ;
#1944 = VECTOR ( 'NONE', #1069, 1000.000000000000114 ) ;
#1945 = FACE_OUTER_BOUND ( 'NONE', #100, .T. ) ;
#1946 = ORIENTED_EDGE ( 'NONE', *, *, #741, .F. ) ;
#1947 = DIRECTION ( 'NONE',  ( 0.000000000000000000, -0.7071067811865450192, 0.7071067811865501263 ) ) ;
#1948 =( NAMED_UNIT ( * ) SI_UNIT ( $, .STERADIAN. ) SOLID_ANGLE_UNIT ( ) );
#1949 = ADVANCED_FACE ( 'NONE', ( #682 ), #1375, .T. ) ;
#1950 = UNCERTAINTY_MEASURE_WITH_UNIT (LENGTH_MEASURE( 1.000000000000000082E-05 ), #496, 'distance_accuracy_value', 'NONE');
#1951 = PLANE ( 'NONE',  #2236 ) ;
#1952 = LINE ( 'NONE', #738, #2249 ) ;
#1953 = CARTESIAN_POINT ( 'NONE',  ( -10.92000000000007987, 7.400000000000000355, 2.000000000000000000 ) ) ;
#1954 = LINE ( 'NONE', #366, #52 ) ;
#1955 = VERTEX_POINT ( 'NONE', #2098 ) ;
#1956 = DIRECTION ( 'NONE',  ( -1.000000000000000000, 0.000000000000000000, 0.000000000000000000 ) ) ;
#1957 = ORIENTED_EDGE ( 'NONE', *, *, #1749, .F. ) ;
#1958 = ORIENTED_EDGE ( 'NONE', *, *, #1211, .T. ) ;
#1959 = DIRECTION ( 'NONE',  ( -0.000000000000000000, -0.000000000000000000, 1.000000000000000000 ) ) ;
#1960 = DIRECTION ( 'NONE',  ( -0.000000000000000000, -0.000000000000000000, 1.000000000000000000 ) ) ;
#1961 = EDGE_LOOP ( 'NONE', ( #969, #1476, #2155, #2003 ) ) ;
#1962 = EDGE_CURVE ( 'NONE', #392, #1473, #1039, .T. ) ;
#1963 = ADVANCED_FACE ( 'NONE', ( #1995 ), #1600, .T. ) ;
#1964 = FACE_OUTER_BOUND ( 'NONE', #425, .T. ) ;
#1965 = ORIENTED_EDGE ( 'NONE', *, *, #245, .F. ) ;
#1966 = CARTESIAN_POINT ( 'NONE',  ( -9.970000000000080576, 7.400000000000000355, 0.000000000000000000 ) ) ;
#1967 = CARTESIAN_POINT ( 'NONE',  ( 3.500000000000000444, -17.04999999999999716, 0.000000000000000000 ) ) ;
#1968 = CARTESIAN_POINT ( 'NONE',  ( -8.380000000000000782, 15.01999999999998359, 2.000000000000000000 ) ) ;
#1969 = PLANE ( 'NONE',  #662 ) ;
#1970 = ORIENTED_EDGE ( 'NONE', *, *, #1013, .T. ) ;
#1971 = EDGE_CURVE ( 'NONE', #652, #2011, #1640, .T. ) ;
#1972 = DIRECTION ( 'NONE',  ( 0.000000000000000000, 0.000000000000000000, -1.000000000000000000 ) ) ;
#1973 = ORIENTED_EDGE ( 'NONE', *, *, #1416, .T. ) ;
#1974 = VECTOR ( 'NONE', #144, 1000.000000000000114 ) ;
#1975 = CARTESIAN_POINT ( 'NONE',  ( -9.970000000000055707, 9.940000000000001279, 2.000000000000000000 ) ) ;
#1976 = ORIENTED_EDGE ( 'NONE', *, *, #2259, .F. ) ;
#1977 = AXIS2_PLACEMENT_3D ( 'NONE', #2286, #535, #1741 ) ;
#1978 = AXIS2_PLACEMENT_3D ( 'NONE', #1529, #292, #650 ) ;
#1979 = CYLINDRICAL_SURFACE ( 'NONE', #422, 0.9499999999999995115 ) ;
#1980 = VERTEX_POINT ( 'NONE', #585 ) ;
#1981 = CARTESIAN_POINT ( 'NONE',  ( -5.500000000000001776, 17.05000000000000782, 0.9999999999999863443 ) ) ;
#1982 = DIRECTION ( 'NONE',  ( 1.000000000000000000, 0.000000000000000000, 0.000000000000000000 ) ) ;
#1983 = AXIS2_PLACEMENT_3D ( 'NONE', #318, #1545, #1396 ) ;
#1984 = VERTEX_POINT ( 'NONE', #2153 ) ;
#1985 = ORIENTED_EDGE ( 'NONE', *, *, #1390, .T. ) ;
#1986 = ADVANCED_FACE ( 'NONE', ( #1094 ), #1969, .T. ) ;
#1987 = DIRECTION ( 'NONE',  ( -1.000000000000000000, 0.000000000000000000, 0.000000000000000000 ) ) ;
#1988 = VERTEX_POINT ( 'NONE', #1770 ) ;
#1989 = CARTESIAN_POINT ( 'NONE',  ( -9.970000000000000639, 15.01999999999999957, 0.000000000000000000 ) ) ;
#1990 = VERTEX_POINT ( 'NONE', #739 ) ;
#1991 = EDGE_CURVE ( 'NONE', #1840, #17, #382, .T. ) ;
#1992 = ADVANCED_FACE ( 'NONE', ( #1083 ), #1795, .F. ) ;
#1993 = CARTESIAN_POINT ( 'NONE',  ( -4.890000000000053859, 9.939999999999963975, 2.000000000000000000 ) ) ;
#1994 = FACE_OUTER_BOUND ( 'NONE', #200, .T. ) ;
#1995 = FACE_OUTER_BOUND ( 'NONE', #1369, .T. ) ;
#1996 = ORIENTED_EDGE ( 'NONE', *, *, #340, .T. ) ;
#1997 = ORIENTED_EDGE ( 'NONE', *, *, #589, .F. ) ;
#1998 = EDGE_LOOP ( 'NONE', ( #552, #208, #2291, #785 ) ) ;
#1999 = EDGE_LOOP ( 'NONE', ( #1077, #79 ) ) ;
#2000 = CARTESIAN_POINT ( 'NONE',  ( 12.50000000000000000, -15.80000000000000071, 1.800000000000011591 ) ) ;
#2001 = ORIENTED_EDGE ( 'NONE', *, *, #1692, .F. ) ;
#2002 = FACE_OUTER_BOUND ( 'NONE', #219, .T. ) ;
#2003 = ORIENTED_EDGE ( 'NONE', *, *, #1704, .F. ) ;
#2004 = ADVANCED_FACE ( 'NONE', ( #569 ), #224, .F. ) ;
#2005 = PLANE ( 'NONE',  #2116 ) ;
#2006 = CARTESIAN_POINT ( 'NONE',  ( -12.95000000000000107, 7.600000000000000533, 0.9999999999999967804 ) ) ;
#2007 = PLANE ( 'NONE',  #579 ) ;
#2008 = VERTEX_POINT ( 'NONE', #399 ) ;
#2009 = VECTOR ( 'NONE', #1811, 1000.000000000000000 ) ;
#2010 = EDGE_LOOP ( 'NONE', ( #66, #692 ) ) ;
#2011 = VERTEX_POINT ( 'NONE', #1805 ) ;
#2012 = AXIS2_PLACEMENT_3D ( 'NONE', #1293, #1449, #1649 ) ;
#2013 = CARTESIAN_POINT ( 'NONE',  ( -5.840000000000053149, 9.939999999999963975, 2.000000000000000000 ) ) ;
#2014 = VECTOR ( 'NONE', #1687, 1000.000000000000000 ) ;
#2015 = LINE ( 'NONE', #1138, #2056 ) ;
#2016 = VERTEX_POINT ( 'NONE', #2142 ) ;
#2017 = AXIS2_PLACEMENT_3D ( 'NONE', #1489, #782, #770 ) ;
#2018 = DIRECTION ( 'NONE',  ( 1.000000000000000000, 0.000000000000000000, 0.000000000000000000 ) ) ;
#2019 = VECTOR ( 'NONE', #1161, 1000.000000000000000 ) ;
#2020 = LINE ( 'NONE', #440, #575 ) ;
#2021 = CARTESIAN_POINT ( 'NONE',  ( -10.92000000000002657, 12.48000000000000043, 2.000000000000000000 ) ) ;
#2022 = EDGE_CURVE ( 'NONE', #1609, #1895, #1244, .T. ) ;
#2023 = AXIS2_PLACEMENT_3D ( 'NONE', #856, #881, #715 ) ;
#2024 = ORIENTED_EDGE ( 'NONE', *, *, #775, .T. ) ;
#2025 = PRESENTATION_LAYER_ASSIGNMENT (  '', '', ( #664 ) ) ;
#2026 = CARTESIAN_POINT ( 'NONE',  ( -11.69999999999999929, 16.60000000000000142, 0.000000000000000000 ) ) ;
#2027 = EDGE_LOOP ( 'NONE', ( #1348, #1139, #572, #924 ) ) ;
#2028 = SHAPE_DEFINITION_REPRESENTATION ( #1663, #1342 ) ;
#2029 = CARTESIAN_POINT ( 'NONE',  ( -11.69999999999999929, -16.40000000000000924, 2.000000000000000000 ) ) ;
#2030 = DIRECTION ( 'NONE',  ( -1.000000000000000000, 0.000000000000000000, 0.000000000000000000 ) ) ;
#2031 = CARTESIAN_POINT ( 'NONE',  ( -5.500000000000000000, 16.59999999999999787, 0.5500000000000000444 ) ) ;
#2032 = FACE_OUTER_BOUND ( 'NONE', #794, .T. ) ;
#2033 = CARTESIAN_POINT ( 'NONE',  ( 12.50000000000000000, 17.60623058987490808, 1.449999999999999956 ) ) ;
#2034 = EDGE_CURVE ( 'NONE', #376, #1567, #1910, .T. ) ;
#2035 = ORIENTED_EDGE ( 'NONE', *, *, #624, .T. ) ;
#2036 = CYLINDRICAL_SURFACE ( 'NONE', #1832, 0.8000000000000003775 ) ;
#2037 = EDGE_CURVE ( 'NONE', #2112, #463, #1207, .T. ) ;
#2038 = EDGE_CURVE ( 'NONE', #804, #1216, #1622, .T. ) ;
#2039 = ORIENTED_EDGE ( 'NONE', *, *, #125, .T. ) ;
#2040 = CARTESIAN_POINT ( 'NONE',  ( -6.790000000000080860, 7.399999999999964828, 0.000000000000000000 ) ) ;
#2041 = CARTESIAN_POINT ( 'NONE',  ( -7.430000000000080540, 7.399999999999982592, 2.000000000000000000 ) ) ;
#2042 = CARTESIAN_POINT ( 'NONE',  ( -8.380000000000080718, 7.399999999999982592, 0.000000000000000000 ) ) ;
#2043 = CARTESIAN_POINT ( 'NONE',  ( -5.500000000000000000, -16.60000000000000142, 1.449999999999995515 ) ) ;
#2044 = LINE ( 'NONE', #441, #291 ) ;
#2045 = ORIENTED_EDGE ( 'NONE', *, *, #1833, .F. ) ;
#2046 = ORIENTED_EDGE ( 'NONE', *, *, #527, .F. ) ;
#2047 = CARTESIAN_POINT ( 'NONE',  ( -12.50000000000000000, -16.60000000000000142, 0.000000000000000000 ) ) ;
#2048 = VERTEX_POINT ( 'NONE', #1421 ) ;
#2049 = CARTESIAN_POINT ( 'NONE',  ( 12.50000000000000000, -15.80000000000000071, 2.000000000000000000 ) ) ;
#2050 = EDGE_CURVE ( 'NONE', #265, #1840, #1117, .T. ) ;
#2051 = ADVANCED_FACE ( 'NONE', ( #1814 ), #2007, .T. ) ;
#2052 = CARTESIAN_POINT ( 'NONE',  ( -12.50000000000000178, 7.600000000000000533, 0.5499999999999983791 ) ) ;
#2053 = VECTOR ( 'NONE', #877, 1000.000000000000000 ) ;
#2054 = CARTESIAN_POINT ( 'NONE',  ( 5.500000000000001776, -16.60000000000000142, 0.5500000000000034861 ) ) ;
#2055 = FACE_BOUND ( 'NONE', #975, .T. ) ;
#2056 = VECTOR ( 'NONE', #1839, 1000.000000000000000 ) ;
#2057 = DIRECTION ( 'NONE',  ( 0.000000000000000000, -1.000000000000000000, 0.000000000000000000 ) ) ;
#2058 = DIRECTION ( 'NONE',  ( -1.362927481496358600E-15, -0.7071067811865540120, 0.7071067811865410224 ) ) ;
#2059 = VECTOR ( 'NONE', #1109, 1000.000000000000000 ) ;
#2060 = ORIENTED_EDGE ( 'NONE', *, *, #520, .F. ) ;
#2061 = ORIENTED_EDGE ( 'NONE', *, *, #1542, .F. ) ;
#2062 = CARTESIAN_POINT ( 'NONE',  ( -9.330000000000080007, 7.399999999999982592, 0.000000000000000000 ) ) ;
#2063 = VECTOR ( 'NONE', #2230, 1000.000000000000000 ) ;
#2064 = AXIS2_PLACEMENT_3D ( 'NONE', #2196, #2223, #822 ) ;
#2065 = ORIENTED_EDGE ( 'NONE', *, *, #1962, .F. ) ;
#2066 = FACE_OUTER_BOUND ( 'NONE', #126, .T. ) ;
#2067 = DIRECTION ( 'NONE',  ( -1.000000000000000000, 0.000000000000000000, 0.000000000000000000 ) ) ;
#2068 = EDGE_CURVE ( 'NONE', #821, #1798, #1252, .T. ) ;
#2069 = CARTESIAN_POINT ( 'NONE',  ( -7.430000000000054783, 9.939999999999983515, 0.000000000000000000 ) ) ;
#2070 = ADVANCED_FACE ( 'NONE', ( #1778 ), #1456, .F. ) ;
#2071 = ADVANCED_FACE ( 'NONE', ( #1469 ), #984, .T. ) ;
#2072 = LINE ( 'NONE', #1923, #812 ) ;
#2073 = ORIENTED_EDGE ( 'NONE', *, *, #1428, .T. ) ;
#2074 = LINE ( 'NONE', #2047, #1830 ) ;
#2075 = ORIENTED_EDGE ( 'NONE', *, *, #2158, .F. ) ;
#2076 = DIRECTION ( 'NONE',  ( -1.000000000000000000, 0.000000000000000000, 0.000000000000000000 ) ) ;
#2077 = LINE ( 'NONE', #494, #1748 ) ;
#2078 = DIRECTION ( 'NONE',  ( 0.7071067811865480168, 0.000000000000000000, 0.7071067811865470176 ) ) ;
#2079 =( NAMED_UNIT ( * ) SI_UNIT ( $, .STERADIAN. ) SOLID_ANGLE_UNIT ( ) );
#2080 = EDGE_LOOP ( 'NONE', ( #1292, #1258 ) ) ;
#2081 = DIRECTION ( 'NONE',  ( 0.000000000000000000, -1.000000000000000000, 0.000000000000000000 ) ) ;
#2082 = DIRECTION ( 'NONE',  ( 0.000000000000000000, -0.7071067811865450192, -0.7071067811865501263 ) ) ;
#2083 = DIRECTION ( 'NONE',  ( -0.000000000000000000, -0.000000000000000000, 1.000000000000000000 ) ) ;
#2084 =( LENGTH_UNIT ( ) NAMED_UNIT ( * ) SI_UNIT ( .MILLI., .METRE. ) );
#2085 = ORIENTED_EDGE ( 'NONE', *, *, #1607, .T. ) ;
#2086 = AXIS2_PLACEMENT_3D ( 'NONE', #1372, #120, #827 ) ;
#2087 = FACE_OUTER_BOUND ( 'NONE', #1164, .T. ) ;
#2088 = CIRCLE ( 'NONE', #2017, 0.6000000000000067502 ) ;
#2089 = EDGE_CURVE ( 'NONE', #259, #45, #2220, .T. ) ;
#2090 = LINE ( 'NONE', #1548, #503 ) ;
#2091 = CIRCLE ( 'NONE', #2064, 0.8000000000000003775 ) ;
#2092 = AXIS2_PLACEMENT_3D ( 'NONE', #59, #198, #2170 ) ;
#2093 = DIRECTION ( 'NONE',  ( -0.000000000000000000, -0.000000000000000000, 1.000000000000000000 ) ) ;
#2094 = ORIENTED_EDGE ( 'NONE', *, *, #628, .T. ) ;
#2095 = FACE_OUTER_BOUND ( 'NONE', #28, .T. ) ;
#2096 =( NAMED_UNIT ( * ) PLANE_ANGLE_UNIT ( ) SI_UNIT ( $, .RADIAN. ) );
#2097 = VERTEX_POINT ( 'NONE', #122 ) ;
#2098 = CARTESIAN_POINT ( 'NONE',  ( -11.87000000000005429, 9.940000000000001279, 0.000000000000000000 ) ) ;
#2099 = DIRECTION ( 'NONE',  ( 1.362927481496330792E-15, -0.7071067811865450192, 0.7071067811865501263 ) ) ;
#2100 = EDGE_CURVE ( 'NONE', #463, #2112, #1685, .T. ) ;
#2101 = DIRECTION ( 'NONE',  ( -1.000000000000000000, 0.000000000000000000, 0.000000000000000000 ) ) ;
#2102 = ORIENTED_EDGE ( 'NONE', *, *, #981, .F. ) ;
#2103 = DIRECTION ( 'NONE',  ( -1.000000000000000000, 0.000000000000000000, 0.000000000000000000 ) ) ;
#2104 = DIRECTION ( 'NONE',  ( 1.000000000000000000, 0.000000000000000000, 0.000000000000000000 ) ) ;
#2105 = CARTESIAN_POINT ( 'NONE',  ( 12.94999999999997975, -4.599999999999999645, 0.9999999999999785727 ) ) ;
#2106 = ORIENTED_EDGE ( 'NONE', *, *, #449, .T. ) ;
#2107 = CARTESIAN_POINT ( 'NONE',  ( 12.50000000000003375, -4.599999999999999645, 0.5500000000000009326 ) ) ;
#2108 = CARTESIAN_POINT ( 'NONE',  ( -5.840000000000000746, 15.01999999999996582, 2.000000000000000000 ) ) ;
#2109 = ADVANCED_FACE ( 'NONE', ( #2231 ), #1309, .F. ) ;
#2110 = EDGE_CURVE ( 'NONE', #751, #986, #438, .T. ) ;
#2111 = DIRECTION ( 'NONE',  ( -0.000000000000000000, -0.000000000000000000, 1.000000000000000000 ) ) ;
#2112 = VERTEX_POINT ( 'NONE', #1678 ) ;
#2113 = DIRECTION ( 'NONE',  ( -1.000000000000000000, 0.000000000000000000, 0.000000000000000000 ) ) ;
#2114 = EDGE_LOOP ( 'NONE', ( #2233, #977, #1120, #762 ) ) ;
#2115 = CARTESIAN_POINT ( 'NONE',  ( 12.50000000000000000, 17.60623058987490808, 0.5500000000000000444 ) ) ;
#2116 = AXIS2_PLACEMENT_3D ( 'NONE', #1284, #1608, #30 ) ;
#2117 = ORIENTED_EDGE ( 'NONE', *, *, #1878, .F. ) ;
#2118 = AXIS2_PLACEMENT_3D ( 'NONE', #734, #1404, #2113 ) ;
#2119 = CARTESIAN_POINT ( 'NONE',  ( -6.790000000000000924, 15.01999999999996582, 2.000000000000000000 ) ) ;
#2120 = DIRECTION ( 'NONE',  ( -1.000000000000000000, 0.000000000000000000, 0.000000000000000000 ) ) ;
#2121 = AXIS2_PLACEMENT_3D ( 'NONE', #1171, #1877, #2067 ) ;
#2122 = AXIS2_PLACEMENT_3D ( 'NONE', #518, #1908, #1804 ) ;
#2123 = VECTOR ( 'NONE', #1373, 1000.000000000000000 ) ;
#2124 = AXIS2_PLACEMENT_3D ( 'NONE', #113, #310, #1486 ) ;
#2125 = LINE ( 'NONE', #685, #948 ) ;
#2126 = ORIENTED_EDGE ( 'NONE', *, *, #1834, .T. ) ;
#2127 = AXIS2_PLACEMENT_3D ( 'NONE', #1843, #421, #299 ) ;
#2128 = DIRECTION ( 'NONE',  ( 0.000000000000000000, 0.000000000000000000, -1.000000000000000000 ) ) ;
#2129 = ORIENTED_EDGE ( 'NONE', *, *, #843, .F. ) ;
#2130 = VECTOR ( 'NONE', #44, 1000.000000000000000 ) ;
#2131 = EDGE_CURVE ( 'NONE', #986, #751, #854, .T. ) ;
#2132 = ADVANCED_FACE ( 'NONE', ( #829 ), #1866, .T. ) ;
#2133 = ORIENTED_EDGE ( 'NONE', *, *, #1775, .T. ) ;
#2134 = LINE ( 'NONE', #912, #166 ) ;
#2135 = CARTESIAN_POINT ( 'NONE',  ( -12.95000000000000107, 17.60623058987490808, 0.9999999999999967804 ) ) ;
#2136 = VERTEX_POINT ( 'NONE', #1666 ) ;
#2137 = DIRECTION ( 'NONE',  ( 0.000000000000000000, 0.7071067811865540120, -0.7071067811865410224 ) ) ;
#2138 = ORIENTED_EDGE ( 'NONE', *, *, #1624, .F. ) ;
#2139 = DIRECTION ( 'NONE',  ( -0.000000000000000000, -0.000000000000000000, -1.000000000000000000 ) ) ;
#2140 = ORIENTED_EDGE ( 'NONE', *, *, #254, .F. ) ;
#2141 = DIRECTION ( 'NONE',  ( 0.000000000000000000, -0.000000000000000000, 1.000000000000000000 ) ) ;
#2142 = CARTESIAN_POINT ( 'NONE',  ( -12.30000000000000959, -15.80000000000000071, 2.000000000000000000 ) ) ;
#2143 = EDGE_CURVE ( 'NONE', #1231, #1488, #2044, .T. ) ;
#2144 = VERTEX_POINT ( 'NONE', #270 ) ;
#2145 = ORIENTED_EDGE ( 'NONE', *, *, #843, .T. ) ;
#2146 = DIRECTION ( 'NONE',  ( -0.000000000000000000, -0.000000000000000000, -1.000000000000000000 ) ) ;
#2147 = VERTEX_POINT ( 'NONE', #1142 ) ;
#2148 = DIRECTION ( 'NONE',  ( -1.000000000000000000, 0.000000000000000000, 0.000000000000000000 ) ) ;
#2149 = EDGE_LOOP ( 'NONE', ( #1272, #2046, #1946, #949 ) ) ;
#2150 = DIRECTION ( 'NONE',  ( 0.000000000000000000, 0.000000000000000000, -1.000000000000000000 ) ) ;
#2151 = EDGE_LOOP ( 'NONE', ( #1080, #1435 ) ) ;
#2152 = DIRECTION ( 'NONE',  ( 0.000000000000000000, -1.000000000000000000, 0.000000000000000000 ) ) ;
#2153 = CARTESIAN_POINT ( 'NONE',  ( -6.790000000000080860, 7.399999999999964828, 2.000000000000000000 ) ) ;
#2154 = ORIENTED_EDGE ( 'NONE', *, *, #750, .F. ) ;
#2155 = ORIENTED_EDGE ( 'NONE', *, *, #1040, .F. ) ;
#2156 = AXIS2_PLACEMENT_3D ( 'NONE', #106, #644, #1344 ) ;
#2157 = EDGE_CURVE ( 'NONE', #821, #392, #262, .T. ) ;
#2158 = EDGE_CURVE ( 'NONE', #861, #2168, #1387, .T. ) ;
#2159 = VECTOR ( 'NONE', #2093, 1000.000000000000000 ) ;
#2160 = DIRECTION ( 'NONE',  ( -0.000000000000000000, -0.000000000000000000, -1.000000000000000000 ) ) ;
#2161 = VERTEX_POINT ( 'NONE', #1702 ) ;
#2162 = CIRCLE ( 'NONE', #725, 0.8000000000000003775 ) ;
#2163 = DIRECTION ( 'NONE',  ( 1.362927481496358600E-15, -0.7071067811865540120, -0.7071067811865410224 ) ) ;
#2164 = ORIENTED_EDGE ( 'NONE', *, *, #697, .F. ) ;
#2165 = STYLED_ITEM ( 'NONE', ( #515 ), #1596 ) ;
#2166 = AXIS2_PLACEMENT_3D ( 'NONE', #862, #331, #2257 ) ;
#2167 = LINE ( 'NONE', #962, #1672 ) ;
#2168 = VERTEX_POINT ( 'NONE', #1130 ) ;
#2169 = FACE_OUTER_BOUND ( 'NONE', #1432, .T. ) ;
#2170 = DIRECTION ( 'NONE',  ( -1.000000000000000000, 0.000000000000000000, 0.000000000000000000 ) ) ;
#2171 = AXIS2_PLACEMENT_3D ( 'NONE', #818, #1506, #1215 ) ;
#2172 = ORIENTED_EDGE ( 'NONE', *, *, #1890, .T. ) ;
#2173 = ORIENTED_EDGE ( 'NONE', *, *, #763, .F. ) ;
#2174 = VERTEX_POINT ( 'NONE', #974 ) ;
#2175 = PRODUCT_CONTEXT ( 'NONE', #884, 'mechanical' ) ;
#2176 = CARTESIAN_POINT ( 'NONE',  ( 3.500000000000000444, -16.60000000000000142, 0.5500000000000022649 ) ) ;
#2177 = EDGE_CURVE ( 'NONE', #1733, #1363, #393, .T. ) ;
#2178 = ORIENTED_EDGE ( 'NONE', *, *, #38, .T. ) ;
#2179 = ADVANCED_FACE ( 'NONE', ( #2245, #661, #1495 ), #1829, .F. ) ;
#2180 = DIRECTION ( 'NONE',  ( 0.000000000000000000, -1.000000000000000000, 0.000000000000000000 ) ) ;
#2181 = ORIENTED_EDGE ( 'NONE', *, *, #1013, .F. ) ;
#2182 = DIRECTION ( 'NONE',  ( -1.000000000000000000, 0.000000000000000000, 0.000000000000000000 ) ) ;
#2183 = CARTESIAN_POINT ( 'NONE',  ( -9.330000000000024940, 12.47999999999998266, 2.000000000000000000 ) ) ;
#2184 = DIRECTION ( 'NONE',  ( -1.000000000000000000, 0.000000000000000000, 0.000000000000000000 ) ) ;
#2185 = ORIENTED_EDGE ( 'NONE', *, *, #415, .T. ) ;
#2186 = ORIENTED_EDGE ( 'NONE', *, *, #1554, .T. ) ;
#2187 = VERTEX_POINT ( 'NONE', #2207 ) ;
#2188 = DIRECTION ( 'NONE',  ( 1.000000000000000000, 0.000000000000000000, 0.000000000000000000 ) ) ;
#2189 = VERTEX_POINT ( 'NONE', #999 ) ;
#2190 = DIRECTION ( 'NONE',  ( 0.000000000000000000, 0.000000000000000000, 1.000000000000000000 ) ) ;
#2191 = ORIENTED_EDGE ( 'NONE', *, *, #1623, .T. ) ;
#2192 = DIRECTION ( 'NONE',  ( 0.7071067811865483499, -1.362927481496436894E-15, -0.7071067811865467956 ) ) ;
#2193 = CARTESIAN_POINT ( 'NONE',  ( 5.500000000000001776, -17.05000000000000071, 0.9999999999999931166 ) ) ;
#2194 = DIRECTION ( 'NONE',  ( -0.7071067811865482389, 0.000000000000000000, -0.7071067811865469066 ) ) ;
#2195 = ORIENTED_EDGE ( 'NONE', *, *, #171, .T. ) ;
#2196 = CARTESIAN_POINT ( 'NONE',  ( 11.70000000000000107, 15.80000000000000071, 0.000000000000000000 ) ) ;
#2197 = VERTEX_POINT ( 'NONE', #1653 ) ;
#2198 = ORIENTED_EDGE ( 'NONE', *, *, #1200, .F. ) ;
#2199 = LINE ( 'NONE', #1255, #1867 ) ;
#2200 = VECTOR ( 'NONE', #1523, 1000.000000000000000 ) ;
#2201 = EDGE_CURVE ( 'NONE', #428, #2187, #788, .T. ) ;
#2202 = DIRECTION ( 'NONE',  ( 0.000000000000000000, 0.7071067811865540120, 0.7071067811865410224 ) ) ;
#2203 = VECTOR ( 'NONE', #811, 1000.000000000000227 ) ;
#2204 = DIRECTION ( 'NONE',  ( -0.000000000000000000, -0.000000000000000000, -1.000000000000000000 ) ) ;
#2205 = CIRCLE ( 'NONE', #1751, 0.9499999999999995115 ) ;
#2206 = CARTESIAN_POINT ( 'NONE',  ( 11.70000000000000107, 16.60000000000000142, 1.800000000000011591 ) ) ;
#2207 = CARTESIAN_POINT ( 'NONE',  ( 12.49999999999996980, 4.599999999999999645, 1.450000000000031486 ) ) ;
#2208 = AXIS2_PLACEMENT_3D ( 'NONE', #1587, #947, #33 ) ;
#2209 = EDGE_CURVE ( 'NONE', #2008, #1473, #1483, .T. ) ;
#2210 = EDGE_CURVE ( 'NONE', #2016, #968, #1422, .T. ) ;
#2211 = ORIENTED_EDGE ( 'NONE', *, *, #285, .T. ) ;
#2212 = VECTOR ( 'NONE', #1322, 1000.000000000000114 ) ;
#2213 = DIRECTION ( 'NONE',  ( 0.000000000000000000, 1.000000000000000000, 0.000000000000000000 ) ) ;
#2214 = ORIENTED_EDGE ( 'NONE', *, *, #1800, .T. ) ;
#2215 = DIRECTION ( 'NONE',  ( 0.000000000000000000, 0.000000000000000000, -1.000000000000000000 ) ) ;
#2216 = DIRECTION ( 'NONE',  ( -0.000000000000000000, -0.000000000000000000, 1.000000000000000000 ) ) ;
#2217 = EDGE_CURVE ( 'NONE', #861, #790, #1368, .T. ) ;
#2218 = CARTESIAN_POINT ( 'NONE',  ( 12.95000000000000107, 4.599999999999999645, 0.000000000000000000 ) ) ;
#2219 = CARTESIAN_POINT ( 'NONE',  ( -12.50000000000000000, 4.599999999999999645, 0.000000000000000000 ) ) ;
#2220 = LINE ( 'NONE', #109, #695 ) ;
#2221 = ORIENTED_EDGE ( 'NONE', *, *, #1262, .F. ) ;
#2222 = ORIENTED_EDGE ( 'NONE', *, *, #1510, .T. ) ;
#2223 = DIRECTION ( 'NONE',  ( -0.000000000000000000, 0.000000000000000000, -1.000000000000000000 ) ) ;
#2224 = EDGE_CURVE ( 'NONE', #2144, #414, #480, .T. ) ;
#2225 = ORIENTED_EDGE ( 'NONE', *, *, #148, .T. ) ;
#2226 = CARTESIAN_POINT ( 'NONE',  ( 12.50000000000000000, -7.599999999999998757, 0.5500000000000000444 ) ) ;
#2227 = DIRECTION ( 'NONE',  ( -1.000000000000000000, 0.000000000000000000, 0.000000000000000000 ) ) ;
#2228 = PLANE ( 'NONE',  #1445 ) ;
#2229 = DIRECTION ( 'NONE',  ( 1.000000000000000000, 0.000000000000000000, 0.000000000000000000 ) ) ;
#2230 = DIRECTION ( 'NONE',  ( -0.000000000000000000, -0.000000000000000000, -1.000000000000000000 ) ) ;
#2231 = FACE_OUTER_BOUND ( 'NONE', #1707, .T. ) ;
#2232 = ORIENTED_EDGE ( 'NONE', *, *, #921, .F. ) ;
#2233 = ORIENTED_EDGE ( 'NONE', *, *, #1, .F. ) ;
#2234 = FACE_OUTER_BOUND ( 'NONE', #1208, .T. ) ;
#2235 = ORIENTED_EDGE ( 'NONE', *, *, #2224, .F. ) ;
#2236 = AXIS2_PLACEMENT_3D ( 'NONE', #1967, #362, #1070 ) ;
#2237 = CARTESIAN_POINT ( 'NONE',  ( -9.330000000000080007, 7.399999999999982592, 2.000000000000000000 ) ) ;
#2238 = EDGE_CURVE ( 'NONE', #338, #600, #1019, .T. ) ;
#2239 = EDGE_CURVE ( 'NONE', #955, #1555, #1173, .T. ) ;
#2240 = CARTESIAN_POINT ( 'NONE',  ( -13.50623058987491021, -17.05000000000000071, 0.9999999999999941158 ) ) ;
#2241 = CIRCLE ( 'NONE', #48, 0.8000000000000003775 ) ;
#2242 = DIRECTION ( 'NONE',  ( -1.000000000000000000, 0.000000000000000000, 0.000000000000000000 ) ) ;
#2243 = AXIS2_PLACEMENT_3D ( 'NONE', #305, #2252, #668 ) ;
#2244 =( LENGTH_UNIT ( ) NAMED_UNIT ( * ) SI_UNIT ( .MILLI., .METRE. ) );
#2245 = FACE_BOUND ( 'NONE', #410, .T. ) ;
#2246 = AXIS2_PLACEMENT_3D ( 'NONE', #872, #500, #863 ) ;
#2247 = ORIENTED_EDGE ( 'NONE', *, *, #485, .T. ) ;
#2248 = CARTESIAN_POINT ( 'NONE',  ( -9.970000000000080576, 7.400000000000000355, 2.000000000000000000 ) ) ;
#2249 = VECTOR ( 'NONE', #925, 1000.000000000000000 ) ;
#2250 = EDGE_LOOP ( 'NONE', ( #37, #1883, #1457, #1353 ) ) ;
#2251 = AXIS2_PLACEMENT_3D ( 'NONE', #1058, #1029, #1723 ) ;
#2252 = DIRECTION ( 'NONE',  ( 0.000000000000000000, 0.000000000000000000, -1.000000000000000000 ) ) ;
#2253 = CARTESIAN_POINT ( 'NONE',  ( 3.499999999999999556, 17.05000000000001492, 0.9999999999999776845 ) ) ;
#2254 = SURFACE_STYLE_USAGE ( .BOTH. , #1346 ) ;
#2255 = DIRECTION ( 'NONE',  ( -0.7071067811865470176, 0.000000000000000000, 0.7071067811865480168 ) ) ;
#2256 = VERTEX_POINT ( 'NONE', #890 ) ;
#2257 = DIRECTION ( 'NONE',  ( 0.000000000000000000, 0.7071067811865540120, 0.7071067811865410224 ) ) ;
#2258 = CARTESIAN_POINT ( 'NONE',  ( -3.499999999999999556, 17.05000000000000071, 0.9999999999999941158 ) ) ;
#2259 = EDGE_CURVE ( 'NONE', #250, #880, #1278, .T. ) ;
#2260 = ADVANCED_FACE ( 'NONE', ( #1575 ), #141, .T. ) ;
#2261 = FACE_BOUND ( 'NONE', #21, .T. ) ;
#2262 = CARTESIAN_POINT ( 'NONE',  ( -5.840000000000027391, 12.47999999999996490, 2.000000000000000000 ) ) ;
#2263 = DIRECTION ( 'NONE',  ( -1.000000000000000000, 0.000000000000000000, 0.000000000000000000 ) ) ;
#2264 = ORIENTED_EDGE ( 'NONE', *, *, #64, .F. ) ;
#2265 = CARTESIAN_POINT ( 'NONE',  ( 12.50000000000003375, -4.599999999999999645, 0.000000000000000000 ) ) ;
#2266 = DIRECTION ( 'NONE',  ( 0.000000000000000000, 0.000000000000000000, -1.000000000000000000 ) ) ;
#2267 = EDGE_CURVE ( 'NONE', #182, #1300, #1048, .T. ) ;
#2268 = CARTESIAN_POINT ( 'NONE',  ( -7.430000000000000604, 15.01999999999998359, 2.000000000000000000 ) ) ;
#2269 = ORIENTED_EDGE ( 'NONE', *, *, #819, .T. ) ;
#2270 = LINE ( 'NONE', #1385, #1713 ) ;
#2271 = FACE_OUTER_BOUND ( 'NONE', #1925, .T. ) ;
#2272 = VECTOR ( 'NONE', #618, 1000.000000000000000 ) ;
#2273 = ORIENTED_EDGE ( 'NONE', *, *, #589, .T. ) ;
#2274 = VECTOR ( 'NONE', #434, 1000.000000000000000 ) ;
#2275 = DIRECTION ( 'NONE',  ( 0.000000000000000000, 0.000000000000000000, -1.000000000000000000 ) ) ;
#2276 = EDGE_CURVE ( 'NONE', #1000, #1249, #1900, .T. ) ;
#2277 = ADVANCED_FACE ( 'NONE', ( #2271 ), #159, .F. ) ;
#2278 = AXIS2_PLACEMENT_3D ( 'NONE', #1122, #1659, #1807 ) ;
#2279 = AXIS2_PLACEMENT_3D ( 'NONE', #608, #1285, #58 ) ;
#2280 = CARTESIAN_POINT ( 'NONE',  ( -5.840000000000027391, 12.47999999999996490, 0.000000000000000000 ) ) ;
#2281 = VECTOR ( 'NONE', #1904, 1000.000000000000000 ) ;
#2282 = VECTOR ( 'NONE', #727, 1000.000000000000000 ) ;
#2283 = CARTESIAN_POINT ( 'NONE',  ( -10.92000000000000171, 15.01999999999999957, 2.000000000000000000 ) ) ;
#2284 = ORIENTED_EDGE ( 'NONE', *, *, #1784, .F. ) ;
#2285 = CARTESIAN_POINT ( 'NONE',  ( -6.790000000000053326, 9.939999999999963975, 2.000000000000000000 ) ) ;
#2286 = CARTESIAN_POINT ( 'NONE',  ( -5.840000000000053149, 9.939999999999963975, 0.000000000000000000 ) ) ;
#2287 = DIRECTION ( 'NONE',  ( -0.7071067811865482389, 1.362927481496436697E-15, -0.7071067811865469066 ) ) ;
#2288 = EDGE_LOOP ( 'NONE', ( #482, #1592 ) ) ;
#2289 = CARTESIAN_POINT ( 'NONE',  ( -12.95000000000000107, -7.599999999999999645, 0.9999999999999967804 ) ) ;
#2290 = DIRECTION ( 'NONE',  ( 1.000000000000000000, 1.927470528863123289E-15, 0.000000000000000000 ) ) ;
#2291 = ORIENTED_EDGE ( 'NONE', *, *, #1623, .F. ) ;
#2292 = CARTESIAN_POINT ( 'NONE',  ( 12.50000000000000000, -15.80000000000000071, 0.000000000000000000 ) ) ;
#2293 = DIRECTION ( 'NONE',  ( 0.000000000000000000, 0.000000000000000000, -1.000000000000000000 ) ) ;
#2294 = PRODUCT_DEFINITION_CONTEXT ( 'detailed design', #1081, 'design' ) ;
#2295 = ADVANCED_FACE ( 'NONE', ( #1914 ), #337, .F. ) ;
#2296 = CARTESIAN_POINT ( 'NONE',  ( -11.69999999999999929, -16.60000000000000142, 2.000000000000000000 ) ) ;
#2297 = DIRECTION ( 'NONE',  ( 0.000000000000000000, 0.000000000000000000, -1.000000000000000000 ) ) ;
#2298 = DIRECTION ( 'NONE',  ( -0.7071067811865483499, -0.000000000000000000, 0.7071067811865467956 ) ) ;
ENDSEC;
END-ISO-10303-21;
